user_id,plan,start_date,monthly_revenue,status
1,Starter,2024-12-18,29,Active
2,Starter,2024-05-24,29,Active
4,Starter,2024-02-14,29,Active
5,Starter,2024-09-27,29,Cancelled
8,Starter,2024-04-02,29,Active
9,Starter,2024-05-03,29,Active
10,Growth,2024-03-06,99,Active
14,Growth,2024-11-21,99,Active
19,Starter,2024-11-19,29,Active
23,Growth,2024-06-12,99,Active
24,Enterprise,2024-07-04,499,Active
25,Growth,2024-12-19,99,Cancelled
30,Starter,2024-11-19,29,Active
32,Growth,2024-01-21,99,Active
33,Starter,2024-06-13,29,Active
36,Enterprise,2024-12-03,499,Active
38,Enterprise,2024-10-25,499,Active
39,Starter,2024-07-07,29,Active
40,Starter,2024-06-18,29,Active
44,Growth,2024-08-30,99,Cancelled
47,Starter,2024-05-03,29,Active
50,Starter,2024-07-13,29,Active
53,Starter,2024-08-21,29,Active
55,Growth,2024-12-22,99,Active
56,Starter,2024-03-10,29,Active
66,Starter,2024-05-20,29,Active
67,Growth,2024-02-10,99,Active
68,Enterprise,2024-09-23,499,Active
70,Starter,2024-04-12,29,Active
74,Enterprise,2024-10-04,499,Active
75,Starter,2024-12-29,29,Active
76,Starter,2024-03-29,29,Active
77,Growth,2024-01-20,99,Active
81,Growth,2024-10-30,99,Active
85,Growth,2024-04-30,99,Active
88,Enterprise,2024-01-25,499,Active
90,Enterprise,2024-11-06,499,Active
91,Starter,2024-10-26,29,Active
92,Growth,2024-11-01,99,Active
93,Growth,2024-06-20,99,Active
94,Growth,2024-07-17,99,Active
96,Growth,2024-12-07,99,Active
98,Starter,2024-04-26,29,Active
101,Starter,2024-04-27,29,Cancelled
108,Growth,2024-06-18,99,Active
120,Starter,2024-11-18,29,Active
124,Starter,2025-01-03,29,Active
125,Starter,2024-04-08,29,Active
126,Starter,2024-12-08,29,Active
127,Growth,2024-11-01,99,Active
131,Growth,2024-09-13,99,Active
132,Starter,2024-10-20,29,Active
134,Enterprise,2024-08-24,499,Active
137,Growth,2024-08-23,99,Cancelled
140,Growth,2025-01-17,99,Active
141,Growth,2024-08-06,99,Active
143,Enterprise,2024-08-04,499,Active
144,Growth,2024-11-06,99,Active
145,Growth,2024-06-18,99,Active
147,Growth,2024-09-11,99,Active
148,Starter,2024-02-12,29,Active
149,Enterprise,2024-04-07,499,Active
152,Starter,2024-03-19,29,Active
155,Enterprise,2024-05-27,499,Active
158,Growth,2024-04-20,99,Active
162,Starter,2024-04-09,29,Active
165,Growth,2024-05-28,99,Active
166,Growth,2025-01-03,99,Active
167,Starter,2024-02-10,29,Cancelled
171,Enterprise,2024-04-19,499,Active
172,Growth,2024-11-21,99,Active
173,Starter,2024-09-03,29,Active
174,Enterprise,2024-03-13,499,Active
176,Growth,2024-06-30,99,Active
177,Starter,2024-04-14,29,Active
178,Growth,2024-06-29,99,Active
180,Growth,2024-03-09,99,Active
183,Starter,2024-08-10,29,Active
184,Starter,2024-08-02,29,Active
187,Starter,2024-04-28,29,Active
188,Starter,2024-12-27,29,Active
189,Enterprise,2024-06-01,499,Active
195,Growth,2024-11-09,99,Active
196,Growth,2024-07-10,99,Active
200,Growth,2024-02-23,99,Active
201,Growth,2024-11-29,99,Active
205,Starter,2024-05-08,29,Active
206,Starter,2024-04-19,29,Active
211,Starter,2024-11-21,29,Active
212,Enterprise,2024-05-17,499,Active
216,Starter,2024-06-13,29,Cancelled
219,Growth,2024-05-10,99,Cancelled
222,Starter,2024-04-25,29,Active
224,Growth,2024-06-30,99,Active
226,Growth,2024-11-04,99,Active
232,Starter,2024-03-18,29,Active
234,Starter,2024-05-27,29,Active
235,Growth,2024-11-06,99,Active
237,Starter,2024-10-11,29,Active
241,Growth,2024-02-12,99,Active
243,Growth,2024-06-02,99,Active
246,Growth,2024-10-19,99,Active
248,Starter,2024-08-03,29,Active
250,Starter,2024-09-27,29,Active
251,Growth,2024-06-25,99,Active
253,Growth,2024-03-22,99,Active
254,Growth,2024-02-24,99,Active
262,Starter,2024-06-06,29,Active
263,Starter,2024-06-04,29,Active
264,Starter,2024-04-10,29,Active
267,Starter,2024-09-12,29,Active
273,Starter,2024-06-11,29,Cancelled
278,Growth,2024-12-15,99,Active
283,Starter,2024-04-03,29,Active
285,Enterprise,2024-02-18,499,Active
286,Enterprise,2024-12-24,499,Active
287,Starter,2024-07-26,29,Active
295,Starter,2024-09-16,29,Active
296,Starter,2024-04-07,29,Active
299,Starter,2024-08-03,29,Active
303,Enterprise,2024-04-15,499,Active
304,Starter,2024-02-26,29,Active
308,Starter,2024-07-11,29,Active
320,Starter,2024-02-19,29,Active
323,Starter,2024-10-07,29,Active
331,Starter,2024-08-15,29,Active
333,Growth,2024-11-03,99,Active
335,Starter,2024-06-24,29,Cancelled
338,Growth,2024-07-12,99,Active
340,Starter,2024-12-08,29,Active
342,Starter,2024-07-06,29,Active
344,Starter,2024-03-03,29,Active
347,Starter,2024-04-05,29,Active
348,Growth,2024-12-17,99,Active
350,Starter,2024-05-12,29,Active
351,Growth,2024-03-15,99,Active
354,Starter,2024-01-12,29,Active
363,Growth,2024-02-09,99,Active
367,Growth,2024-05-17,99,Active
368,Starter,2024-10-05,29,Active
369,Starter,2024-07-22,29,Active
375,Starter,2024-06-22,29,Active
376,Enterprise,2024-09-09,499,Active
383,Starter,2024-12-02,29,Active
385,Starter,2025-01-26,29,Active
386,Growth,2024-02-14,99,Active
389,Starter,2024-12-31,29,Active
394,Enterprise,2024-03-29,499,Active
402,Growth,2024-01-29,99,Active
404,Growth,2024-04-28,99,Cancelled
405,Starter,2024-08-24,29,Active
409,Growth,2024-08-22,99,Active
410,Starter,2024-09-24,29,Active
411,Starter,2024-04-28,29,Active
412,Starter,2024-02-01,29,Active
414,Growth,2024-02-20,99,Active
415,Starter,2024-04-10,29,Active
416,Growth,2024-08-23,99,Cancelled
419,Growth,2024-06-22,99,Active
420,Starter,2024-04-06,29,Active
423,Starter,2024-01-16,29,Cancelled
427,Starter,2024-09-18,29,Active
430,Starter,2024-08-18,29,Active
433,Starter,2024-10-29,29,Active
441,Growth,2024-02-25,99,Cancelled
442,Enterprise,2024-02-06,499,Active
445,Starter,2024-06-22,29,Cancelled
453,Growth,2024-08-19,99,Active
455,Starter,2024-12-01,29,Active
457,Growth,2024-02-05,99,Active
458,Starter,2024-02-04,29,Active
459,Enterprise,2024-07-23,499,Cancelled
460,Growth,2024-11-16,99,Active
465,Starter,2024-10-24,29,Active
466,Starter,2024-12-31,29,Active
469,Growth,2024-02-24,99,Active
471,Growth,2024-04-08,99,Active
472,Enterprise,2024-05-22,499,Active
475,Enterprise,2024-03-15,499,Active
480,Starter,2024-03-12,29,Active
481,Growth,2024-03-13,99,Active
483,Growth,2024-04-21,99,Cancelled
486,Growth,2024-06-01,99,Active
490,Starter,2024-02-19,29,Active
491,Starter,2024-05-31,29,Active
492,Growth,2024-12-07,99,Active
494,Starter,2024-09-23,29,Cancelled
499,Enterprise,2024-07-20,499,Active
501,Starter,2024-05-18,29,Active
507,Starter,2024-05-14,29,Active
508,Starter,2024-05-31,29,Active
516,Starter,2024-08-01,29,Active
518,Starter,2024-11-18,29,Active
519,Starter,2024-02-02,29,Active
520,Starter,2024-09-08,29,Active
522,Growth,2024-06-24,99,Active
523,Starter,2024-06-23,29,Active
527,Starter,2024-01-26,29,Active
528,Growth,2024-11-14,99,Active
530,Growth,2024-08-10,99,Active
532,Starter,2024-05-02,29,Active
534,Growth,2024-09-21,99,Active
545,Growth,2024-06-07,99,Active
546,Growth,2024-07-18,99,Active
547,Enterprise,2024-05-10,499,Active
548,Growth,2024-11-06,99,Active
557,Growth,2024-01-30,99,Active
561,Starter,2024-10-11,29,Active
565,Starter,2024-11-08,29,Active
566,Starter,2024-08-18,29,Active
568,Enterprise,2024-09-15,499,Cancelled
570,Starter,2024-07-12,29,Active
571,Enterprise,2024-01-17,499,Active
574,Starter,2025-01-16,29,Active
576,Growth,2024-09-12,99,Active
579,Starter,2024-02-20,29,Active
581,Starter,2024-09-27,29,Active
582,Growth,2024-04-15,99,Active
583,Growth,2024-03-13,99,Active
584,Growth,2024-03-13,99,Active
589,Starter,2024-07-06,29,Active
594,Enterprise,2024-03-14,499,Active
599,Growth,2024-06-18,99,Active
604,Growth,2024-11-01,99,Active
607,Growth,2024-05-07,99,Active
608,Starter,2024-04-29,29,Active
611,Starter,2024-07-05,29,Active
613,Growth,2024-07-30,99,Active
614,Starter,2024-05-25,29,Active
615,Enterprise,2024-09-11,499,Active
616,Growth,2024-11-10,99,Cancelled
617,Growth,2024-05-24,99,Active
624,Starter,2024-09-17,29,Active
625,Starter,2024-08-06,29,Active
630,Growth,2024-01-31,99,Cancelled
633,Enterprise,2024-07-03,499,Active
634,Enterprise,2024-09-28,499,Active
637,Enterprise,2024-04-20,499,Active
647,Growth,2024-10-03,99,Active
648,Growth,2024-03-11,99,Active
651,Starter,2024-09-16,29,Active
652,Starter,2024-06-25,29,Active
654,Enterprise,2024-09-08,499,Active
655,Growth,2024-02-25,99,Active
656,Growth,2024-11-12,99,Active
657,Enterprise,2024-05-22,499,Active
660,Starter,2024-12-18,29,Active
661,Starter,2024-01-20,29,Active
662,Starter,2024-03-04,29,Active
664,Growth,2024-06-23,99,Cancelled
667,Growth,2024-07-15,99,Active
668,Starter,2024-08-14,29,Active
669,Growth,2024-08-25,99,Active
673,Starter,2024-05-30,29,Active
675,Starter,2024-01-10,29,Active
678,Starter,2024-03-21,29,Active
682,Starter,2024-10-31,29,Active
683,Starter,2024-04-22,29,Active
684,Growth,2024-10-09,99,Active
688,Starter,2024-03-21,29,Active
691,Starter,2024-03-19,29,Active
692,Starter,2024-09-11,29,Active
693,Starter,2024-06-28,29,Active
694,Starter,2024-11-07,29,Active
696,Growth,2024-04-22,99,Active
699,Growth,2025-01-11,99,Cancelled
700,Starter,2025-01-07,29,Cancelled
701,Starter,2024-05-29,29,Cancelled
705,Starter,2024-12-30,29,Active
707,Growth,2024-04-18,99,Active
709,Starter,2024-05-26,29,Active
711,Starter,2024-09-15,29,Active
715,Starter,2024-09-13,29,Active
720,Starter,2024-07-13,29,Cancelled
721,Growth,2024-05-10,99,Cancelled
722,Starter,2024-12-21,29,Active
725,Growth,2024-11-17,99,Active
726,Starter,2024-04-30,29,Active
731,Starter,2024-12-10,29,Active
734,Starter,2024-07-30,29,Active
735,Starter,2024-08-06,29,Active
739,Starter,2024-09-11,29,Active
740,Growth,2024-10-21,99,Active
741,Starter,2024-12-24,29,Active
742,Starter,2024-09-19,29,Active
745,Starter,2024-11-14,29,Active
746,Starter,2024-11-14,29,Active
751,Growth,2024-08-31,99,Active
753,Starter,2024-12-17,29,Active
754,Starter,2024-04-30,29,Active
755,Growth,2024-07-28,99,Active
761,Starter,2024-05-17,29,Active
764,Starter,2024-08-11,29,Active
768,Growth,2024-05-08,99,Cancelled
774,Growth,2024-05-11,99,Active
775,Enterprise,2024-04-13,499,Active
776,Starter,2024-06-05,29,Cancelled
781,Growth,2024-01-11,99,Active
784,Starter,2024-03-18,29,Active
786,Enterprise,2024-12-23,499,Active
788,Enterprise,2024-07-08,499,Active
792,Starter,2024-07-01,29,Active
794,Growth,2024-06-15,99,Cancelled
796,Enterprise,2024-08-01,499,Active
799,Enterprise,2024-07-19,499,Active
800,Starter,2024-08-13,29,Active
805,Starter,2024-12-10,29,Active
806,Starter,2024-06-05,29,Active
809,Growth,2024-05-12,99,Active
811,Starter,2024-07-05,29,Active
812,Growth,2024-12-31,99,Active
814,Starter,2024-04-21,29,Active
817,Starter,2024-11-24,29,Active
818,Growth,2024-07-30,99,Active
819,Growth,2024-04-09,99,Active
820,Starter,2024-10-30,29,Active
821,Starter,2024-01-19,29,Active
822,Starter,2024-05-15,29,Active
825,Growth,2024-08-22,99,Active
826,Starter,2024-10-28,29,Active
829,Starter,2024-06-26,29,Cancelled
830,Starter,2024-01-12,29,Active
831,Starter,2024-06-13,29,Active
832,Enterprise,2024-11-16,499,Cancelled
833,Starter,2024-10-30,29,Active
834,Starter,2024-01-31,29,Active
836,Enterprise,2024-06-21,499,Active
840,Starter,2024-09-14,29,Active
846,Starter,2024-11-16,29,Cancelled
848,Enterprise,2024-10-06,499,Active
850,Growth,2024-03-01,99,Active
851,Starter,2025-01-03,29,Active
852,Starter,2024-04-06,29,Active
857,Starter,2024-03-18,29,Cancelled
858,Starter,2024-03-14,29,Active
859,Starter,2024-12-22,29,Active
860,Growth,2024-02-21,99,Active
862,Starter,2024-06-29,29,Active
870,Starter,2024-04-09,29,Active
871,Enterprise,2024-05-31,499,Cancelled
873,Starter,2024-07-22,29,Active
876,Starter,2024-02-20,29,Active
878,Enterprise,2024-05-31,499,Cancelled
880,Starter,2024-07-18,29,Active
884,Starter,2024-10-20,29,Active
885,Starter,2024-02-29,29,Active
887,Starter,2024-11-21,29,Active
892,Growth,2024-03-24,99,Active
896,Enterprise,2024-08-05,499,Active
897,Growth,2024-04-02,99,Active
902,Enterprise,2024-12-16,499,Active
908,Starter,2024-11-21,29,Active
911,Starter,2024-04-12,29,Active
912,Enterprise,2024-07-05,499,Active
914,Starter,2024-11-13,29,Active
919,Starter,2024-04-08,29,Active
920,Enterprise,2024-03-11,499,Active
922,Growth,2024-04-26,99,Active
931,Enterprise,2024-10-22,499,Active
933,Starter,2024-08-14,29,Active
934,Starter,2024-11-04,29,Active
936,Starter,2024-03-13,29,Active
937,Starter,2024-04-18,29,Active
940,Growth,2024-10-01,99,Active
942,Starter,2024-03-26,29,Cancelled
943,Growth,2024-11-15,99,Active
944,Growth,2024-03-17,99,Active
947,Growth,2024-02-19,99,Active
948,Enterprise,2024-11-20,499,Cancelled
949,Growth,2024-02-17,99,Active
952,Growth,2024-06-25,99,Active
956,Enterprise,2024-08-23,499,Active
958,Growth,2024-06-30,99,Active
961,Starter,2024-07-28,29,Active
963,Starter,2024-12-26,29,Active
966,Starter,2024-05-24,29,Active
967,Growth,2024-02-14,99,Active
968,Growth,2024-05-14,99,Active
970,Growth,2024-09-15,99,Active
977,Starter,2025-01-04,29,Active
983,Starter,2024-08-31,29,Active
984,Growth,2024-11-15,99,Active
985,Starter,2025-01-14,29,Active
986,Starter,2024-12-19,29,Active
988,Growth,2024-09-09,99,Active
994,Growth,2024-03-01,99,Cancelled
999,Starter,2024-03-08,29,Active
1000,Starter,2024-07-08,29,Active
1001,Starter,2024-04-26,29,Active
1006,Enterprise,2024-04-16,499,Active
1008,Growth,2024-07-03,99,Active
1009,Starter,2024-11-14,29,Active
1012,Starter,2024-07-14,29,Cancelled
1014,Enterprise,2024-04-06,499,Cancelled
1016,Growth,2024-08-02,99,Active
1019,Starter,2024-08-17,29,Active
1022,Starter,2025-01-04,29,Active
1023,Growth,2025-01-14,99,Cancelled
1032,Starter,2024-06-07,29,Active
1035,Growth,2024-08-17,99,Active
1037,Growth,2024-07-06,99,Cancelled
1041,Starter,2024-08-19,29,Active
1042,Starter,2024-04-04,29,Active
1045,Starter,2024-01-26,29,Active
1046,Growth,2024-03-04,99,Active
1047,Starter,2024-06-08,29,Active
1052,Enterprise,2024-04-07,499,Active
1053,Enterprise,2024-02-06,499,Active
1054,Growth,2024-09-26,99,Active
1055,Starter,2024-03-04,29,Active
1056,Starter,2024-06-07,29,Active
1058,Starter,2024-02-22,29,Active
1059,Enterprise,2024-08-30,499,Active
1061,Starter,2024-03-18,29,Active
1062,Starter,2024-10-17,29,Active
1064,Enterprise,2024-05-11,499,Active
1069,Starter,2024-10-25,29,Active
1077,Starter,2024-11-04,29,Active
1079,Starter,2024-03-23,29,Active
1080,Starter,2024-11-28,29,Active
1083,Growth,2024-09-13,99,Active
1085,Growth,2024-06-19,99,Active
1086,Growth,2024-05-05,99,Active
1090,Starter,2024-09-13,29,Active
1093,Starter,2024-04-12,29,Active
1094,Growth,2024-06-15,99,Active
1097,Growth,2024-03-21,99,Active
1099,Growth,2025-01-16,99,Active
1104,Growth,2024-11-10,99,Cancelled
1105,Starter,2024-06-09,29,Active
1107,Starter,2024-07-31,29,Active
1108,Starter,2024-05-21,29,Active
1110,Growth,2024-02-04,99,Active
1114,Growth,2024-10-07,99,Active
1116,Growth,2024-07-11,99,Active
1117,Starter,2024-06-28,29,Cancelled
1119,Starter,2024-03-09,29,Active
1122,Enterprise,2024-06-21,499,Active
1125,Growth,2024-03-08,99,Active
1126,Growth,2024-10-13,99,Active
1127,Enterprise,2024-12-27,499,Active
1128,Starter,2024-03-21,29,Active
1130,Growth,2024-01-21,99,Active
1132,Starter,2024-11-10,29,Active
1134,Starter,2024-08-01,29,Active
1138,Starter,2024-11-29,29,Cancelled
1140,Starter,2024-09-16,29,Active
1142,Enterprise,2024-06-18,499,Active
1143,Starter,2024-10-28,29,Active
1145,Growth,2024-11-04,99,Active
1147,Starter,2024-04-07,29,Active
1148,Growth,2024-05-21,99,Active
1150,Growth,2024-02-21,99,Active
1152,Starter,2024-07-16,29,Active
1158,Starter,2024-05-19,29,Active
1159,Starter,2024-03-20,29,Active
1161,Starter,2024-10-15,29,Active
1162,Growth,2024-02-28,99,Active
1163,Growth,2024-10-15,99,Active
1168,Growth,2024-09-12,99,Cancelled
1169,Starter,2024-11-12,29,Active
1171,Starter,2024-01-24,29,Active
1179,Starter,2024-02-17,29,Active
1182,Starter,2024-12-27,29,Cancelled
1183,Starter,2024-09-26,29,Active
1186,Starter,2024-09-24,29,Active
1188,Starter,2024-04-09,29,Active
1190,Growth,2024-03-26,99,Active
1192,Starter,2024-01-26,29,Active
1195,Starter,2024-05-26,29,Active
1198,Growth,2024-09-14,99,Active
1199,Growth,2024-11-27,99,Cancelled
1211,Growth,2024-08-10,99,Active
1212,Growth,2024-03-07,99,Active
1217,Growth,2024-08-14,99,Active
1222,Starter,2024-11-01,29,Active
1223,Growth,2024-11-09,99,Cancelled
1225,Growth,2025-01-01,99,Active
1226,Starter,2024-08-10,29,Active
1228,Starter,2024-03-16,29,Active
1229,Starter,2024-08-19,29,Active
1230,Starter,2024-07-27,29,Active
1235,Starter,2024-11-19,29,Active
1240,Growth,2025-01-20,99,Active
1242,Starter,2024-07-23,29,Cancelled
1245,Starter,2024-03-03,29,Cancelled
1250,Starter,2024-09-16,29,Active
1251,Growth,2024-12-01,99,Active
1257,Enterprise,2024-06-05,499,Active
1258,Growth,2024-09-20,99,Active
1260,Starter,2024-12-04,29,Active
1261,Growth,2024-03-28,99,Cancelled
1262,Growth,2024-11-30,99,Active
1263,Growth,2024-02-19,99,Active
1265,Starter,2024-04-14,29,Active
1268,Starter,2024-08-10,29,Active
1276,Enterprise,2024-11-04,499,Active
1278,Growth,2024-08-15,99,Active
1281,Starter,2024-09-11,29,Active
1283,Starter,2024-02-07,29,Active
1286,Starter,2024-05-25,29,Active
1289,Growth,2024-07-10,99,Active
1293,Starter,2024-02-22,29,Active
1294,Growth,2024-06-17,99,Active
1295,Starter,2024-12-04,29,Active
1298,Growth,2024-03-12,99,Active
1299,Growth,2024-05-17,99,Active
1302,Growth,2024-03-02,99,Active
1305,Starter,2024-10-02,29,Active
1307,Starter,2024-06-01,29,Cancelled
1308,Starter,2024-04-30,29,Active
1310,Starter,2024-06-28,29,Active
1311,Starter,2024-03-13,29,Active
1314,Growth,2024-10-17,99,Active
1316,Growth,2024-06-22,99,Active
1318,Starter,2024-08-27,29,Active
1319,Starter,2024-07-19,29,Active
1321,Starter,2025-01-09,29,Active
1323,Starter,2024-04-15,29,Active
1324,Starter,2024-12-08,29,Active
1325,Starter,2024-09-18,29,Active
1327,Starter,2024-06-22,29,Active
1328,Starter,2024-01-14,29,Active
1329,Starter,2024-09-26,29,Active
1330,Starter,2024-10-12,29,Active
1336,Growth,2024-05-01,99,Active
1337,Enterprise,2024-10-22,499,Active
1338,Starter,2024-06-24,29,Active
1341,Enterprise,2024-12-29,499,Active
1344,Starter,2024-01-12,29,Active
1345,Starter,2025-01-17,29,Cancelled
1346,Starter,2024-06-03,29,Active
1349,Starter,2024-09-23,29,Active
1351,Growth,2024-04-13,99,Active
1354,Enterprise,2024-12-30,499,Active
1356,Enterprise,2024-06-19,499,Cancelled
1360,Growth,2024-01-19,99,Active
1363,Growth,2024-10-30,99,Active
1364,Starter,2024-08-26,29,Active
1365,Starter,2024-12-09,29,Active
1367,Starter,2024-04-25,29,Active
1369,Growth,2024-05-26,99,Active
1371,Growth,2024-12-11,99,Cancelled
1378,Starter,2024-12-15,29,Active
1379,Enterprise,2024-08-20,499,Active
1383,Starter,2024-10-08,29,Active
1386,Starter,2024-06-27,29,Active
1388,Growth,2024-07-08,99,Active
1389,Growth,2024-01-06,99,Active
1393,Growth,2024-10-31,99,Active
1398,Growth,2024-02-17,99,Active
1403,Enterprise,2024-05-23,499,Active
1407,Starter,2024-09-01,29,Active
1409,Starter,2024-03-25,29,Active
1410,Growth,2024-11-15,99,Cancelled
1411,Starter,2024-02-28,29,Active
1414,Starter,2024-10-24,29,Active
1417,Starter,2024-08-04,29,Active
1422,Starter,2024-03-23,29,Active
1423,Starter,2024-04-05,29,Active
1424,Growth,2024-06-15,99,Active
1426,Starter,2024-10-21,29,Active
1429,Starter,2024-04-18,29,Active
1431,Starter,2024-12-18,29,Cancelled
1433,Enterprise,2024-10-17,499,Active
1440,Growth,2024-06-02,99,Active
1442,Starter,2024-03-28,29,Active
1444,Starter,2024-11-26,29,Active
1445,Enterprise,2024-04-11,499,Active
1450,Enterprise,2024-12-29,499,Active
1451,Starter,2024-02-28,29,Active
1454,Starter,2024-08-13,29,Active
1457,Starter,2024-10-26,29,Active
1461,Starter,2024-10-04,29,Active
1462,Starter,2024-05-02,29,Active
1463,Starter,2024-06-01,29,Active
1465,Enterprise,2024-11-17,499,Active
1469,Starter,2024-12-24,29,Active
1473,Starter,2024-02-20,29,Active
1482,Growth,2024-03-31,99,Active
1483,Starter,2024-12-02,29,Active
1487,Starter,2024-04-16,29,Active
1488,Growth,2024-08-31,99,Active
1489,Growth,2024-06-04,99,Active
1491,Starter,2024-01-22,29,Active
1492,Growth,2024-10-12,99,Active
1493,Growth,2024-05-29,99,Active
1495,Growth,2024-11-11,99,Active
1496,Enterprise,2024-06-09,499,Cancelled
1497,Starter,2024-02-02,29,Active
1506,Starter,2024-06-17,29,Active
1509,Enterprise,2024-10-24,499,Active
1510,Growth,2025-01-07,99,Cancelled
1514,Growth,2024-12-16,99,Cancelled
1515,Growth,2024-11-24,99,Active
1517,Growth,2024-03-21,99,Active
1518,Growth,2024-08-10,99,Active
1520,Starter,2025-01-10,29,Active
1522,Starter,2024-01-31,29,Active
1524,Starter,2024-04-13,29,Active
1531,Starter,2024-03-04,29,Active
1534,Enterprise,2024-03-30,499,Active
1539,Growth,2024-09-13,99,Active
1541,Starter,2024-10-13,29,Active
1542,Growth,2024-03-21,99,Active
1543,Starter,2024-04-21,29,Active
1544,Growth,2024-03-30,99,Active
1545,Growth,2025-01-14,99,Cancelled
1554,Starter,2024-11-16,29,Cancelled
1555,Growth,2024-11-17,99,Active
1556,Starter,2024-03-15,29,Active
1558,Growth,2024-08-16,99,Active
1559,Growth,2024-11-25,99,Active
1560,Growth,2024-07-11,99,Active
1565,Growth,2024-07-28,99,Active
1571,Starter,2024-06-10,29,Active
1572,Growth,2024-08-20,99,Active
1577,Starter,2024-09-19,29,Active
1580,Growth,2024-11-17,99,Active
1587,Enterprise,2024-08-21,499,Active
1588,Enterprise,2024-01-11,499,Active
1589,Starter,2024-03-18,29,Active
1590,Growth,2024-02-05,99,Active
1596,Starter,2024-08-30,29,Active
1597,Starter,2024-03-29,29,Cancelled
1599,Growth,2024-03-06,99,Cancelled
1601,Starter,2024-04-13,29,Active
1607,Growth,2024-11-01,99,Active
1613,Starter,2024-01-29,29,Active
1614,Starter,2024-11-09,29,Active
1616,Starter,2024-06-09,29,Active
1618,Growth,2024-12-30,99,Active
1620,Enterprise,2024-10-12,499,Active
1621,Growth,2024-05-24,99,Active
1622,Starter,2024-06-05,29,Active
1624,Growth,2024-07-15,99,Active
1627,Starter,2024-04-13,29,Active
1628,Growth,2024-08-08,99,Active
1629,Starter,2024-05-01,29,Active
1631,Starter,2024-02-15,29,Cancelled
1634,Starter,2024-09-10,29,Active
1639,Growth,2024-03-13,99,Active
1640,Growth,2024-08-30,99,Active
1641,Growth,2024-05-02,99,Active
1642,Starter,2024-06-27,29,Active
1645,Starter,2024-05-16,29,Active
1646,Enterprise,2024-03-10,499,Active
1648,Growth,2024-02-24,99,Active
1649,Starter,2024-05-04,29,Active
1653,Starter,2024-06-17,29,Active
1655,Starter,2024-04-27,29,Cancelled
1658,Starter,2024-05-09,29,Cancelled
1662,Enterprise,2024-02-19,499,Cancelled
1665,Starter,2024-10-26,29,Active
1666,Starter,2024-03-18,29,Active
1668,Starter,2024-12-27,29,Cancelled
1671,Growth,2024-08-13,99,Active
1675,Starter,2024-02-07,29,Active
1677,Starter,2024-02-18,29,Active
1679,Growth,2024-09-10,99,Active
1680,Starter,2024-05-05,29,Active
1682,Growth,2024-02-17,99,Active
1683,Enterprise,2024-01-23,499,Active
1686,Starter,2024-12-08,29,Active
1687,Growth,2024-09-01,99,Active
1689,Growth,2024-10-19,99,Cancelled
1692,Starter,2024-04-23,29,Active
1695,Enterprise,2024-02-08,499,Active
1696,Growth,2024-04-08,99,Active
1697,Starter,2024-06-08,29,Active
1700,Starter,2024-11-13,29,Active
1701,Starter,2024-12-05,29,Active
1702,Starter,2024-07-11,29,Active
1704,Starter,2024-11-29,29,Active
1705,Starter,2024-10-16,29,Active
1706,Starter,2024-12-21,29,Active
1708,Growth,2024-09-17,99,Active
1710,Growth,2024-05-18,99,Active
1712,Growth,2024-04-11,99,Active
1715,Starter,2024-05-03,29,Active
1716,Growth,2024-07-03,99,Active
1719,Growth,2024-04-02,99,Active
1720,Starter,2024-04-30,29,Active
1724,Starter,2024-09-01,29,Active
1725,Growth,2024-05-09,99,Active
1727,Growth,2024-03-11,99,Active
1730,Starter,2024-05-23,29,Active
1731,Enterprise,2024-11-11,499,Active
1732,Starter,2024-08-17,29,Active
1734,Starter,2024-09-15,29,Active
1736,Starter,2024-05-08,29,Active
1738,Enterprise,2024-04-13,499,Active
1739,Starter,2024-02-08,29,Active
1742,Starter,2024-11-27,29,Active
1748,Starter,2024-11-21,29,Active
1749,Growth,2024-12-10,99,Active
1750,Starter,2025-01-09,29,Active
1755,Starter,2024-07-30,29,Active
1757,Enterprise,2025-01-10,499,Active
1758,Starter,2024-11-29,29,Active
1760,Enterprise,2024-04-24,499,Active
1762,Growth,2024-09-29,99,Active
1764,Starter,2024-03-15,29,Active
1769,Starter,2024-10-23,29,Active
1770,Starter,2024-04-05,29,Active
1772,Starter,2024-02-02,29,Active
1773,Enterprise,2024-04-14,499,Active
1774,Enterprise,2024-06-17,499,Active
1775,Starter,2024-04-14,29,Active
1776,Starter,2024-11-12,29,Active
1778,Enterprise,2025-01-01,499,Active
1779,Starter,2024-07-26,29,Active
1786,Starter,2024-06-29,29,Active
1790,Starter,2024-12-18,29,Active
1793,Starter,2024-04-18,29,Active
1794,Growth,2024-10-16,99,Active
1795,Growth,2024-08-03,99,Active
1796,Starter,2024-07-13,29,Active
1797,Starter,2024-07-18,29,Active
1801,Enterprise,2024-02-24,499,Active
1804,Starter,2024-08-14,29,Active
1806,Starter,2024-06-20,29,Active
1808,Growth,2024-05-08,99,Active
1811,Starter,2025-01-11,29,Active
1813,Starter,2024-11-11,29,Active
1819,Starter,2024-08-20,29,Active
1820,Starter,2024-10-10,29,Active
1822,Starter,2024-10-18,29,Active
1823,Enterprise,2024-05-25,499,Active
1824,Starter,2024-07-16,29,Active
1825,Growth,2024-06-03,99,Active
1826,Starter,2024-07-22,29,Active
1827,Growth,2024-10-08,99,Active
1830,Enterprise,2024-03-10,499,Active
1831,Enterprise,2024-07-23,499,Active
1832,Growth,2024-09-12,99,Active
1833,Starter,2024-04-27,29,Active
1835,Growth,2025-01-10,99,Active
1837,Starter,2024-02-16,29,Active
1838,Starter,2024-02-17,29,Active
1840,Starter,2024-01-30,29,Active
1841,Enterprise,2024-02-25,499,Active
1846,Starter,2024-02-25,29,Cancelled
1853,Starter,2024-07-02,29,Active
1855,Starter,2024-10-24,29,Active
1856,Starter,2024-03-17,29,Active
1858,Starter,2024-06-12,29,Active
1859,Starter,2024-09-30,29,Active
1861,Starter,2024-12-23,29,Active
1865,Enterprise,2024-03-11,499,Active
1869,Growth,2024-03-12,99,Active
1870,Starter,2024-05-13,29,Active
1871,Enterprise,2024-03-04,499,Active
1873,Growth,2024-06-25,99,Active
1881,Starter,2025-01-04,29,Active
1886,Starter,2024-11-11,29,Active
1887,Starter,2024-06-22,29,Active
1889,Growth,2024-11-06,99,Active
1892,Enterprise,2024-05-26,499,Active
1894,Starter,2024-07-04,29,Active
1898,Growth,2024-07-27,99,Active
1899,Starter,2024-03-03,29,Active
1900,Starter,2024-07-08,29,Active
1902,Growth,2024-04-24,99,Active
1903,Growth,2024-10-19,99,Active
1905,Growth,2024-12-08,99,Active
1906,Growth,2024-03-13,99,Active
1908,Starter,2024-07-25,29,Active
1910,Growth,2024-06-19,99,Active
1913,Starter,2024-04-26,29,Active
1915,Starter,2024-11-06,29,Active
1916,Starter,2024-09-22,29,Active
1919,Growth,2024-06-05,99,Active
1921,Starter,2024-05-08,29,Active
1922,Starter,2024-09-23,29,Active
1923,Starter,2024-08-17,29,Active
1925,Starter,2024-12-21,29,Active
1929,Starter,2024-08-11,29,Active
1932,Enterprise,2024-05-28,499,Active
1935,Starter,2024-05-01,29,Active
1936,Starter,2024-11-11,29,Active
1937,Starter,2025-01-05,29,Active
1938,Enterprise,2024-09-17,499,Active
1942,Enterprise,2024-06-30,499,Active
1943,Enterprise,2024-10-06,499,Active
1945,Growth,2024-06-29,99,Active
1948,Growth,2024-02-04,99,Active
1950,Enterprise,2024-08-26,499,Cancelled
1951,Growth,2024-09-28,99,Active
1959,Starter,2024-06-09,29,Active
1960,Starter,2024-06-06,29,Active
1961,Growth,2024-04-15,99,Active
1963,Starter,2024-12-26,29,Active
1965,Growth,2024-02-24,99,Active
1968,Growth,2024-08-31,99,Active
1974,Enterprise,2024-02-11,499,Active
1981,Enterprise,2024-09-18,499,Active
1987,Starter,2024-03-27,29,Active
1991,Growth,2024-12-08,99,Active
1992,Enterprise,2024-04-01,499,Active
1994,Starter,2024-02-20,29,Active
1997,Starter,2024-02-13,29,Active
1998,Starter,2024-10-03,29,Active
2000,Enterprise,2024-04-29,499,Active
2001,Starter,2024-10-24,29,Active
2003,Starter,2024-05-25,29,Active
2005,Growth,2024-08-04,99,Active
2006,Starter,2024-06-26,29,Active
2012,Enterprise,2024-03-01,499,Active
2014,Starter,2024-08-19,29,Active
2015,Growth,2024-04-08,99,Active
2018,Growth,2024-03-28,99,Cancelled
2019,Starter,2024-09-29,29,Active
2021,Growth,2024-02-24,99,Active
2023,Starter,2024-02-16,29,Active
2026,Starter,2024-03-03,29,Active
2029,Starter,2024-09-05,29,Active
2031,Starter,2024-08-22,29,Active
2036,Starter,2024-07-07,29,Active
2042,Growth,2025-01-01,99,Active
2045,Enterprise,2024-04-23,499,Active
2046,Starter,2024-01-27,29,Active
2047,Starter,2024-12-09,29,Active
2051,Starter,2024-09-12,29,Active
2052,Starter,2024-11-01,29,Active
2059,Starter,2024-11-21,29,Active
2063,Starter,2024-04-30,29,Active
2064,Growth,2024-09-22,99,Active
2067,Growth,2024-09-08,99,Active
2069,Starter,2024-04-19,29,Active
2070,Growth,2024-03-06,99,Active
2071,Starter,2024-06-09,29,Cancelled
2073,Starter,2024-12-24,29,Active
2076,Growth,2024-09-21,99,Active
2087,Growth,2024-08-07,99,Active
2088,Starter,2024-07-09,29,Active
2092,Enterprise,2024-08-26,499,Active
2094,Growth,2024-04-11,99,Active
2095,Enterprise,2024-02-15,499,Active
2097,Growth,2024-12-16,99,Active
2101,Growth,2024-11-17,99,Active
2102,Enterprise,2024-12-09,499,Active
2103,Growth,2024-11-18,99,Active
2106,Enterprise,2024-10-19,499,Active
2113,Starter,2024-08-28,29,Cancelled
2116,Starter,2024-07-18,29,Active
2117,Starter,2025-01-07,29,Active
2118,Growth,2024-06-04,99,Active
2119,Starter,2024-04-23,29,Active
2121,Growth,2024-03-13,99,Active
2123,Starter,2024-12-20,29,Active
2124,Growth,2024-10-22,99,Active
2128,Growth,2024-10-07,99,Active
2130,Growth,2024-07-25,99,Active
2132,Growth,2024-02-17,99,Active
2134,Starter,2024-01-20,29,Active
2135,Enterprise,2024-08-15,499,Active
2136,Starter,2024-05-30,29,Active
2141,Growth,2024-10-05,99,Active
2142,Growth,2024-04-16,99,Active
2146,Starter,2024-11-06,29,Cancelled
2148,Growth,2024-10-17,99,Active
2150,Starter,2024-02-05,29,Active
2151,Starter,2024-04-27,29,Active
2152,Starter,2024-06-03,29,Active
2154,Starter,2024-09-14,29,Active
2156,Starter,2024-08-10,29,Active
2162,Starter,2024-06-24,29,Active
2164,Starter,2024-11-14,29,Active
2167,Growth,2024-02-06,99,Active
2169,Starter,2024-05-20,29,Active
2173,Enterprise,2024-10-21,499,Active
2174,Starter,2024-09-11,29,Active
2179,Starter,2024-06-22,29,Active
2180,Growth,2024-11-13,99,Active
2182,Enterprise,2024-05-29,499,Active
2184,Growth,2024-05-28,99,Active
2191,Starter,2024-12-30,29,Active
2198,Enterprise,2024-06-21,499,Active
2199,Starter,2024-05-13,29,Active
2200,Starter,2024-03-02,29,Active
2202,Growth,2024-12-27,99,Cancelled
2213,Starter,2024-04-30,29,Active
2215,Starter,2024-03-05,29,Active
2221,Growth,2024-02-20,99,Active
2222,Starter,2024-11-30,29,Active
2224,Enterprise,2024-03-27,499,Active
2227,Starter,2024-02-23,29,Active
2228,Enterprise,2024-03-14,499,Cancelled
2235,Starter,2024-12-13,29,Active
2238,Starter,2024-11-06,29,Active
2239,Starter,2024-06-14,29,Active
2246,Starter,2024-11-27,29,Active
2247,Starter,2024-07-13,29,Active
2249,Growth,2024-09-15,99,Active
2253,Starter,2024-07-18,29,Active
2254,Growth,2024-11-10,99,Active
2257,Growth,2024-04-15,99,Active
2260,Starter,2024-01-29,29,Cancelled
2262,Growth,2024-07-29,99,Cancelled
2263,Starter,2024-11-22,29,Active
2269,Growth,2024-11-27,99,Active
2273,Starter,2024-09-03,29,Cancelled
2278,Growth,2024-08-15,99,Active
2283,Growth,2024-08-24,99,Active
2284,Starter,2024-06-16,29,Active
2286,Starter,2024-02-22,29,Cancelled
2289,Starter,2024-10-14,29,Active
2291,Enterprise,2024-04-18,499,Active
2292,Growth,2024-05-19,99,Active
2294,Starter,2024-12-13,29,Active
2295,Starter,2024-04-09,29,Active
2296,Starter,2024-09-12,29,Active
2297,Starter,2024-09-03,29,Active
2298,Starter,2024-06-14,29,Active
2301,Starter,2024-06-26,29,Active
2305,Starter,2024-03-31,29,Active
2308,Starter,2024-04-14,29,Active
2312,Growth,2024-08-15,99,Active
2317,Starter,2024-08-17,29,Active
2320,Starter,2024-11-24,29,Active
2324,Starter,2024-09-21,29,Cancelled
2325,Growth,2024-02-28,99,Active
2326,Starter,2024-07-06,29,Active
2327,Starter,2024-08-07,29,Active
2332,Enterprise,2025-01-16,499,Active
2334,Growth,2024-03-18,99,Cancelled
2337,Starter,2024-12-04,29,Active
2339,Starter,2024-03-13,29,Active
2341,Growth,2024-12-14,99,Active
2343,Growth,2024-04-04,99,Active
2347,Starter,2024-04-09,29,Active
2348,Enterprise,2024-04-25,499,Active
2349,Starter,2024-12-09,29,Active
2351,Enterprise,2024-07-25,499,Active
2352,Starter,2024-05-21,29,Active
2353,Starter,2024-02-07,29,Active
2354,Starter,2025-01-06,29,Cancelled
2355,Growth,2024-12-24,99,Active
2356,Starter,2024-08-12,29,Cancelled
2360,Growth,2024-06-22,99,Active
2362,Growth,2024-02-26,99,Active
2364,Starter,2024-07-03,29,Active
2366,Enterprise,2024-04-11,499,Active
2368,Growth,2024-07-15,99,Active
2372,Enterprise,2024-05-29,499,Active
2373,Growth,2024-07-06,99,Active
2377,Starter,2024-09-08,29,Active
2379,Growth,2024-12-17,99,Active
2380,Starter,2024-07-08,29,Active
2381,Growth,2024-02-08,99,Cancelled
2386,Starter,2024-10-20,29,Active
2391,Starter,2024-08-07,29,Active
2394,Enterprise,2024-08-21,499,Active
2398,Growth,2024-02-15,99,Active
2399,Enterprise,2024-04-20,499,Active
2400,Enterprise,2024-01-18,499,Active
2404,Starter,2024-07-26,29,Active
2406,Starter,2024-12-10,29,Active
2414,Enterprise,2024-08-11,499,Active
2420,Growth,2024-10-02,99,Active
2423,Enterprise,2024-09-06,499,Active
2424,Growth,2024-04-22,99,Active
2425,Starter,2024-06-01,29,Active
2426,Starter,2024-03-06,29,Active
2427,Growth,2024-07-30,99,Active
2429,Growth,2025-01-08,99,Cancelled
2431,Starter,2024-03-12,29,Cancelled
2434,Starter,2024-08-20,29,Active
2435,Growth,2024-07-04,99,Active
2438,Growth,2024-04-04,99,Active
2441,Starter,2024-01-24,29,Cancelled
2442,Starter,2024-02-10,29,Active
2443,Growth,2024-11-16,99,Active
2448,Growth,2024-02-19,99,Active
2451,Starter,2024-04-12,29,Active
2454,Growth,2024-12-23,99,Active
2455,Growth,2024-03-07,99,Active
2456,Enterprise,2024-11-23,499,Cancelled
2460,Growth,2024-05-05,99,Active
2464,Starter,2025-01-09,29,Active
2465,Starter,2024-11-15,29,Active
2467,Growth,2024-05-06,99,Active
2473,Growth,2024-05-01,99,Active
2478,Growth,2024-06-18,99,Active
2479,Starter,2024-08-16,29,Active
2482,Growth,2024-06-08,99,Active
2488,Growth,2024-08-16,99,Active
2490,Growth,2024-09-24,99,Active
2494,Growth,2024-04-02,99,Active
2495,Starter,2024-05-22,29,Active
2497,Starter,2024-11-06,29,Active
2499,Starter,2024-02-29,29,Active
2500,Growth,2024-08-06,99,Active
2502,Enterprise,2024-10-12,499,Active
2504,Starter,2025-01-15,29,Active
2506,Starter,2024-05-03,29,Active
2507,Enterprise,2024-02-02,499,Active
2508,Growth,2024-06-10,99,Cancelled
2509,Starter,2024-08-29,29,Active
2510,Growth,2024-10-18,99,Active
2514,Starter,2024-05-10,29,Active
2515,Starter,2024-05-15,29,Active
2516,Starter,2024-11-26,29,Active
2518,Starter,2024-08-10,29,Active
2524,Enterprise,2024-07-31,499,Active
2527,Starter,2024-12-11,29,Active
2528,Growth,2024-06-05,99,Active
2531,Starter,2024-04-09,29,Active
2533,Growth,2025-01-16,99,Active
2540,Growth,2024-04-06,99,Cancelled
2541,Starter,2024-02-20,29,Cancelled
2542,Starter,2024-12-25,29,Active
2543,Growth,2024-04-22,99,Active
2544,Growth,2024-09-27,99,Active
2545,Starter,2024-10-08,29,Active
2547,Growth,2024-12-13,99,Active
2548,Growth,2024-03-09,99,Active
2550,Growth,2024-08-23,99,Active
2552,Starter,2025-01-17,29,Active
2553,Starter,2024-05-04,29,Active
2555,Starter,2024-12-23,29,Active
2557,Growth,2024-02-27,99,Cancelled
2560,Starter,2024-12-20,29,Active
2561,Starter,2024-06-27,29,Active
2564,Starter,2024-02-08,29,Cancelled
2566,Growth,2024-07-12,99,Active
2572,Growth,2024-07-24,99,Active
2573,Growth,2024-06-13,99,Active
2577,Enterprise,2024-07-30,499,Active
2582,Starter,2024-01-29,29,Active
2583,Growth,2024-01-12,99,Active
2588,Growth,2024-05-31,99,Active
2593,Starter,2024-04-05,29,Active
2594,Starter,2024-03-06,29,Active
2598,Starter,2024-07-13,29,Active
2600,Starter,2024-05-18,29,Active
2603,Enterprise,2024-12-13,499,Active
2609,Enterprise,2024-04-25,499,Cancelled
2612,Starter,2024-03-29,29,Active
2613,Starter,2024-11-08,29,Active
2616,Starter,2024-02-05,29,Active
2618,Growth,2025-01-15,99,Active
2619,Starter,2024-09-18,29,Cancelled
2620,Starter,2024-04-08,29,Active
2622,Starter,2024-05-10,29,Active
2623,Growth,2024-05-06,99,Active
2626,Starter,2025-01-15,29,Active
2630,Growth,2024-12-01,99,Active
2632,Growth,2024-12-17,99,Active
2636,Starter,2024-06-03,29,Active
2638,Starter,2024-12-25,29,Active
2640,Growth,2024-06-29,99,Active
2641,Growth,2024-08-03,99,Active
2645,Starter,2024-12-06,29,Active
2646,Growth,2024-04-18,99,Active
2652,Enterprise,2024-05-26,499,Active
2654,Growth,2024-10-16,99,Active
2655,Starter,2024-04-29,29,Active
2658,Growth,2024-12-02,99,Active
2662,Starter,2024-07-21,29,Active
2664,Enterprise,2024-05-14,499,Active
2665,Growth,2024-07-22,99,Active
2667,Starter,2024-04-08,29,Active
2668,Starter,2024-11-18,29,Active
2674,Starter,2024-02-24,29,Active
2675,Starter,2024-04-02,29,Active
2677,Growth,2024-08-21,99,Active
2680,Starter,2024-10-23,29,Active
2681,Starter,2024-08-14,29,Active
2684,Starter,2024-05-09,29,Active
2686,Growth,2024-08-01,99,Active
2687,Starter,2024-10-27,29,Active
2689,Starter,2024-07-20,29,Active
2690,Starter,2024-08-06,29,Active
2692,Growth,2024-01-26,99,Active
2693,Starter,2024-06-04,29,Active
2694,Starter,2024-04-02,29,Active
2695,Starter,2024-10-20,29,Active
2697,Starter,2024-02-29,29,Active
2702,Starter,2024-10-14,29,Active
2703,Growth,2024-05-07,99,Active
2704,Growth,2024-08-02,99,Active
2706,Growth,2024-09-23,99,Active
2707,Starter,2024-08-03,29,Active
2709,Starter,2024-03-11,29,Active
2711,Growth,2024-03-07,99,Active
2712,Starter,2024-06-13,29,Active
2713,Starter,2024-05-25,29,Active
2715,Starter,2024-02-14,29,Active
2717,Starter,2024-10-03,29,Active
2724,Growth,2024-03-05,99,Active
2727,Starter,2024-09-12,29,Active
2728,Starter,2024-12-10,29,Cancelled
2729,Growth,2024-05-12,99,Active
2735,Starter,2024-02-29,29,Active
2737,Enterprise,2024-12-09,499,Active
2739,Growth,2024-08-10,99,Active
2740,Starter,2024-08-29,29,Active
2741,Starter,2024-06-16,29,Active
2751,Starter,2024-02-24,29,Active
2752,Growth,2024-09-23,99,Active
2756,Growth,2024-08-04,99,Cancelled
2759,Growth,2024-03-04,99,Active
2760,Starter,2024-02-23,29,Active
2762,Starter,2024-05-02,29,Active
2767,Growth,2024-04-23,99,Active
2768,Growth,2024-12-07,99,Active
2770,Starter,2024-10-08,29,Active
2776,Starter,2024-12-27,29,Active
2777,Enterprise,2024-07-30,499,Active
2781,Starter,2024-03-23,29,Active
2789,Starter,2024-05-01,29,Active
2791,Enterprise,2024-04-03,499,Active
2793,Starter,2024-05-01,29,Active
2794,Growth,2024-07-04,99,Active
2796,Growth,2024-07-23,99,Cancelled
2797,Starter,2024-06-22,29,Active
2800,Starter,2024-11-16,29,Active
2806,Growth,2024-09-05,99,Active
2807,Growth,2024-04-15,99,Active
2809,Starter,2024-09-03,29,Active
2811,Growth,2024-07-29,99,Active
2812,Growth,2024-03-12,99,Active
2815,Growth,2024-04-19,99,Cancelled
2820,Enterprise,2024-06-13,499,Active
2823,Starter,2024-11-18,29,Active
2833,Growth,2024-08-18,99,Active
2834,Growth,2024-06-28,99,Cancelled
2837,Growth,2024-08-23,99,Active
2844,Starter,2024-03-25,29,Active
2846,Starter,2024-05-04,29,Active
2848,Growth,2024-11-09,99,Active
2852,Starter,2024-08-08,29,Active
2853,Enterprise,2024-11-27,499,Active
2854,Starter,2024-11-09,29,Active
2858,Starter,2024-08-25,29,Active
2859,Starter,2024-07-30,29,Active
2860,Starter,2024-09-16,29,Active
2863,Growth,2024-01-30,99,Active
2866,Starter,2024-01-26,29,Active
2867,Enterprise,2024-03-10,499,Active
2868,Growth,2024-05-24,99,Active
2874,Growth,2024-09-22,99,Active
2875,Starter,2025-01-27,29,Active
2880,Growth,2024-10-02,99,Active
2881,Enterprise,2025-01-21,499,Active
2882,Starter,2024-03-14,29,Active
2883,Growth,2024-08-10,99,Active
2885,Enterprise,2024-08-27,499,Active
2887,Starter,2024-03-06,29,Active
2888,Starter,2024-04-19,29,Active
2889,Starter,2024-08-24,29,Active
2892,Starter,2024-02-04,29,Active
2893,Starter,2024-02-08,29,Active
2895,Starter,2024-11-19,29,Active
2898,Enterprise,2024-03-13,499,Active
2900,Growth,2024-05-28,99,Active
2904,Growth,2024-01-23,99,Active
2905,Growth,2024-09-09,99,Cancelled
2910,Starter,2024-12-20,29,Active
2913,Starter,2024-11-15,29,Active
2917,Starter,2024-06-04,29,Active
2918,Starter,2024-01-31,29,Active
2920,Growth,2024-12-30,99,Active
2921,Starter,2024-04-02,29,Active
2922,Starter,2024-07-07,29,Active
2923,Starter,2025-01-07,29,Active
2926,Starter,2024-10-02,29,Active
2928,Starter,2024-07-02,29,Active
2930,Starter,2024-08-27,29,Active
2933,Growth,2024-10-23,99,Active
2935,Starter,2024-01-27,29,Active
2938,Starter,2024-02-22,29,Cancelled
2940,Starter,2025-01-26,29,Active
2942,Starter,2024-05-07,29,Active
2944,Starter,2024-05-30,29,Active
2951,Starter,2025-01-03,29,Active
2952,Starter,2024-09-09,29,Active
2953,Starter,2024-08-14,29,Cancelled
2956,Starter,2024-10-18,29,Active
2958,Growth,2024-03-29,99,Active
2960,Growth,2024-02-14,99,Active
2961,Starter,2024-07-03,29,Active
2964,Starter,2025-01-22,29,Active
2965,Starter,2024-09-24,29,Active
2967,Enterprise,2024-09-17,499,Cancelled
2972,Growth,2024-07-31,99,Active
2973,Growth,2024-10-13,99,Active
2979,Starter,2024-08-06,29,Active
2981,Growth,2024-02-01,99,Active
2983,Starter,2024-12-25,29,Active
2989,Enterprise,2024-06-20,499,Active
2991,Growth,2024-11-25,99,Active
2997,Starter,2024-05-16,29,Active
3002,Enterprise,2024-07-28,499,Active
3008,Starter,2024-07-23,29,Active
3010,Growth,2024-09-22,99,Active
3011,Growth,2024-09-08,99,Active
3012,Growth,2024-10-29,99,Cancelled
3013,Growth,2024-08-21,99,Active
3017,Starter,2024-06-13,29,Active
3018,Enterprise,2024-02-19,499,Active
3020,Starter,2024-12-02,29,Cancelled
3022,Enterprise,2024-11-24,499,Active
3024,Growth,2024-05-25,99,Active
3025,Starter,2024-04-08,29,Active
3029,Growth,2024-12-08,99,Active
3030,Growth,2024-03-24,99,Active
3031,Growth,2024-02-04,99,Active
3033,Growth,2024-02-02,99,Active
3034,Growth,2024-10-18,99,Active
3037,Starter,2024-10-30,29,Active
3038,Starter,2024-11-28,29,Active
3040,Growth,2024-11-18,99,Active
3043,Starter,2024-08-22,29,Active
3045,Growth,2024-06-25,99,Active
3046,Enterprise,2024-12-12,499,Active
3049,Growth,2024-10-17,99,Active
3054,Growth,2024-05-28,99,Active
3055,Enterprise,2024-03-24,499,Active
3056,Growth,2024-02-11,99,Active
3059,Starter,2024-03-12,29,Active
3062,Growth,2024-08-03,99,Active
3067,Starter,2024-02-27,29,Active
3070,Starter,2024-09-16,29,Active
3071,Growth,2024-06-17,99,Active
3072,Starter,2024-10-12,29,Active
3073,Starter,2024-01-26,29,Cancelled
3075,Starter,2024-02-05,29,Active
3076,Starter,2024-06-13,29,Cancelled
3079,Starter,2024-11-10,29,Active
3080,Enterprise,2024-10-19,499,Active
3081,Growth,2024-04-28,99,Active
3084,Growth,2024-05-22,99,Active
3085,Growth,2025-01-12,99,Active
3089,Starter,2024-11-15,29,Active
3090,Starter,2024-09-25,29,Active
3091,Starter,2024-05-10,29,Cancelled
3093,Starter,2024-06-14,29,Active
3094,Growth,2024-07-29,99,Active
3095,Growth,2024-09-09,99,Active
3096,Growth,2024-07-19,99,Active
3099,Enterprise,2024-11-16,499,Active
3100,Growth,2024-11-24,99,Active
3101,Growth,2024-07-26,99,Active
3103,Starter,2024-10-23,29,Active
3104,Growth,2024-10-23,99,Active
3106,Enterprise,2024-11-20,499,Active
3107,Starter,2024-05-26,29,Active
3108,Starter,2024-03-25,29,Active
3118,Growth,2024-08-23,99,Active
3120,Enterprise,2024-02-09,499,Active
3123,Growth,2024-05-21,99,Active
3131,Enterprise,2024-11-14,499,Active
3134,Starter,2024-10-12,29,Active
3137,Growth,2024-11-22,99,Active
3140,Growth,2024-06-05,99,Active
3143,Starter,2024-11-24,29,Active
3145,Starter,2024-07-25,29,Active
3146,Starter,2024-08-22,29,Cancelled
3149,Starter,2024-03-24,29,Active
3150,Growth,2024-07-29,99,Active
3158,Starter,2024-09-19,29,Active
3165,Enterprise,2024-06-15,499,Active
3167,Starter,2024-09-24,29,Active
3170,Starter,2024-06-22,29,Active
3172,Starter,2024-10-05,29,Active
3174,Starter,2024-08-20,29,Active
3175,Starter,2024-06-08,29,Active
3176,Growth,2024-08-23,99,Cancelled
3178,Starter,2024-12-20,29,Active
3182,Growth,2024-01-17,99,Active
3184,Starter,2024-02-21,29,Active
3185,Enterprise,2024-10-28,499,Active
3186,Starter,2024-08-15,29,Active
3187,Starter,2024-07-20,29,Active
3189,Starter,2024-10-04,29,Active
3193,Growth,2024-02-20,99,Active
3194,Enterprise,2024-01-16,499,Active
3195,Starter,2024-12-03,29,Active
3200,Starter,2024-08-24,29,Active
3202,Starter,2024-09-26,29,Active
3204,Starter,2024-09-06,29,Active
3209,Starter,2024-03-22,29,Active
3210,Starter,2024-09-30,29,Active
3212,Starter,2024-04-09,29,Cancelled
3213,Enterprise,2024-11-07,499,Active
3214,Starter,2025-01-02,29,Active
3216,Starter,2024-07-13,29,Active
3217,Enterprise,2024-10-31,499,Active
3219,Growth,2024-04-15,99,Cancelled
3220,Starter,2024-04-16,29,Active
3221,Starter,2024-01-30,29,Active
3225,Growth,2024-10-10,99,Cancelled
3226,Starter,2024-11-05,29,Active
3230,Growth,2024-03-30,99,Active
3231,Starter,2024-01-30,29,Active
3233,Starter,2024-06-28,29,Active
3234,Growth,2024-10-11,99,Active
3235,Growth,2024-11-28,99,Active
3244,Growth,2024-06-25,99,Active
3245,Enterprise,2024-11-14,499,Active
3247,Growth,2024-05-03,99,Cancelled
3248,Starter,2024-04-08,29,Active
3249,Enterprise,2024-06-28,499,Active
3252,Starter,2024-03-30,29,Active
3254,Starter,2024-06-26,29,Active
3258,Starter,2025-01-12,29,Active
3259,Growth,2024-12-20,99,Active
3260,Growth,2024-09-12,99,Active
3261,Growth,2024-12-06,99,Cancelled
3262,Enterprise,2024-08-10,499,Active
3271,Starter,2024-03-06,29,Active
3272,Growth,2025-01-22,99,Active
3273,Starter,2024-03-26,29,Cancelled
3274,Starter,2024-02-08,29,Active
3275,Growth,2024-06-29,99,Active
3277,Starter,2024-12-19,29,Active
3278,Growth,2024-11-15,99,Active
3281,Growth,2024-02-04,99,Active
3282,Enterprise,2024-08-24,499,Active
3286,Starter,2024-04-25,29,Active
3290,Starter,2024-06-25,29,Active
3296,Growth,2024-09-10,99,Active
3303,Growth,2024-09-21,99,Active
3306,Starter,2024-07-21,29,Active
3308,Starter,2024-05-04,29,Active
3309,Growth,2024-11-01,99,Active
3314,Growth,2024-09-27,99,Active
3316,Enterprise,2024-10-01,499,Active
3317,Starter,2025-01-11,29,Active
3324,Enterprise,2024-04-10,499,Active
3325,Starter,2024-02-01,29,Cancelled
3329,Starter,2024-08-05,29,Active
3339,Starter,2024-04-16,29,Active
3344,Starter,2024-09-14,29,Cancelled
3347,Growth,2025-01-16,99,Active
3350,Starter,2025-01-04,29,Active
3353,Starter,2024-08-28,29,Active
3354,Starter,2025-01-01,29,Active
3358,Growth,2024-12-20,99,Active
3364,Starter,2024-07-04,29,Active
3365,Starter,2024-12-12,29,Active
3367,Growth,2024-04-14,99,Active
3368,Growth,2024-09-06,99,Active
3369,Growth,2024-06-12,99,Active
3370,Growth,2024-05-28,99,Active
3372,Growth,2024-06-11,99,Active
3373,Growth,2024-08-02,99,Cancelled
3374,Starter,2024-01-18,29,Active
3375,Starter,2024-12-09,29,Active
3376,Growth,2024-11-30,99,Active
3379,Starter,2024-08-26,29,Cancelled
3387,Starter,2024-07-04,29,Active
3389,Starter,2024-07-10,29,Cancelled
3390,Enterprise,2024-05-31,499,Active
3391,Growth,2024-07-28,99,Active
3394,Starter,2024-08-09,29,Cancelled
3398,Growth,2024-08-23,99,Active
3400,Starter,2024-08-11,29,Active
3401,Growth,2024-09-17,99,Active
3403,Starter,2024-08-28,29,Cancelled
3404,Enterprise,2024-05-05,499,Active
3406,Growth,2024-01-24,99,Active
3408,Growth,2024-01-21,99,Active
3409,Growth,2024-10-20,99,Active
3411,Growth,2024-04-15,99,Active
3420,Growth,2024-08-28,99,Active
3426,Growth,2024-03-03,99,Active
3428,Enterprise,2024-03-22,499,Active
3431,Starter,2024-07-16,29,Active
3432,Starter,2024-09-10,29,Active
3433,Starter,2024-01-24,29,Active
3434,Starter,2024-02-06,29,Active
3436,Starter,2024-11-05,29,Active
3439,Starter,2024-05-26,29,Active
3440,Starter,2024-11-11,29,Active
3442,Enterprise,2024-07-31,499,Active
3445,Starter,2024-12-19,29,Active
3448,Growth,2024-04-23,99,Cancelled
3449,Starter,2024-03-17,29,Active
3453,Starter,2024-02-16,29,Active
3454,Enterprise,2024-10-20,499,Active
3457,Starter,2024-05-10,29,Active
3458,Starter,2024-06-07,29,Cancelled
3459,Starter,2024-02-23,29,Active
3463,Starter,2024-08-27,29,Active
3464,Starter,2024-10-30,29,Active
3469,Enterprise,2024-12-14,499,Active
3470,Enterprise,2024-10-03,499,Active
3471,Starter,2024-06-13,29,Cancelled
3472,Starter,2024-12-25,29,Cancelled
3473,Starter,2024-09-01,29,Active
3477,Growth,2024-07-08,99,Active
3478,Starter,2024-03-14,29,Active
3480,Enterprise,2024-03-06,499,Active
3481,Starter,2024-11-07,29,Active
3482,Growth,2024-08-11,99,Active
3483,Starter,2025-01-02,29,Active
3486,Starter,2024-08-03,29,Active
3491,Starter,2024-05-06,29,Active
3498,Enterprise,2024-06-01,499,Active
3503,Starter,2024-11-03,29,Active
3508,Starter,2024-09-13,29,Active
3510,Starter,2025-01-03,29,Active
3516,Growth,2024-12-17,99,Active
3518,Starter,2024-03-30,29,Active
3520,Starter,2024-02-14,29,Active
3529,Starter,2024-04-03,29,Active
3530,Starter,2024-06-20,29,Active
3533,Growth,2024-05-26,99,Cancelled
3535,Enterprise,2024-07-06,499,Active
3538,Enterprise,2024-05-01,499,Active
3539,Enterprise,2024-03-19,499,Cancelled
3543,Starter,2024-10-01,29,Active
3544,Starter,2024-03-06,29,Cancelled
3553,Starter,2024-07-20,29,Active
3555,Starter,2024-03-24,29,Active
3557,Enterprise,2024-08-09,499,Active
3559,Growth,2024-07-14,99,Active
3562,Starter,2024-02-01,29,Active
3563,Starter,2024-08-21,29,Active
3564,Growth,2024-09-08,99,Cancelled
3565,Growth,2024-09-04,99,Active
3566,Starter,2024-06-21,29,Active
3568,Starter,2024-12-08,29,Active
3569,Starter,2024-04-23,29,Active
3572,Starter,2024-06-02,29,Active
3573,Growth,2024-07-07,99,Active
3575,Starter,2024-03-23,29,Active
3577,Growth,2024-12-02,99,Active
3582,Starter,2024-09-18,29,Active
3584,Enterprise,2024-07-15,499,Active
3587,Starter,2024-10-16,29,Active
3591,Starter,2024-07-10,29,Active
3592,Starter,2024-02-21,29,Active
3593,Starter,2024-04-24,29,Active
3594,Growth,2024-01-28,99,Active
3596,Starter,2024-10-23,29,Cancelled
3598,Starter,2024-04-16,29,Active
3599,Starter,2024-11-27,29,Cancelled
3603,Starter,2024-09-17,29,Active
3604,Starter,2024-01-21,29,Active
3605,Growth,2024-12-30,99,Active
3606,Starter,2024-11-17,29,Active
3607,Starter,2024-03-21,29,Active
3609,Starter,2024-08-14,29,Active
3610,Growth,2024-02-12,99,Active
3616,Starter,2024-06-27,29,Active
3619,Starter,2024-03-10,29,Active
3623,Growth,2025-01-12,99,Cancelled
3625,Growth,2024-07-09,99,Active
3626,Starter,2024-07-07,29,Active
3628,Growth,2024-08-24,99,Active
3631,Starter,2024-02-08,29,Cancelled
3636,Enterprise,2024-10-16,499,Active
3640,Growth,2024-07-19,99,Active
3643,Growth,2024-04-25,99,Active
3644,Growth,2024-12-16,99,Active
3645,Starter,2024-04-14,29,Cancelled
3650,Growth,2024-05-28,99,Active
3651,Enterprise,2024-07-24,499,Active
3653,Starter,2024-09-22,29,Active
3655,Starter,2024-04-18,29,Active
3660,Growth,2024-05-02,99,Active
3661,Starter,2024-10-28,29,Active
3663,Starter,2024-05-24,29,Active
3665,Growth,2024-11-15,99,Active
3667,Growth,2024-08-27,99,Active
3670,Starter,2024-08-18,29,Active
3671,Growth,2024-06-20,99,Active
3673,Enterprise,2024-03-16,499,Active
3674,Starter,2025-01-20,29,Active
3682,Growth,2024-11-14,99,Active
3683,Starter,2025-01-21,29,Cancelled
3685,Growth,2024-10-17,99,Active
3686,Starter,2024-09-26,29,Active
3689,Growth,2024-11-06,99,Active
3690,Growth,2024-11-28,99,Active
3692,Growth,2024-04-07,99,Active
3693,Starter,2024-03-20,29,Cancelled
3696,Growth,2024-04-16,99,Active
3698,Growth,2024-03-14,99,Active
3700,Starter,2024-07-20,29,Active
3701,Growth,2024-05-26,99,Active
3705,Starter,2024-02-05,29,Active
3706,Growth,2024-04-23,99,Active
3708,Starter,2024-03-09,29,Active
3710,Starter,2024-09-21,29,Active
3713,Starter,2024-07-09,29,Active
3716,Enterprise,2024-07-29,499,Active
3717,Starter,2024-02-13,29,Active
3719,Starter,2024-02-14,29,Active
3722,Starter,2024-11-14,29,Active
3723,Starter,2024-12-14,29,Active
3724,Starter,2024-09-02,29,Active
3726,Starter,2024-10-01,29,Active
3727,Growth,2024-11-08,99,Active
3728,Growth,2024-09-28,99,Active
3731,Growth,2024-10-29,99,Active
3733,Starter,2024-08-08,29,Active
3734,Growth,2024-02-26,99,Active
3735,Starter,2024-04-26,29,Active
3737,Growth,2024-05-23,99,Active
3738,Growth,2024-09-17,99,Active
3743,Starter,2024-02-04,29,Active
3745,Starter,2025-01-06,29,Cancelled
3746,Enterprise,2024-07-07,499,Active
3747,Growth,2024-08-15,99,Active
3751,Starter,2024-03-27,29,Active
3753,Starter,2024-03-03,29,Active
3757,Starter,2024-10-04,29,Active
3763,Starter,2024-05-10,29,Active
3764,Enterprise,2024-03-26,499,Active
3765,Starter,2024-04-04,29,Active
3768,Growth,2024-04-24,99,Active
3769,Growth,2024-01-19,99,Active
3770,Growth,2024-11-19,99,Active
3772,Starter,2024-03-28,29,Active
3774,Starter,2024-07-28,29,Active
3776,Growth,2024-11-02,99,Active
3779,Starter,2024-10-25,29,Active
3780,Growth,2024-08-16,99,Cancelled
3785,Growth,2024-07-28,99,Active
3792,Starter,2025-01-03,29,Active
3793,Starter,2024-04-21,29,Active
3794,Growth,2024-10-29,99,Active
3795,Starter,2024-07-14,29,Active
3797,Starter,2024-09-10,29,Active
3802,Growth,2024-07-25,99,Active
3804,Growth,2024-11-09,99,Active
3805,Growth,2024-09-22,99,Active
3808,Starter,2024-03-14,29,Active
3809,Starter,2024-07-13,29,Active
3811,Enterprise,2024-03-03,499,Active
3812,Starter,2024-10-30,29,Active
3813,Starter,2024-06-26,29,Active
3816,Growth,2024-10-30,99,Active
3817,Enterprise,2025-01-03,499,Active
3822,Enterprise,2024-01-27,499,Active
3823,Enterprise,2024-07-08,499,Active
3824,Starter,2024-02-27,29,Active
3826,Starter,2024-12-24,29,Cancelled
3827,Growth,2024-06-21,99,Active
3831,Enterprise,2024-09-25,499,Active
3833,Starter,2024-08-25,29,Active
3835,Starter,2024-10-27,29,Active
3836,Starter,2024-01-20,29,Active
3838,Enterprise,2024-12-31,499,Active
3839,Enterprise,2024-07-16,499,Active
3841,Starter,2024-06-11,29,Active
3844,Starter,2024-01-26,29,Active
3845,Starter,2024-05-20,29,Active
3846,Growth,2024-04-03,99,Active
3848,Starter,2024-12-11,29,Active
3853,Growth,2024-04-26,99,Active
3857,Enterprise,2024-02-10,499,Active
3864,Starter,2024-05-18,29,Cancelled
3869,Growth,2024-01-27,99,Active
3873,Starter,2024-07-14,29,Active
3877,Growth,2024-08-21,99,Active
3880,Starter,2024-07-22,29,Active
3885,Growth,2024-06-07,99,Active
3889,Starter,2024-06-04,29,Active
3891,Starter,2024-11-26,29,Cancelled
3893,Starter,2024-11-15,29,Active
3894,Growth,2024-08-04,99,Active
3895,Growth,2024-02-25,99,Cancelled
3896,Enterprise,2024-05-20,499,Active
3899,Growth,2024-04-02,99,Active
3905,Starter,2024-02-19,29,Active
3907,Starter,2024-09-29,29,Active
3909,Growth,2024-11-04,99,Active
3911,Growth,2024-05-12,99,Active
3913,Starter,2024-05-06,29,Active
3916,Growth,2024-02-03,99,Cancelled
3919,Starter,2024-09-11,29,Active
3926,Growth,2024-11-22,99,Active
3928,Growth,2024-02-24,99,Active
3929,Starter,2024-03-18,29,Cancelled
3931,Starter,2024-07-17,29,Active
3933,Growth,2024-10-01,99,Active
3935,Starter,2024-04-29,29,Active
3938,Starter,2024-09-27,29,Active
3942,Growth,2024-10-24,99,Active
3943,Starter,2024-01-28,29,Active
3944,Growth,2024-01-27,99,Active
3946,Starter,2024-08-05,29,Active
3949,Growth,2024-11-26,99,Active
3951,Starter,2024-09-02,29,Active
3953,Starter,2024-07-29,29,Active
3955,Starter,2025-01-16,29,Active
3956,Starter,2024-07-15,29,Active
3957,Growth,2024-05-25,99,Active
3961,Growth,2024-08-10,99,Active
3964,Starter,2024-02-06,29,Active
3966,Starter,2024-11-09,29,Active
3968,Growth,2024-02-13,99,Active
3975,Starter,2024-02-09,29,Active
3978,Enterprise,2024-11-11,499,Active
3979,Starter,2025-01-05,29,Active
3984,Starter,2024-11-13,29,Active
3985,Starter,2024-10-26,29,Active
3987,Starter,2024-08-11,29,Active
3990,Starter,2024-07-17,29,Active
3994,Growth,2024-04-02,99,Active
3997,Growth,2024-03-25,99,Active
3998,Growth,2024-03-15,99,Active
4000,Growth,2024-09-26,99,Active
4001,Starter,2024-10-31,29,Active
4007,Starter,2024-06-30,29,Active
4010,Growth,2024-02-26,99,Active
4011,Growth,2024-08-17,99,Active
4013,Starter,2024-07-21,29,Active
4021,Starter,2024-09-08,29,Active
4022,Starter,2024-05-16,29,Active
4026,Starter,2024-12-22,29,Active
4030,Starter,2025-01-19,29,Active
4031,Starter,2024-06-06,29,Active
4033,Starter,2024-03-09,29,Cancelled
4039,Starter,2024-10-29,29,Active
4042,Starter,2024-08-26,29,Cancelled
4047,Starter,2024-09-01,29,Active
4051,Starter,2025-01-17,29,Active
4052,Starter,2024-10-01,29,Active
4054,Growth,2024-06-18,99,Active
4055,Growth,2024-04-28,99,Cancelled
4056,Starter,2024-02-26,29,Active
4060,Starter,2024-11-13,29,Active
4065,Growth,2024-03-23,99,Active
4066,Growth,2024-08-05,99,Active
4070,Starter,2024-07-31,29,Active
4076,Enterprise,2024-03-04,499,Active
4084,Growth,2024-04-17,99,Active
4093,Starter,2024-05-28,29,Active
4094,Growth,2024-11-05,99,Active
4096,Growth,2024-11-23,99,Active
4098,Growth,2024-04-07,99,Active
4100,Starter,2024-10-19,29,Active
4104,Growth,2024-05-08,99,Cancelled
4105,Growth,2024-10-30,99,Active
4107,Starter,2024-04-05,29,Active
4108,Growth,2024-01-24,99,Active
4109,Starter,2024-05-30,29,Cancelled
4110,Starter,2024-08-11,29,Active
4111,Enterprise,2024-04-18,499,Active
4113,Growth,2024-08-27,99,Active
4114,Starter,2024-09-13,29,Active
4115,Growth,2024-08-22,99,Active
4117,Starter,2024-05-05,29,Active
4119,Growth,2024-11-18,99,Active
4126,Starter,2024-09-01,29,Active
4127,Starter,2024-07-22,29,Active
4129,Growth,2024-07-27,99,Active
4133,Enterprise,2024-03-05,499,Active
4135,Starter,2024-08-24,29,Active
4140,Starter,2024-04-02,29,Active
4141,Growth,2024-12-04,99,Cancelled
4142,Starter,2024-06-03,29,Active
4144,Starter,2024-10-12,29,Active
4145,Growth,2024-06-25,99,Active
4147,Growth,2024-08-07,99,Active
4149,Starter,2024-07-14,29,Active
4151,Starter,2025-01-08,29,Active
4152,Enterprise,2024-02-17,499,Active
4154,Growth,2025-01-10,99,Cancelled
4157,Growth,2024-06-04,99,Active
4166,Growth,2024-01-14,99,Active
4167,Starter,2024-09-21,29,Active
4168,Starter,2024-07-17,29,Active
4169,Enterprise,2024-02-02,499,Active
4170,Enterprise,2024-06-24,499,Active
4171,Starter,2024-08-01,29,Active
4175,Starter,2024-03-25,29,Active
4176,Growth,2024-09-23,99,Active
4178,Starter,2024-09-09,29,Active
4180,Growth,2024-03-16,99,Active
4185,Growth,2024-02-25,99,Active
4188,Starter,2024-08-10,29,Active
4192,Starter,2024-12-16,29,Active
4205,Growth,2024-12-20,99,Active
4206,Enterprise,2024-08-27,499,Active
4207,Enterprise,2024-08-07,499,Cancelled
4209,Starter,2024-09-15,29,Active
4211,Starter,2024-03-31,29,Active
4212,Growth,2024-11-15,99,Active
4216,Enterprise,2024-09-06,499,Active
4217,Starter,2024-07-26,29,Active
4221,Growth,2024-04-17,99,Active
4222,Starter,2024-03-16,29,Active
4230,Starter,2024-12-20,29,Active
4231,Starter,2024-03-25,29,Active
4232,Growth,2024-11-03,99,Active
4233,Growth,2024-03-21,99,Active
4234,Starter,2024-07-04,29,Active
4235,Starter,2024-08-28,29,Active
4236,Growth,2024-11-04,99,Cancelled
4237,Starter,2024-09-26,29,Active
4238,Starter,2024-04-21,29,Active
4240,Growth,2024-09-20,99,Active
4241,Growth,2024-09-13,99,Active
4242,Enterprise,2025-01-02,499,Active
4243,Starter,2025-01-15,29,Active
4249,Growth,2024-07-15,99,Active
4254,Growth,2024-09-08,99,Active
4259,Growth,2024-05-01,99,Active
4262,Starter,2024-08-27,29,Active
4264,Growth,2024-10-22,99,Active
4265,Starter,2024-09-29,29,Active
4266,Starter,2024-09-26,29,Cancelled
4267,Enterprise,2024-06-04,499,Active
4268,Growth,2024-11-10,99,Active
4271,Growth,2024-04-08,99,Active
4276,Growth,2024-05-11,99,Active
4277,Enterprise,2024-04-22,499,Active
4278,Starter,2024-03-09,29,Active
4281,Starter,2024-07-27,29,Active
4286,Growth,2024-07-06,99,Cancelled
4287,Growth,2024-09-05,99,Active
4288,Starter,2024-04-29,29,Active
4291,Growth,2024-07-22,99,Active
4297,Starter,2024-11-17,29,Active
4299,Starter,2024-12-04,29,Active
4300,Starter,2024-08-21,29,Active
4301,Growth,2024-02-16,99,Active
4304,Starter,2024-10-24,29,Active
4305,Growth,2024-06-07,99,Active
4307,Starter,2024-10-24,29,Cancelled
4314,Starter,2024-12-12,29,Active
4316,Starter,2024-03-02,29,Active
4319,Starter,2024-09-26,29,Active
4322,Growth,2024-12-23,99,Active
4325,Growth,2024-01-13,99,Active
4326,Growth,2024-05-06,99,Active
4328,Starter,2024-04-13,29,Active
4331,Starter,2025-01-20,29,Active
4332,Growth,2024-09-19,99,Active
4333,Growth,2024-11-14,99,Active
4334,Growth,2024-10-27,99,Active
4335,Starter,2024-03-20,29,Active
4343,Growth,2025-01-02,99,Active
4345,Growth,2024-09-17,99,Active
4349,Growth,2024-03-14,99,Active
4350,Growth,2024-04-12,99,Active
4352,Growth,2024-06-27,99,Active
4353,Growth,2024-09-12,99,Active
4355,Starter,2024-05-25,29,Active
4360,Starter,2024-05-26,29,Active
4362,Growth,2024-10-21,99,Active
4363,Enterprise,2024-01-12,499,Active
4364,Growth,2025-01-15,99,Cancelled
4367,Growth,2024-11-14,99,Active
4370,Growth,2024-07-06,99,Active
4374,Enterprise,2024-05-27,499,Active
4377,Starter,2024-05-12,29,Active
4378,Starter,2024-02-02,29,Active
4383,Growth,2024-02-01,99,Active
4385,Growth,2024-04-27,99,Active
4386,Starter,2024-03-08,29,Active
4389,Enterprise,2024-01-19,499,Active
4396,Growth,2024-04-07,99,Active
4399,Growth,2024-03-24,99,Active
4400,Starter,2024-03-06,29,Active
4402,Growth,2025-01-24,99,Cancelled
4405,Growth,2024-05-12,99,Active
4407,Growth,2024-04-27,99,Active
4410,Growth,2024-02-26,99,Active
4411,Starter,2024-03-23,29,Active
4412,Starter,2025-01-08,29,Active
4415,Starter,2024-02-27,29,Active
4416,Starter,2024-07-14,29,Active
4419,Enterprise,2024-04-06,499,Active
4421,Growth,2024-08-12,99,Active
4422,Growth,2024-09-07,99,Active
4425,Starter,2024-02-29,29,Active
4426,Growth,2024-03-01,99,Active
4428,Starter,2024-12-02,29,Active
4430,Enterprise,2024-06-21,499,Active
4431,Enterprise,2024-12-21,499,Active
4432,Starter,2024-04-05,29,Active
4434,Growth,2024-10-08,99,Active
4440,Enterprise,2024-07-12,499,Active
4445,Starter,2024-11-15,29,Active
4446,Growth,2025-01-13,99,Active
4450,Enterprise,2024-04-19,499,Active
4452,Growth,2024-10-23,99,Active
4454,Starter,2024-12-16,29,Active
4455,Starter,2024-09-18,29,Active
4457,Growth,2024-06-13,99,Active
4461,Starter,2024-08-24,29,Active
4462,Growth,2024-08-14,99,Active
4463,Enterprise,2024-02-25,499,Cancelled
4465,Starter,2024-06-17,29,Active
4469,Growth,2024-08-26,99,Active
4473,Starter,2024-07-18,29,Active
4478,Enterprise,2024-08-13,499,Cancelled
4480,Starter,2024-10-06,29,Active
4482,Starter,2024-05-27,29,Active
4483,Starter,2024-09-20,29,Active
4484,Growth,2024-05-21,99,Active
4486,Growth,2024-09-23,99,Active
4487,Starter,2024-08-10,29,Active
4488,Growth,2024-08-19,99,Active
4495,Growth,2024-03-29,99,Active
4500,Growth,2024-06-22,99,Active
4504,Growth,2024-02-28,99,Active
4509,Enterprise,2024-08-13,499,Active
4512,Growth,2024-02-22,99,Active
4517,Starter,2024-07-23,29,Active
4518,Starter,2024-10-09,29,Active
4519,Growth,2024-03-08,99,Active
4522,Growth,2024-06-07,99,Active
4532,Enterprise,2024-11-19,499,Active
4533,Growth,2024-05-16,99,Cancelled
4538,Starter,2024-06-19,29,Active
4540,Starter,2024-06-03,29,Active
4541,Growth,2024-06-21,99,Active
4543,Starter,2024-04-27,29,Active
4545,Growth,2024-08-21,99,Cancelled
4552,Growth,2024-08-02,99,Active
4554,Growth,2024-01-09,99,Active
4555,Enterprise,2024-03-26,499,Active
4558,Growth,2024-12-21,99,Active
4561,Growth,2024-01-26,99,Active
4562,Enterprise,2024-02-27,499,Active
4564,Starter,2024-05-19,29,Active
4565,Starter,2024-10-13,29,Active
4566,Growth,2024-10-17,99,Active
4567,Starter,2024-02-05,29,Active
4570,Starter,2024-02-18,29,Active
4571,Growth,2024-09-26,99,Active
4575,Enterprise,2024-11-30,499,Active
4578,Growth,2024-09-13,99,Cancelled
4579,Growth,2024-08-06,99,Active
4580,Starter,2024-01-28,29,Active
4583,Starter,2024-12-21,29,Active
4587,Starter,2024-02-27,29,Active
4593,Enterprise,2024-09-14,499,Active
4594,Starter,2024-12-20,29,Active
4595,Starter,2024-01-10,29,Active
4601,Starter,2024-04-08,29,Active
4606,Growth,2024-04-11,99,Active
4612,Growth,2025-01-14,99,Active
4613,Starter,2024-05-05,29,Active
4614,Starter,2024-09-26,29,Active
4616,Starter,2024-08-26,29,Active
4619,Enterprise,2024-10-04,499,Active
4621,Starter,2024-07-20,29,Cancelled
4623,Growth,2025-01-08,99,Cancelled
4628,Starter,2024-04-08,29,Active
4630,Growth,2024-12-25,99,Active
4635,Starter,2025-01-16,29,Active
4636,Starter,2024-12-21,29,Active
4638,Starter,2024-02-29,29,Cancelled
4643,Starter,2024-01-20,29,Active
4648,Starter,2024-03-25,29,Active
4651,Growth,2024-12-24,99,Active
4652,Starter,2024-02-04,29,Cancelled
4653,Growth,2024-07-23,99,Active
4654,Starter,2024-11-11,29,Cancelled
4655,Enterprise,2024-04-16,499,Active
4658,Enterprise,2024-04-23,499,Active
4659,Growth,2024-06-24,99,Active
4661,Growth,2024-08-11,99,Active
4662,Enterprise,2024-10-19,499,Active
4666,Enterprise,2024-04-25,499,Cancelled
4667,Starter,2025-01-13,29,Active
4670,Enterprise,2024-07-25,499,Active
4671,Enterprise,2024-10-08,499,Active
4672,Starter,2024-07-14,29,Active
4674,Starter,2024-02-01,29,Active
4677,Growth,2024-02-21,99,Active
4678,Starter,2024-11-07,29,Active
4679,Starter,2024-02-27,29,Active
4682,Growth,2024-04-28,99,Active
4684,Growth,2024-02-24,99,Active
4685,Starter,2024-06-24,29,Active
4687,Enterprise,2024-06-15,499,Active
4693,Growth,2024-08-06,99,Active
4702,Growth,2024-02-18,99,Active
4703,Growth,2024-03-24,99,Active
4707,Starter,2024-02-15,29,Active
4709,Starter,2024-11-09,29,Active
4710,Enterprise,2024-06-11,499,Active
4711,Starter,2024-12-04,29,Active
4712,Starter,2024-10-02,29,Cancelled
4718,Starter,2025-01-03,29,Active
4719,Growth,2024-03-17,99,Active
4723,Growth,2024-05-30,99,Active
4724,Starter,2024-04-30,29,Active
4725,Growth,2024-10-08,99,Active
4728,Starter,2024-06-12,29,Active
4730,Growth,2024-02-10,99,Active
4732,Starter,2024-05-12,29,Active
4737,Starter,2024-06-24,29,Active
4739,Enterprise,2024-04-14,499,Active
4750,Starter,2024-11-14,29,Active
4751,Starter,2024-10-26,29,Active
4755,Growth,2024-04-08,99,Active
4757,Growth,2024-04-06,99,Active
4758,Starter,2024-10-19,29,Active
4759,Starter,2024-05-26,29,Active
4764,Starter,2024-02-09,29,Cancelled
4765,Growth,2024-05-09,99,Active
4766,Starter,2024-10-28,29,Active
4767,Enterprise,2024-07-21,499,Active
4768,Starter,2024-03-05,29,Active
4770,Starter,2024-02-29,29,Active
4772,Starter,2024-04-29,29,Active
4773,Starter,2024-02-24,29,Active
4775,Enterprise,2024-08-15,499,Active
4776,Starter,2024-03-16,29,Active
4778,Enterprise,2024-02-12,499,Active
4780,Starter,2024-04-06,29,Active
4782,Growth,2024-12-09,99,Active
4784,Starter,2024-01-25,29,Active
4785,Starter,2024-08-10,29,Active
4786,Starter,2024-12-16,29,Active
4788,Starter,2024-04-23,29,Active
4790,Starter,2024-07-05,29,Active
4796,Starter,2025-01-11,29,Cancelled
4798,Starter,2024-04-07,29,Active
4800,Starter,2024-06-21,29,Active
4801,Starter,2024-05-18,29,Active
4802,Enterprise,2024-02-03,499,Active
4812,Enterprise,2024-11-23,499,Active
4813,Enterprise,2024-10-08,499,Active
4815,Starter,2024-11-24,29,Active
4816,Growth,2024-12-22,99,Active
4818,Growth,2024-03-22,99,Active
4819,Starter,2024-03-24,29,Active
4822,Starter,2024-08-01,29,Active
4826,Starter,2024-03-02,29,Cancelled
4828,Growth,2024-09-12,99,Active
4832,Growth,2024-04-06,99,Active
4837,Growth,2024-07-11,99,Active
4838,Starter,2024-12-04,29,Cancelled
4841,Growth,2024-10-04,99,Active
4843,Starter,2024-08-07,29,Active
4845,Starter,2024-03-20,29,Active
4847,Starter,2024-02-06,29,Active
4849,Growth,2024-03-03,99,Active
4851,Starter,2024-05-21,29,Active
4853,Growth,2024-02-15,99,Active
4856,Starter,2024-09-10,29,Cancelled
4858,Enterprise,2024-03-10,499,Active
4862,Starter,2024-04-09,29,Cancelled
4867,Starter,2024-02-13,29,Active
4869,Starter,2024-03-08,29,Active
4870,Growth,2024-12-26,99,Active
4871,Enterprise,2024-06-09,499,Active
4872,Starter,2024-02-23,29,Active
4874,Growth,2024-09-06,99,Active
4875,Growth,2024-08-30,99,Active
4876,Starter,2024-10-07,29,Active
4877,Growth,2024-02-07,99,Active
4879,Enterprise,2024-03-20,499,Active
4887,Growth,2024-03-30,99,Cancelled
4889,Growth,2024-10-31,99,Active
4891,Starter,2024-05-22,29,Active
4894,Growth,2024-02-20,99,Active
4895,Starter,2024-04-25,29,Active
4899,Growth,2024-12-02,99,Cancelled
4903,Starter,2024-09-11,29,Active
4906,Growth,2024-05-25,99,Active
4907,Growth,2024-09-23,99,Active
4909,Starter,2024-05-09,29,Active
4917,Enterprise,2024-09-09,499,Cancelled
4918,Growth,2024-04-16,99,Active
4920,Growth,2024-07-15,99,Active
4921,Starter,2024-06-15,29,Active
4923,Starter,2024-12-15,29,Active
4924,Growth,2024-06-19,99,Active
4926,Starter,2024-03-02,29,Active
4927,Growth,2024-11-20,99,Active
4929,Starter,2024-08-06,29,Active
4930,Starter,2024-02-24,29,Active
4935,Starter,2024-05-21,29,Active
4938,Growth,2024-07-15,99,Active
4939,Starter,2024-12-09,29,Active
4943,Starter,2024-07-16,29,Active
4945,Growth,2024-10-18,99,Active
4947,Starter,2024-03-15,29,Active
4952,Growth,2024-08-05,99,Cancelled
4954,Growth,2024-02-19,99,Active
4955,Starter,2024-04-14,29,Active
4958,Starter,2024-11-16,29,Active
4959,Starter,2024-07-11,29,Active
4960,Starter,2024-11-13,29,Active
4961,Starter,2024-08-03,29,Active
4962,Starter,2024-04-03,29,Active
4963,Starter,2025-01-21,29,Active
4972,Enterprise,2024-02-29,499,Active
4975,Starter,2024-02-04,29,Active
4977,Growth,2024-03-19,99,Active
4979,Growth,2024-09-01,99,Active
4980,Growth,2024-09-07,99,Active
4981,Enterprise,2024-05-20,499,Active
4984,Starter,2024-09-17,29,Active
4986,Starter,2024-02-06,29,Active
4987,Enterprise,2024-07-21,499,Active
4988,Starter,2024-07-01,29,Active
4990,Starter,2024-07-21,29,Active
4994,Growth,2024-04-09,99,Active
4998,Growth,2024-09-29,99,Cancelled
5003,Growth,2024-01-24,99,Active
5008,Starter,2024-09-08,29,Active
5013,Growth,2024-09-15,99,Active
5017,Starter,2024-10-24,29,Active
5019,Starter,2024-09-26,29,Active
5022,Enterprise,2024-03-04,499,Active
5023,Starter,2024-05-28,29,Active
5025,Starter,2025-01-03,29,Active
5026,Enterprise,2024-04-21,499,Active
5029,Starter,2024-12-01,29,Active
5030,Starter,2024-03-27,29,Active
5034,Starter,2024-04-11,29,Cancelled
5036,Starter,2024-02-14,29,Active
5038,Growth,2024-07-24,99,Active
5039,Starter,2024-06-30,29,Active
5042,Starter,2024-12-18,29,Active
5043,Starter,2024-09-26,29,Active
5044,Starter,2024-12-07,29,Active
5046,Starter,2024-02-06,29,Active
5050,Starter,2024-01-20,29,Active
5053,Growth,2024-02-27,99,Active
5055,Starter,2024-07-12,29,Active
5056,Growth,2024-06-12,99,Active
5058,Growth,2024-04-20,99,Active
5059,Enterprise,2024-06-13,499,Active
5062,Starter,2024-10-18,29,Active
5065,Starter,2024-11-17,29,Active
5066,Starter,2024-11-19,29,Active
5069,Starter,2024-03-08,29,Active
5073,Growth,2024-07-12,99,Active
5074,Starter,2024-07-30,29,Active
5075,Enterprise,2024-09-14,499,Cancelled
5076,Starter,2025-01-05,29,Active
5081,Starter,2024-11-19,29,Active
5084,Growth,2024-10-15,99,Active
5085,Starter,2024-09-19,29,Active
5089,Starter,2024-03-01,29,Active
5091,Growth,2024-04-13,99,Active
5100,Starter,2024-03-10,29,Active
5101,Starter,2024-11-24,29,Active
5105,Starter,2024-04-19,29,Cancelled
5108,Growth,2024-10-02,99,Active
5109,Growth,2025-01-09,99,Active
5110,Starter,2024-12-05,29,Active
5111,Growth,2024-09-01,99,Active
5113,Enterprise,2024-05-30,499,Active
5117,Starter,2024-01-30,29,Active
5119,Starter,2024-05-10,29,Active
5120,Starter,2024-05-10,29,Active
5123,Starter,2024-10-16,29,Active
5125,Enterprise,2024-06-02,499,Active
5127,Starter,2024-06-23,29,Active
5128,Growth,2024-06-08,99,Active
5135,Starter,2024-07-10,29,Active
5136,Growth,2024-12-30,99,Active
5138,Starter,2024-03-04,29,Active
5139,Starter,2024-03-08,29,Cancelled
5140,Growth,2024-03-19,99,Active
5145,Starter,2024-02-28,29,Active
5147,Growth,2024-02-04,99,Active
5150,Growth,2024-05-20,99,Active
5152,Starter,2024-09-29,29,Active
5157,Enterprise,2024-01-19,499,Active
5158,Starter,2024-03-13,29,Active
5159,Growth,2024-02-06,99,Active
5160,Enterprise,2024-12-09,499,Active
5161,Growth,2024-06-30,99,Active
5162,Growth,2024-12-09,99,Active
5166,Enterprise,2024-08-15,499,Active
5172,Enterprise,2024-07-05,499,Active
5177,Enterprise,2024-10-03,499,Active
5178,Growth,2024-05-26,99,Active
5183,Starter,2024-03-04,29,Active
5185,Starter,2025-01-02,29,Cancelled
5187,Enterprise,2024-10-17,499,Active
5190,Enterprise,2024-06-21,499,Active
5191,Starter,2024-07-01,29,Active
5193,Starter,2024-02-22,29,Active
5195,Starter,2024-05-19,29,Active
5196,Starter,2024-01-14,29,Active
5205,Starter,2024-01-25,29,Active
5206,Starter,2024-03-08,29,Active
5207,Growth,2024-10-27,99,Active
5211,Starter,2024-07-16,29,Active
5213,Starter,2024-12-03,29,Active
5214,Starter,2024-09-29,29,Active
5216,Enterprise,2024-09-29,499,Active
5219,Growth,2024-12-05,99,Active
5220,Starter,2024-02-17,29,Active
5222,Growth,2024-10-22,99,Cancelled
5223,Growth,2024-11-16,99,Active
5226,Starter,2024-06-15,29,Active
5228,Starter,2025-01-14,29,Cancelled
5229,Starter,2024-02-06,29,Active
5232,Starter,2024-06-30,29,Active
5238,Starter,2024-01-26,29,Active
5240,Starter,2024-05-23,29,Active
5242,Starter,2024-04-17,29,Active
5243,Starter,2024-03-21,29,Active
5244,Starter,2024-02-26,29,Active
5246,Growth,2024-08-09,99,Active
5248,Starter,2024-07-20,29,Active
5254,Growth,2024-04-23,99,Active
5255,Enterprise,2024-03-19,499,Active
5256,Enterprise,2024-02-22,499,Active
5259,Starter,2024-12-23,29,Active
5265,Growth,2024-11-01,99,Active
5266,Growth,2024-06-06,99,Active
5268,Starter,2024-05-14,29,Active
5269,Starter,2024-02-12,29,Active
5272,Growth,2024-07-26,99,Active
5274,Enterprise,2024-12-21,499,Active
5276,Starter,2024-06-13,29,Active
5278,Starter,2024-08-17,29,Active
5279,Starter,2024-02-19,29,Active
5280,Growth,2024-01-22,99,Active
5281,Enterprise,2024-11-05,499,Active
5286,Starter,2024-01-19,29,Active
5287,Growth,2024-03-30,99,Active
5289,Enterprise,2024-06-24,499,Active
5293,Starter,2024-08-27,29,Active
5298,Growth,2024-08-23,99,Active
5299,Starter,2024-06-05,29,Cancelled
5300,Starter,2024-12-13,29,Active
5303,Growth,2024-04-25,99,Active
5308,Starter,2024-09-02,29,Active
5313,Growth,2024-02-03,99,Cancelled
5319,Growth,2025-01-10,99,Active
5320,Starter,2024-02-02,29,Active
5323,Starter,2024-11-09,29,Active
5324,Starter,2024-09-27,29,Active
5325,Growth,2024-11-17,99,Active
5327,Starter,2024-05-09,29,Active
5334,Starter,2024-08-12,29,Active
5336,Growth,2024-08-12,99,Active
5337,Starter,2024-03-18,29,Active
5339,Growth,2025-01-10,99,Active
5340,Growth,2025-01-18,99,Active
5341,Enterprise,2024-12-25,499,Active
5342,Growth,2024-10-16,99,Active
5344,Starter,2024-03-29,29,Active
5349,Growth,2024-03-28,99,Active
5350,Starter,2024-08-12,29,Active
5351,Growth,2024-06-30,99,Active
5354,Starter,2024-10-16,29,Active
5355,Growth,2024-06-13,99,Active
5356,Starter,2024-10-01,29,Active
5357,Growth,2024-06-27,99,Active
5368,Enterprise,2024-12-17,499,Active
5369,Starter,2024-11-16,29,Active
5373,Growth,2024-12-23,99,Active
5378,Growth,2024-12-24,99,Active
5379,Starter,2024-10-13,29,Active
5386,Starter,2024-12-15,29,Active
5387,Enterprise,2024-04-25,499,Active
5389,Growth,2024-10-09,99,Active
5390,Starter,2024-05-13,29,Active
5391,Starter,2024-03-29,29,Active
5392,Growth,2024-07-23,99,Active
5393,Growth,2024-05-30,99,Active
5394,Starter,2024-09-17,29,Active
5402,Starter,2024-06-30,29,Active
5404,Starter,2024-08-23,29,Active
5405,Starter,2024-09-03,29,Active
5407,Starter,2024-05-19,29,Active
5409,Starter,2024-07-29,29,Active
5410,Starter,2024-03-28,29,Active
5414,Starter,2024-11-17,29,Cancelled
5418,Starter,2024-12-06,29,Active
5419,Growth,2024-11-03,99,Active
5422,Starter,2024-08-27,29,Active
5423,Starter,2024-04-09,29,Active
5430,Growth,2024-07-03,99,Active
5431,Growth,2024-07-24,99,Active
5433,Starter,2024-03-20,29,Cancelled
5434,Starter,2024-01-31,29,Active
5442,Enterprise,2024-09-04,499,Active
5444,Growth,2024-10-28,99,Active
5445,Starter,2024-08-16,29,Active
5446,Starter,2024-05-02,29,Active
5451,Starter,2024-12-24,29,Active
5452,Enterprise,2024-12-31,499,Active
5453,Growth,2024-09-24,99,Active
5455,Starter,2025-01-06,29,Active
5459,Starter,2024-04-22,29,Active
5460,Starter,2024-02-26,29,Active
5461,Growth,2024-02-13,99,Active
5463,Growth,2024-04-30,99,Active
5465,Starter,2024-11-20,29,Active
5467,Growth,2024-05-06,99,Active
5468,Starter,2024-01-20,29,Active
5474,Growth,2024-05-01,99,Cancelled
5478,Growth,2024-06-24,99,Cancelled
5480,Starter,2024-03-29,29,Active
5482,Starter,2024-05-26,29,Active
5484,Growth,2024-08-10,99,Active
5488,Growth,2024-09-24,99,Active
5490,Starter,2024-12-25,29,Active
5495,Starter,2024-02-17,29,Active
5496,Growth,2024-02-03,99,Active
5498,Growth,2024-09-13,99,Active
5500,Starter,2024-11-22,29,Active
5501,Growth,2024-12-11,99,Cancelled
5503,Starter,2024-09-22,29,Active
5508,Growth,2024-12-22,99,Active
5510,Growth,2024-04-17,99,Active
5511,Starter,2024-04-29,29,Active
5513,Starter,2024-10-02,29,Active
5516,Starter,2024-10-12,29,Cancelled
5519,Growth,2024-04-21,99,Active
5520,Starter,2024-05-05,29,Active
5523,Starter,2024-02-28,29,Active
5524,Starter,2024-03-20,29,Cancelled
5526,Starter,2024-03-06,29,Active
5527,Starter,2024-05-08,29,Active
5531,Starter,2024-06-30,29,Active
5532,Growth,2024-02-20,99,Active
5533,Growth,2024-09-27,99,Active
5534,Growth,2024-07-14,99,Active
5536,Growth,2024-02-07,99,Active
5537,Starter,2025-01-01,29,Active
5538,Starter,2024-04-08,29,Active
5539,Growth,2024-03-09,99,Active
5540,Growth,2025-01-02,99,Active
5546,Starter,2024-02-05,29,Cancelled
5547,Starter,2024-09-19,29,Active
5548,Starter,2024-05-10,29,Active
5553,Starter,2024-03-20,29,Active
5556,Starter,2024-05-06,29,Active
5559,Starter,2024-03-30,29,Active
5560,Starter,2024-12-09,29,Active
5563,Starter,2024-08-24,29,Active
5565,Starter,2024-04-23,29,Active
5567,Growth,2024-01-09,99,Active
5570,Growth,2024-11-02,99,Active
5573,Enterprise,2024-04-23,499,Active
5574,Growth,2024-05-05,99,Active
5575,Starter,2024-10-08,29,Active
5576,Starter,2024-04-28,29,Active
5577,Growth,2024-09-23,99,Active
5578,Starter,2024-11-03,29,Active
5580,Growth,2024-03-13,99,Active
5582,Starter,2024-05-09,29,Active
5583,Starter,2024-10-06,29,Active
5587,Starter,2024-12-26,29,Active
5589,Enterprise,2024-10-24,499,Active
5591,Enterprise,2024-12-02,499,Cancelled
5592,Starter,2024-09-10,29,Active
5593,Starter,2024-11-21,29,Active
5594,Growth,2024-12-01,99,Active
5596,Starter,2024-04-06,29,Active
5597,Growth,2024-10-20,99,Active
5598,Growth,2024-07-27,99,Active
5600,Starter,2024-10-06,29,Cancelled
5603,Starter,2024-08-27,29,Active
5605,Growth,2024-09-29,99,Active
5610,Growth,2024-06-09,99,Active
5611,Starter,2024-10-31,29,Active
5612,Growth,2024-10-16,99,Active
5613,Starter,2024-06-16,29,Active
5614,Starter,2024-06-14,29,Active
5620,Growth,2024-06-22,99,Active
5621,Starter,2024-04-12,29,Active
5624,Growth,2024-04-30,99,Active
5626,Starter,2024-01-06,29,Active
5627,Growth,2024-10-23,99,Active
5630,Starter,2024-05-20,29,Active
5631,Starter,2024-05-14,29,Active
5632,Growth,2024-08-04,99,Active
5638,Growth,2024-12-28,99,Active
5643,Growth,2024-02-09,99,Active
5645,Starter,2024-02-03,29,Active
5651,Growth,2024-07-08,99,Cancelled
5652,Enterprise,2024-04-07,499,Active
5656,Starter,2025-01-10,29,Active
5659,Enterprise,2024-09-16,499,Active
5661,Growth,2025-01-15,99,Active
5662,Starter,2024-08-13,29,Active
5665,Growth,2024-05-25,99,Active
5667,Starter,2024-11-02,29,Active
5668,Growth,2024-12-13,99,Active
5669,Starter,2024-03-27,29,Active
5673,Starter,2024-07-10,29,Active
5674,Starter,2024-08-27,29,Active
5676,Starter,2024-03-18,29,Active
5680,Growth,2024-04-22,99,Active
5685,Starter,2024-10-17,29,Active
5686,Growth,2024-11-08,99,Active
5689,Starter,2025-01-12,29,Active
5692,Starter,2024-02-10,29,Active
5696,Enterprise,2024-04-19,499,Active
5698,Enterprise,2024-03-27,499,Active
5701,Starter,2024-02-02,29,Active
5703,Starter,2024-11-20,29,Active
5704,Starter,2024-12-27,29,Active
5707,Starter,2024-08-04,29,Active
5708,Growth,2024-10-16,99,Active
5710,Growth,2024-10-27,99,Active
5711,Starter,2024-06-26,29,Active
5715,Enterprise,2025-01-03,499,Active
5716,Starter,2024-10-16,29,Active
5719,Growth,2024-06-25,99,Active
5722,Starter,2024-02-27,29,Active
5725,Enterprise,2024-05-12,499,Active
5730,Starter,2024-07-17,29,Active
5734,Starter,2024-12-25,29,Cancelled
5737,Enterprise,2024-03-27,499,Active
5740,Growth,2024-07-01,99,Active
5741,Starter,2024-03-20,29,Active
5742,Starter,2024-04-03,29,Active
5743,Starter,2024-04-23,29,Active
5745,Enterprise,2024-08-21,499,Active
5746,Growth,2024-04-28,99,Active
5747,Starter,2024-08-23,29,Active
5750,Growth,2024-03-05,99,Active
5751,Growth,2024-09-02,99,Active
5752,Starter,2024-07-29,29,Active
5753,Starter,2024-11-16,29,Cancelled
5755,Growth,2024-12-19,99,Active
5757,Enterprise,2024-09-08,499,Active
5758,Growth,2024-11-29,99,Active
5761,Starter,2024-05-22,29,Active
5762,Growth,2024-02-23,99,Active
5763,Enterprise,2025-01-05,499,Active
5768,Starter,2024-01-12,29,Active
5771,Growth,2024-08-25,99,Active
5775,Starter,2024-11-23,29,Active
5778,Starter,2024-06-17,29,Active
5780,Starter,2024-04-06,29,Active
5785,Enterprise,2024-09-20,499,Active
5786,Starter,2024-09-30,29,Active
5787,Enterprise,2024-12-24,499,Cancelled
5790,Growth,2024-05-12,99,Active
5791,Starter,2024-03-14,29,Active
5792,Starter,2024-02-07,29,Active
5793,Starter,2024-03-16,29,Active
5795,Growth,2024-05-23,99,Active
5799,Starter,2024-03-21,29,Active
5800,Growth,2024-07-18,99,Active
5801,Growth,2024-02-11,99,Active
5803,Starter,2024-04-09,29,Active
5805,Starter,2024-09-06,29,Active
5808,Starter,2024-03-20,29,Active
5811,Enterprise,2024-02-03,499,Active
5815,Enterprise,2024-02-23,499,Active
5817,Growth,2024-08-02,99,Active
5821,Starter,2024-03-03,29,Active
5822,Growth,2024-10-25,99,Active
5824,Growth,2024-02-09,99,Active
5825,Starter,2024-03-16,29,Active
5827,Starter,2024-03-06,29,Active
5830,Starter,2024-09-17,29,Cancelled
5831,Growth,2024-02-21,99,Cancelled
5833,Growth,2024-04-11,99,Active
5834,Starter,2024-03-30,29,Active
5835,Starter,2024-12-18,29,Active
5837,Starter,2024-02-26,29,Active
5838,Starter,2024-11-14,29,Active
5840,Starter,2024-05-03,29,Active
5841,Enterprise,2024-07-21,499,Active
5845,Starter,2024-12-29,29,Active
5847,Growth,2024-03-12,99,Active
5850,Growth,2025-01-03,99,Cancelled
5851,Growth,2024-08-04,99,Active
5852,Starter,2024-09-27,29,Active
5853,Enterprise,2024-08-02,499,Active
5856,Enterprise,2024-12-31,499,Active
5858,Starter,2024-11-23,29,Cancelled
5859,Starter,2024-06-29,29,Active
5860,Starter,2024-10-15,29,Active
5862,Starter,2024-05-31,29,Active
5866,Starter,2024-04-18,29,Active
5867,Enterprise,2024-04-24,499,Active
5868,Starter,2024-09-25,29,Active
5869,Growth,2024-07-13,99,Active
5870,Growth,2024-01-10,99,Active
5872,Starter,2025-01-22,29,Active
5874,Growth,2024-10-23,99,Active
5876,Starter,2024-01-23,29,Active
5877,Growth,2024-07-26,99,Active
5880,Enterprise,2025-01-09,499,Active
5882,Starter,2024-10-24,29,Cancelled
5884,Starter,2024-07-31,29,Active
5887,Starter,2024-05-20,29,Active
5889,Enterprise,2024-10-19,499,Active
5890,Starter,2024-09-23,29,Active
5892,Growth,2024-12-30,99,Active
5893,Starter,2024-06-28,29,Active
5894,Starter,2024-02-04,29,Active
5896,Growth,2025-01-16,99,Active
5899,Enterprise,2024-03-29,499,Active
5900,Growth,2024-04-07,99,Active
5901,Enterprise,2024-09-14,499,Active
5902,Enterprise,2024-01-24,499,Active
5903,Starter,2024-03-26,29,Active
5904,Growth,2024-02-13,99,Active
5906,Starter,2024-12-06,29,Active
5909,Enterprise,2024-02-27,499,Active
5910,Starter,2025-01-17,29,Active
5912,Starter,2024-04-26,29,Active
5913,Starter,2024-06-05,29,Active
5915,Starter,2024-02-16,29,Active
5916,Starter,2024-02-11,29,Active
5917,Growth,2024-09-29,99,Cancelled
5918,Starter,2024-02-20,29,Active
5921,Starter,2024-10-28,29,Active
5922,Growth,2024-09-06,99,Active
5923,Starter,2024-07-06,29,Active
5924,Starter,2024-12-27,29,Active
5929,Starter,2024-10-04,29,Active
5930,Starter,2024-10-17,29,Active
5934,Enterprise,2024-08-11,499,Active
5937,Growth,2024-08-24,99,Active
5940,Starter,2024-11-01,29,Active
5941,Starter,2024-01-31,29,Active
5942,Starter,2024-10-01,29,Active
5944,Growth,2024-05-24,99,Active
5946,Growth,2024-04-15,99,Active
5947,Enterprise,2024-05-30,499,Active
5948,Starter,2024-04-19,29,Active
5949,Starter,2024-02-06,29,Cancelled
5951,Starter,2024-12-26,29,Active
5954,Growth,2024-05-14,99,Active
5955,Growth,2024-06-09,99,Active
5956,Starter,2024-04-08,29,Active
5958,Enterprise,2024-08-22,499,Cancelled
5961,Enterprise,2024-07-08,499,Active
5963,Starter,2024-03-30,29,Active
5965,Growth,2024-10-05,99,Active
5967,Enterprise,2024-04-01,499,Cancelled
5970,Growth,2024-03-04,99,Active
5971,Starter,2024-01-22,29,Active
5972,Starter,2024-03-21,29,Active
5973,Growth,2024-02-27,99,Active
5974,Starter,2024-08-27,29,Active
5975,Starter,2024-12-05,29,Active
5978,Starter,2024-12-16,29,Active
5980,Starter,2024-05-02,29,Active
5981,Growth,2024-10-23,99,Active
5987,Growth,2024-09-14,99,Active
5993,Starter,2024-04-17,29,Active
5994,Starter,2024-07-16,29,Active
5995,Starter,2024-02-06,29,Cancelled
5998,Growth,2024-03-11,99,Cancelled
5999,Growth,2024-11-17,99,Active
6002,Growth,2024-02-23,99,Cancelled
6003,Starter,2024-05-23,29,Active
6004,Growth,2024-12-29,99,Active
6008,Starter,2024-05-20,29,Active
6010,Starter,2024-11-05,29,Active
6012,Growth,2024-07-01,99,Active
6013,Starter,2024-02-23,29,Active
6023,Growth,2024-10-16,99,Active
6025,Enterprise,2024-09-15,499,Active
6026,Growth,2024-05-04,99,Active
6030,Starter,2024-08-13,29,Active
6034,Growth,2024-05-04,99,Active
6046,Starter,2024-05-24,29,Active
6047,Growth,2024-12-28,99,Active
6048,Enterprise,2025-01-10,499,Active
6053,Growth,2024-06-03,99,Active
6054,Starter,2024-08-14,29,Active
6055,Starter,2024-02-23,29,Active
6056,Starter,2024-05-18,29,Active
6057,Growth,2025-01-06,99,Active
6059,Starter,2024-03-04,29,Active
6063,Growth,2024-10-09,99,Active
6069,Growth,2024-02-20,99,Active
6071,Starter,2024-03-13,29,Active
6073,Growth,2024-03-07,99,Active
6075,Growth,2024-07-16,99,Active
6076,Starter,2024-10-30,29,Active
6077,Growth,2024-04-24,99,Active
6084,Starter,2024-02-15,29,Active
6085,Starter,2024-04-11,29,Active
6086,Starter,2024-05-28,29,Active
6087,Starter,2024-03-23,29,Active
6089,Starter,2024-01-08,29,Active
6090,Growth,2024-01-30,99,Active
6092,Starter,2024-12-10,29,Cancelled
6093,Growth,2024-06-25,99,Active
6095,Starter,2024-09-23,29,Active
6097,Starter,2024-05-03,29,Active
6100,Enterprise,2024-04-20,499,Cancelled
6109,Growth,2024-07-22,99,Active
6112,Enterprise,2024-03-26,499,Active
6113,Starter,2024-04-30,29,Active
6114,Enterprise,2024-05-12,499,Active
6115,Starter,2024-07-21,29,Active
6117,Starter,2024-06-26,29,Active
6118,Starter,2024-05-06,29,Cancelled
6120,Starter,2024-12-12,29,Active
6122,Starter,2024-08-04,29,Active
6124,Starter,2024-10-31,29,Active
6126,Starter,2024-02-13,29,Active
6129,Starter,2024-03-29,29,Active
6130,Starter,2024-08-20,29,Active
6131,Starter,2024-07-05,29,Active
6132,Starter,2024-02-17,29,Active
6133,Starter,2024-05-28,29,Active
6136,Starter,2024-02-13,29,Active
6138,Starter,2024-06-06,29,Active
6139,Growth,2024-11-25,99,Active
6140,Growth,2024-03-29,99,Active
6145,Starter,2025-01-12,29,Active
6146,Starter,2024-07-12,29,Active
6147,Starter,2024-05-28,29,Active
6150,Growth,2024-09-12,99,Active
6153,Starter,2024-03-02,29,Active
6155,Starter,2024-03-16,29,Active
6159,Enterprise,2024-11-11,499,Active
6160,Growth,2024-07-06,99,Active
6161,Starter,2024-02-11,29,Active
6163,Growth,2024-02-09,99,Active
6165,Growth,2024-04-14,99,Active
6171,Starter,2024-04-12,29,Active
6174,Starter,2024-04-08,29,Active
6181,Starter,2024-02-09,29,Active
6184,Starter,2024-02-09,29,Cancelled
6188,Starter,2024-04-09,29,Active
6191,Starter,2024-10-26,29,Active
6193,Starter,2024-12-23,29,Active
6194,Starter,2024-09-05,29,Active
6195,Growth,2024-06-22,99,Active
6196,Starter,2024-02-02,29,Active
6197,Starter,2024-09-20,29,Active
6199,Starter,2024-05-03,29,Active
6201,Growth,2024-05-31,99,Active
6202,Enterprise,2024-06-21,499,Active
6203,Starter,2024-08-13,29,Cancelled
6204,Starter,2024-03-25,29,Active
6207,Starter,2024-06-03,29,Active
6208,Growth,2024-02-15,99,Active
6209,Starter,2024-09-26,29,Active
6215,Starter,2024-10-05,29,Active
6221,Enterprise,2024-05-30,499,Active
6222,Growth,2024-08-20,99,Active
6225,Starter,2024-04-27,29,Active
6227,Growth,2024-01-19,99,Active
6228,Starter,2024-09-26,29,Cancelled
6235,Enterprise,2024-03-20,499,Active
6237,Growth,2024-12-28,99,Active
6241,Starter,2024-06-18,29,Active
6244,Growth,2024-02-17,99,Active
6245,Starter,2025-01-03,29,Active
6246,Starter,2024-11-21,29,Active
6250,Growth,2024-08-18,99,Active
6253,Starter,2024-08-26,29,Active
6254,Starter,2024-12-30,29,Active
6258,Starter,2024-09-10,29,Active
6261,Starter,2025-01-19,29,Active
6262,Starter,2024-08-21,29,Active
6264,Enterprise,2024-04-20,499,Active
6265,Enterprise,2024-08-09,499,Cancelled
6266,Enterprise,2024-09-28,499,Active
6267,Growth,2024-11-16,99,Active
6268,Growth,2024-11-19,99,Active
6269,Starter,2024-10-24,29,Active
6279,Starter,2024-08-20,29,Active
6282,Starter,2024-06-05,29,Active
6284,Starter,2024-12-14,29,Active
6285,Starter,2025-01-04,29,Active
6286,Starter,2024-03-09,29,Active
6292,Starter,2024-02-25,29,Active
6298,Enterprise,2024-04-19,499,Active
6299,Growth,2024-04-05,99,Cancelled
6301,Starter,2024-08-28,29,Active
6302,Starter,2024-06-30,29,Active
6303,Growth,2024-12-14,99,Active
6304,Starter,2024-10-08,29,Active
6306,Growth,2024-03-19,99,Active
6308,Growth,2024-10-14,99,Active
6311,Starter,2024-06-22,29,Active
6318,Growth,2024-08-02,99,Active
6320,Starter,2024-05-28,29,Active
6321,Enterprise,2024-01-27,499,Active
6322,Starter,2024-05-29,29,Active
6326,Enterprise,2024-12-22,499,Active
6332,Starter,2024-08-13,29,Active
6333,Starter,2024-10-21,29,Cancelled
6334,Growth,2024-03-25,99,Active
6335,Starter,2024-09-27,29,Active
6337,Enterprise,2024-04-20,499,Active
6338,Starter,2024-12-13,29,Active
6339,Enterprise,2024-08-15,499,Cancelled
6340,Growth,2024-11-16,99,Active
6341,Enterprise,2024-07-17,499,Cancelled
6343,Starter,2024-10-16,29,Active
6345,Starter,2025-01-25,29,Active
6347,Growth,2024-05-26,99,Active
6348,Growth,2024-09-30,99,Active
6352,Growth,2024-06-18,99,Active
6356,Starter,2024-02-02,29,Cancelled
6357,Enterprise,2024-09-19,499,Active
6358,Starter,2024-09-04,29,Active
6361,Starter,2024-06-19,29,Active
6362,Growth,2024-02-03,99,Cancelled
6364,Growth,2024-08-15,99,Active
6366,Enterprise,2024-08-04,499,Active
6372,Enterprise,2024-11-07,499,Active
6373,Growth,2024-12-15,99,Active
6374,Starter,2024-07-04,29,Active
6375,Starter,2024-10-03,29,Active
6376,Growth,2024-06-24,99,Active
6380,Starter,2024-10-01,29,Active
6382,Growth,2024-01-31,99,Active
6385,Growth,2024-08-31,99,Active
6389,Growth,2024-08-28,99,Active
6390,Growth,2024-02-23,99,Cancelled
6399,Growth,2024-06-29,99,Active
6401,Growth,2024-08-09,99,Active
6402,Starter,2024-01-22,29,Active
6403,Growth,2024-05-20,99,Active
6404,Starter,2024-06-26,29,Active
6406,Starter,2024-04-14,29,Active
6407,Starter,2024-02-06,29,Active
6410,Growth,2024-12-03,99,Cancelled
6411,Starter,2024-10-12,29,Active
6412,Growth,2024-04-15,99,Active
6413,Growth,2024-07-26,99,Active
6414,Growth,2024-05-12,99,Active
6421,Starter,2024-11-26,29,Active
6423,Growth,2024-12-20,99,Active
6424,Growth,2024-03-05,99,Active
6425,Starter,2024-10-24,29,Active
6429,Starter,2024-04-07,29,Active
6430,Starter,2024-09-02,29,Active
6431,Starter,2024-07-13,29,Active
6435,Starter,2024-07-04,29,Cancelled
6436,Growth,2024-10-03,99,Cancelled
6437,Starter,2024-08-25,29,Active
6438,Starter,2024-08-09,29,Active
6439,Starter,2024-03-29,29,Cancelled
6442,Starter,2024-10-21,29,Active
6443,Starter,2024-08-18,29,Active
6444,Enterprise,2024-05-12,499,Active
6445,Growth,2024-02-11,99,Active
6449,Growth,2024-04-17,99,Active
6451,Starter,2024-01-22,29,Active
6452,Enterprise,2024-12-29,499,Active
6453,Starter,2024-08-04,29,Active
6455,Growth,2024-12-10,99,Active
6457,Enterprise,2024-02-10,499,Active
6458,Enterprise,2024-07-18,499,Active
6461,Enterprise,2024-11-14,499,Active
6466,Starter,2024-06-26,29,Active
6468,Starter,2024-04-11,29,Active
6469,Growth,2024-02-18,99,Active
6471,Growth,2024-03-22,99,Active
6472,Growth,2024-10-24,99,Active
6473,Enterprise,2024-06-05,499,Active
6479,Starter,2024-06-18,29,Active
6482,Growth,2024-05-24,99,Active
6483,Growth,2024-11-07,99,Cancelled
6485,Starter,2025-01-08,29,Active
6488,Growth,2024-08-17,99,Active
6489,Starter,2024-08-09,29,Active
6490,Growth,2024-07-28,99,Active
6491,Growth,2024-06-26,99,Active
6493,Growth,2024-01-10,99,Cancelled
6494,Starter,2024-04-29,29,Active
6495,Starter,2024-09-28,29,Active
6498,Starter,2024-05-21,29,Active
6502,Starter,2024-04-08,29,Active
6504,Growth,2024-12-29,99,Active
6515,Starter,2024-04-04,29,Active
6517,Starter,2024-11-22,29,Active
6520,Growth,2024-04-30,99,Active
6522,Growth,2024-05-05,99,Active
6525,Starter,2024-01-29,29,Cancelled
6527,Starter,2024-12-01,29,Active
6528,Growth,2024-06-17,99,Active
6532,Starter,2024-10-07,29,Active
6535,Starter,2024-05-15,29,Active
6536,Growth,2025-01-01,99,Active
6542,Starter,2025-01-27,29,Active
6546,Starter,2024-11-13,29,Active
6547,Starter,2024-08-26,29,Active
6548,Growth,2024-05-18,99,Active
6549,Growth,2024-03-02,99,Active
6551,Growth,2024-12-23,99,Active
6552,Enterprise,2024-11-05,499,Active
6554,Starter,2024-08-16,29,Active
6560,Growth,2024-04-24,99,Active
6567,Growth,2024-08-06,99,Active
6571,Starter,2024-11-24,29,Active
6584,Starter,2024-07-26,29,Active
6590,Starter,2024-08-22,29,Active
6593,Growth,2024-04-14,99,Cancelled
6595,Growth,2024-12-16,99,Cancelled
6596,Growth,2025-01-20,99,Active
6597,Starter,2024-11-17,29,Cancelled
6600,Starter,2024-12-06,29,Active
6601,Enterprise,2024-10-01,499,Active
6602,Starter,2024-04-10,29,Active
6604,Starter,2024-01-12,29,Active
6605,Starter,2024-09-20,29,Active
6606,Starter,2025-01-14,29,Active
6607,Starter,2024-01-17,29,Active
6608,Enterprise,2024-11-15,499,Active
6609,Starter,2024-11-24,29,Active
6610,Growth,2024-01-31,99,Active
6611,Growth,2024-06-09,99,Active
6613,Starter,2024-11-22,29,Active
6617,Starter,2024-08-28,29,Active
6619,Growth,2024-06-12,99,Active
6624,Starter,2024-12-08,29,Active
6625,Growth,2024-02-12,99,Active
6627,Growth,2024-09-24,99,Active
6628,Starter,2024-03-13,29,Cancelled
6629,Growth,2024-07-24,99,Active
6630,Growth,2024-05-15,99,Active
6631,Growth,2024-02-27,99,Cancelled
6632,Growth,2024-06-11,99,Active
6639,Starter,2024-02-15,29,Active
6642,Growth,2024-05-28,99,Active
6645,Starter,2024-11-12,29,Active
6652,Growth,2024-04-23,99,Active
6654,Growth,2024-04-09,99,Active
6660,Growth,2024-10-14,99,Active
6664,Growth,2024-02-17,99,Active
6668,Growth,2024-12-24,99,Active
6670,Starter,2024-02-12,29,Active
6672,Enterprise,2024-05-07,499,Active
6674,Starter,2024-04-26,29,Active
6677,Starter,2024-10-06,29,Active
6678,Growth,2024-10-05,99,Active
6679,Starter,2024-06-13,29,Active
6680,Starter,2024-10-16,29,Active
6681,Starter,2024-06-17,29,Active
6685,Growth,2024-06-26,99,Active
6686,Starter,2024-11-24,29,Active
6687,Growth,2024-12-16,99,Active
6688,Starter,2024-12-02,29,Cancelled
6689,Growth,2024-05-05,99,Active
6693,Enterprise,2024-08-14,499,Active
6694,Growth,2024-02-21,99,Active
6695,Starter,2024-11-14,29,Active
6698,Starter,2024-11-19,29,Active
6701,Starter,2024-07-17,29,Active
6703,Starter,2024-05-05,29,Active
6704,Growth,2024-07-31,99,Active
6706,Growth,2024-08-10,99,Active
6707,Growth,2024-06-07,99,Active
6712,Starter,2024-08-31,29,Cancelled
6713,Starter,2024-04-05,29,Active
6715,Starter,2024-03-15,29,Active
6719,Starter,2024-02-11,29,Active
6720,Growth,2024-10-22,99,Cancelled
6726,Growth,2024-07-20,99,Active
6727,Growth,2024-01-22,99,Cancelled
6732,Growth,2024-10-18,99,Active
6735,Growth,2024-04-04,99,Active
6740,Growth,2024-07-20,99,Active
6741,Starter,2024-06-04,29,Active
6742,Starter,2024-05-08,29,Active
6747,Growth,2024-05-15,99,Cancelled
6748,Starter,2024-06-25,29,Active
6749,Enterprise,2024-05-27,499,Active
6751,Starter,2024-10-10,29,Active
6752,Starter,2024-06-29,29,Active
6754,Starter,2024-08-02,29,Active
6760,Starter,2024-06-03,29,Active
6762,Enterprise,2025-01-10,499,Active
6764,Growth,2024-09-26,99,Active
6765,Starter,2024-11-03,29,Active
6767,Starter,2024-08-10,29,Active
6769,Starter,2024-02-28,29,Active
6770,Starter,2024-12-12,29,Active
6771,Starter,2024-04-03,29,Active
6772,Enterprise,2024-08-08,499,Active
6774,Starter,2024-05-10,29,Active
6776,Starter,2024-02-14,29,Cancelled
6777,Growth,2024-10-08,99,Active
6778,Growth,2025-01-13,99,Active
6780,Starter,2024-06-23,29,Active
6786,Starter,2024-06-03,29,Active
6791,Starter,2024-05-16,29,Active
6792,Starter,2024-05-01,29,Active
6793,Growth,2024-07-24,99,Active
6795,Starter,2025-01-01,29,Active
6796,Enterprise,2024-06-30,499,Active
6798,Starter,2024-04-21,29,Active
6799,Growth,2024-08-16,99,Active
6800,Starter,2024-10-31,29,Active
6802,Starter,2024-06-07,29,Active
6803,Growth,2024-08-02,99,Active
6805,Enterprise,2024-06-29,499,Active
6806,Starter,2024-07-13,29,Active
6811,Growth,2024-05-03,99,Active
6814,Growth,2024-12-17,99,Cancelled
6816,Growth,2024-11-05,99,Active
6821,Growth,2024-11-03,99,Active
6825,Growth,2024-10-10,99,Active
6826,Growth,2024-11-19,99,Active
6829,Starter,2024-10-19,29,Active
6831,Starter,2024-09-07,29,Active
6832,Growth,2025-01-16,99,Active
6835,Growth,2024-11-08,99,Active
6836,Growth,2024-10-26,99,Active
6837,Starter,2024-06-23,29,Active
6840,Starter,2024-12-11,29,Active
6841,Starter,2024-07-17,29,Active
6842,Starter,2024-11-18,29,Active
6847,Growth,2024-09-17,99,Active
6850,Starter,2024-03-21,29,Active
6856,Enterprise,2024-09-22,499,Active
6860,Enterprise,2024-02-19,499,Active
6864,Starter,2024-02-12,29,Active
6865,Growth,2024-08-10,99,Active
6867,Starter,2024-02-12,29,Active
6870,Starter,2024-02-19,29,Active
6877,Growth,2024-11-10,99,Active
6880,Starter,2024-06-09,29,Active
6881,Growth,2024-09-22,99,Active
6882,Growth,2025-01-13,99,Active
6884,Starter,2024-07-25,29,Active
6889,Starter,2024-05-23,29,Active
6890,Growth,2024-02-07,99,Active
6891,Starter,2024-07-08,29,Active
6894,Starter,2024-07-13,29,Active
6897,Enterprise,2024-09-17,499,Active
6899,Starter,2024-06-18,29,Active
6900,Growth,2024-09-03,99,Active
6901,Growth,2024-10-28,99,Active
6903,Starter,2025-01-14,29,Active
6904,Growth,2024-12-29,99,Active
6906,Starter,2024-09-03,29,Active
6907,Growth,2024-08-22,99,Active
6909,Starter,2024-01-31,29,Active
6912,Growth,2024-10-14,99,Active
6914,Growth,2024-01-17,99,Active
6918,Starter,2024-10-10,29,Active
6919,Starter,2024-03-18,29,Active
6920,Starter,2024-04-24,29,Active
6921,Starter,2024-02-01,29,Active
6922,Starter,2024-04-09,29,Active
6923,Starter,2024-11-04,29,Active
6924,Growth,2024-05-30,99,Active
6937,Starter,2024-05-29,29,Active
6942,Growth,2024-12-19,99,Active
6943,Starter,2024-05-02,29,Active
6945,Starter,2025-01-04,29,Active
6946,Starter,2024-03-18,29,Active
6949,Starter,2024-07-02,29,Active
6956,Growth,2024-09-05,99,Active
6958,Growth,2024-05-24,99,Active
6959,Starter,2024-09-11,29,Active
6962,Growth,2024-11-02,99,Active
6966,Starter,2024-06-05,29,Active
6967,Growth,2024-04-09,99,Active
6969,Starter,2024-03-18,29,Active
6970,Growth,2024-10-06,99,Cancelled
6972,Starter,2024-03-27,29,Active
6978,Starter,2024-05-14,29,Cancelled
6982,Enterprise,2024-06-18,499,Active
6985,Starter,2024-09-22,29,Active
6987,Starter,2024-08-20,29,Active
6992,Starter,2024-05-17,29,Active
6994,Starter,2024-01-14,29,Active
6995,Growth,2024-03-17,99,Active
6996,Starter,2024-05-23,29,Active
6997,Growth,2024-05-12,99,Active
6999,Starter,2024-04-23,29,Active
7002,Starter,2024-10-09,29,Active
7003,Growth,2024-06-14,99,Active
7007,Growth,2024-09-22,99,Active
7010,Growth,2024-11-29,99,Active
7012,Enterprise,2024-02-23,499,Active
7015,Starter,2024-03-03,29,Active
7016,Growth,2024-03-31,99,Cancelled
7018,Starter,2024-12-10,29,Active
7019,Enterprise,2024-02-12,499,Active
7024,Enterprise,2024-03-03,499,Active
7028,Growth,2024-01-22,99,Active
7030,Starter,2024-12-31,29,Active
7035,Starter,2024-05-12,29,Active
7037,Starter,2024-03-17,29,Active
7042,Starter,2024-04-23,29,Active
7043,Starter,2024-05-22,29,Active
7047,Growth,2024-08-19,99,Active
7048,Growth,2024-06-21,99,Active
7057,Starter,2024-03-31,29,Active
7058,Growth,2024-06-28,99,Cancelled
7059,Starter,2024-01-29,29,Active
7061,Growth,2024-06-09,99,Cancelled
7062,Starter,2024-09-11,29,Cancelled
7063,Starter,2024-06-23,29,Active
7064,Starter,2024-05-23,29,Active
7067,Enterprise,2025-01-06,499,Active
7071,Starter,2024-04-30,29,Active
7075,Growth,2024-03-30,99,Active
7080,Growth,2025-01-14,99,Active
7081,Growth,2024-12-10,99,Active
7083,Starter,2024-08-01,29,Active
7085,Enterprise,2024-08-07,499,Active
7086,Starter,2024-07-27,29,Active
7088,Starter,2024-08-18,29,Active
7093,Starter,2024-02-23,29,Active
7097,Growth,2024-07-05,99,Active
7102,Starter,2024-11-15,29,Active
7103,Growth,2024-12-24,99,Active
7105,Starter,2024-09-24,29,Active
7109,Starter,2024-09-06,29,Active
7112,Starter,2024-07-19,29,Active
7115,Starter,2025-01-26,29,Active
7116,Enterprise,2024-07-10,499,Active
7117,Growth,2024-12-23,99,Active
7119,Starter,2024-12-14,29,Cancelled
7120,Starter,2024-07-01,29,Active
7123,Starter,2024-01-24,29,Active
7129,Enterprise,2024-10-17,499,Active
7130,Starter,2024-03-25,29,Active
7134,Growth,2024-11-10,99,Active
7135,Enterprise,2024-09-26,499,Active
7137,Starter,2024-03-23,29,Active
7138,Growth,2024-04-26,99,Active
7140,Starter,2024-02-12,29,Active
7141,Starter,2024-03-27,29,Active
7142,Starter,2024-09-12,29,Cancelled
7143,Growth,2024-07-10,99,Active
7146,Starter,2024-03-16,29,Active
7147,Enterprise,2024-08-23,499,Active
7154,Enterprise,2024-12-09,499,Active
7158,Growth,2024-12-27,99,Active
7161,Starter,2024-02-06,29,Active
7165,Starter,2024-09-09,29,Active
7170,Enterprise,2024-08-02,499,Active
7173,Growth,2024-09-30,99,Active
7174,Starter,2024-08-30,29,Active
7178,Starter,2024-01-29,29,Active
7179,Starter,2025-01-02,29,Active
7180,Starter,2024-01-28,29,Active
7181,Growth,2024-11-02,99,Active
7182,Growth,2024-09-27,99,Active
7187,Starter,2024-11-17,29,Active
7190,Growth,2024-07-17,99,Active
7192,Growth,2024-12-05,99,Active
7193,Growth,2025-01-12,99,Active
7194,Starter,2024-08-31,29,Active
7196,Starter,2024-09-29,29,Cancelled
7197,Starter,2025-01-03,29,Cancelled
7205,Growth,2024-06-30,99,Active
7208,Starter,2024-08-05,29,Active
7211,Starter,2024-08-21,29,Active
7213,Growth,2024-12-15,99,Active
7214,Starter,2024-04-22,29,Active
7215,Starter,2024-09-07,29,Active
7216,Enterprise,2024-01-23,499,Active
7218,Starter,2024-07-09,29,Active
7221,Starter,2024-06-18,29,Active
7227,Starter,2025-01-05,29,Active
7228,Growth,2024-03-04,99,Active
7229,Enterprise,2024-11-05,499,Active
7235,Starter,2024-05-27,29,Cancelled
7236,Starter,2024-10-23,29,Active
7238,Growth,2024-05-21,99,Active
7239,Starter,2024-04-26,29,Active
7240,Starter,2024-07-19,29,Active
7244,Starter,2024-05-20,29,Active
7245,Starter,2024-03-27,29,Active
7247,Growth,2024-11-28,99,Active
7248,Growth,2024-05-30,99,Active
7250,Starter,2024-09-03,29,Active
7251,Starter,2024-02-01,29,Active
7253,Starter,2024-07-19,29,Active
7259,Starter,2024-07-05,29,Active
7261,Enterprise,2024-05-21,499,Active
7262,Growth,2024-11-29,99,Active
7268,Starter,2024-12-01,29,Active
7271,Growth,2024-07-16,99,Active
7273,Growth,2024-11-22,99,Active
7276,Starter,2024-11-13,29,Active
7277,Enterprise,2024-09-08,499,Active
7280,Starter,2024-02-13,29,Active
7281,Enterprise,2024-07-14,499,Active
7282,Starter,2024-12-27,29,Active
7287,Growth,2024-05-06,99,Active
7288,Starter,2024-03-12,29,Active
7297,Starter,2024-12-01,29,Active
7299,Starter,2024-07-05,29,Active
7301,Starter,2024-04-06,29,Active
7302,Starter,2024-08-05,29,Cancelled
7303,Starter,2024-05-30,29,Active
7307,Enterprise,2024-10-09,499,Active
7308,Growth,2024-12-25,99,Active
7310,Starter,2024-11-14,29,Active
7312,Starter,2024-12-08,29,Active
7314,Growth,2024-07-03,99,Active
7316,Starter,2024-12-20,29,Active
7319,Growth,2024-06-17,99,Active
7320,Starter,2024-12-10,29,Cancelled
7321,Growth,2024-03-27,99,Active
7323,Growth,2024-11-04,99,Active
7327,Starter,2024-06-25,29,Active
7331,Growth,2024-02-03,99,Active
7333,Starter,2024-06-28,29,Active
7334,Growth,2024-03-12,99,Active
7337,Starter,2024-03-20,29,Cancelled
7343,Enterprise,2024-07-13,499,Active
7344,Growth,2024-10-06,99,Cancelled
7346,Starter,2024-08-07,29,Active
7352,Starter,2024-11-20,29,Active
7353,Starter,2024-08-14,29,Active
7354,Enterprise,2024-06-16,499,Active
7355,Starter,2024-05-27,29,Active
7356,Growth,2025-01-04,99,Active
7357,Starter,2024-10-28,29,Active
7364,Starter,2024-12-22,29,Active
7365,Enterprise,2024-04-21,499,Active
7367,Growth,2024-10-07,99,Active
7371,Starter,2024-12-02,29,Active
7373,Starter,2024-09-08,29,Cancelled
7380,Growth,2024-03-26,99,Active
7382,Starter,2024-08-29,29,Active
7383,Starter,2024-08-18,29,Active
7384,Starter,2024-11-14,29,Active
7385,Starter,2024-02-22,29,Active
7388,Growth,2024-03-05,99,Active
7389,Starter,2024-09-11,29,Active
7390,Starter,2024-08-03,29,Active
7391,Starter,2024-03-02,29,Active
7395,Enterprise,2024-06-24,499,Active
7396,Starter,2024-09-23,29,Cancelled
7397,Growth,2024-01-13,99,Active
7398,Starter,2024-02-29,29,Active
7399,Growth,2024-12-30,99,Cancelled
7404,Starter,2024-08-15,29,Active
7405,Starter,2024-08-06,29,Active
7408,Starter,2024-05-07,29,Active
7409,Starter,2024-08-16,29,Cancelled
7412,Starter,2024-09-22,29,Active
7416,Starter,2024-04-06,29,Active
7419,Growth,2024-08-02,99,Active
7423,Starter,2024-11-21,29,Active
7428,Growth,2024-08-15,99,Active
7430,Starter,2024-02-26,29,Active
7433,Starter,2024-03-07,29,Active
7437,Starter,2024-02-03,29,Active
7441,Growth,2024-03-22,99,Active
7443,Growth,2024-02-25,99,Active
7446,Enterprise,2024-09-05,499,Active
7456,Growth,2024-04-29,99,Active
7457,Starter,2025-01-01,29,Active
7458,Starter,2024-03-30,29,Cancelled
7459,Starter,2024-11-12,29,Active
7462,Starter,2024-12-04,29,Active
7463,Starter,2024-11-29,29,Cancelled
7464,Growth,2024-11-27,99,Active
7465,Starter,2025-01-09,29,Cancelled
7468,Growth,2024-11-21,99,Active
7470,Starter,2024-09-01,29,Cancelled
7471,Growth,2024-05-15,99,Active
7472,Growth,2024-04-19,99,Active
7473,Growth,2025-01-14,99,Active
7475,Growth,2024-06-14,99,Cancelled
7478,Starter,2024-04-16,29,Cancelled
7485,Starter,2024-03-20,29,Cancelled
7489,Starter,2024-11-18,29,Active
7494,Growth,2024-01-27,99,Active
7495,Starter,2024-12-07,29,Active
7496,Starter,2024-11-11,29,Active
7497,Growth,2024-05-14,99,Active
7500,Starter,2024-07-24,29,Cancelled
7504,Starter,2024-07-04,29,Active
7506,Starter,2024-12-26,29,Active
7508,Starter,2025-01-07,29,Active
7509,Growth,2024-05-28,99,Active
7510,Growth,2024-03-09,99,Active
7512,Starter,2024-06-20,29,Active
7514,Starter,2024-10-23,29,Active
7515,Growth,2024-06-13,99,Active
7518,Growth,2024-11-14,99,Active
7519,Starter,2024-12-07,29,Active
7522,Starter,2024-08-14,29,Active
7526,Enterprise,2024-04-24,499,Active
7527,Growth,2024-12-02,99,Active
7531,Growth,2024-08-29,99,Active
7536,Starter,2024-01-26,29,Active
7539,Starter,2024-04-26,29,Cancelled
7540,Starter,2024-11-15,29,Active
7541,Starter,2024-01-24,29,Active
7543,Growth,2025-01-23,99,Active
7547,Growth,2024-11-08,99,Active
7548,Growth,2024-03-18,99,Active
7550,Growth,2024-10-16,99,Active
7552,Growth,2024-10-14,99,Active
7554,Growth,2024-10-20,99,Active
7559,Growth,2024-12-25,99,Active
7561,Starter,2025-01-12,29,Active
7566,Starter,2024-06-05,29,Active
7567,Starter,2024-08-01,29,Active
7568,Starter,2024-03-03,29,Active
7570,Starter,2024-09-09,29,Active
7571,Growth,2024-06-28,99,Active
7574,Starter,2024-09-06,29,Active
7576,Starter,2024-11-18,29,Cancelled
7577,Growth,2024-09-18,99,Active
7578,Growth,2024-12-07,99,Active
7581,Starter,2024-02-04,29,Cancelled
7583,Starter,2024-06-03,29,Active
7585,Starter,2024-11-06,29,Active
7586,Growth,2024-03-08,99,Active
7589,Growth,2024-10-24,99,Active
7591,Growth,2024-03-24,99,Cancelled
7594,Growth,2024-04-23,99,Active
7598,Starter,2024-02-16,29,Active
7599,Enterprise,2024-07-06,499,Active
7603,Growth,2024-12-24,99,Active
7604,Growth,2024-06-01,99,Cancelled
7605,Starter,2024-06-29,29,Active
7609,Starter,2025-01-25,29,Active
7610,Starter,2025-01-26,29,Active
7617,Growth,2024-10-15,99,Active
7618,Starter,2024-02-23,29,Active
7621,Starter,2024-05-29,29,Active
7624,Starter,2024-06-22,29,Active
7626,Growth,2024-12-29,99,Active
7633,Growth,2024-05-03,99,Active
7636,Growth,2024-07-14,99,Active
7637,Starter,2024-10-29,29,Active
7638,Growth,2024-12-11,99,Active
7642,Starter,2024-04-19,29,Active
7644,Growth,2024-02-24,99,Cancelled
7648,Starter,2024-06-18,29,Active
7650,Starter,2024-02-24,29,Active
7652,Starter,2024-09-14,29,Active
7657,Starter,2024-06-30,29,Active
7660,Starter,2024-07-25,29,Active
7662,Growth,2024-05-14,99,Active
7673,Enterprise,2024-03-15,499,Active
7674,Growth,2024-07-23,99,Active
7676,Starter,2024-02-13,29,Active
7679,Starter,2024-03-31,29,Active
7680,Growth,2024-11-03,99,Active
7681,Starter,2024-04-14,29,Active
7685,Starter,2024-02-22,29,Active
7687,Growth,2025-01-11,99,Active
7688,Starter,2024-07-30,29,Active
7693,Growth,2024-10-31,99,Active
7694,Enterprise,2024-12-08,499,Cancelled
7698,Starter,2024-05-05,29,Active
7700,Growth,2024-07-25,99,Active
7701,Starter,2024-12-09,29,Active
7702,Starter,2024-12-29,29,Active
7704,Starter,2024-03-01,29,Active
7705,Growth,2024-06-20,99,Cancelled
7711,Starter,2024-06-12,29,Cancelled
7712,Growth,2024-06-02,99,Active
7713,Starter,2024-07-19,29,Active
7717,Starter,2024-12-11,29,Active
7718,Growth,2024-05-18,99,Cancelled
7719,Starter,2024-12-15,29,Active
7724,Starter,2024-03-17,29,Cancelled
7726,Starter,2024-09-27,29,Active
7727,Starter,2024-12-26,29,Active
7729,Starter,2024-08-16,29,Cancelled
7730,Enterprise,2024-05-11,499,Active
7733,Starter,2024-11-29,29,Active
7735,Enterprise,2024-11-09,499,Active
7736,Starter,2024-10-01,29,Active
7737,Enterprise,2024-06-11,499,Active
7743,Starter,2024-03-02,29,Active
7746,Enterprise,2024-02-16,499,Active
7748,Growth,2024-07-29,99,Active
7750,Starter,2024-04-11,29,Active
7752,Starter,2024-06-25,29,Cancelled
7754,Growth,2024-09-29,99,Active
7756,Starter,2024-01-25,29,Active
7759,Starter,2024-10-21,29,Active
7765,Growth,2024-12-07,99,Active
7766,Starter,2025-01-09,29,Active
7769,Growth,2025-01-14,99,Active
7774,Starter,2024-07-24,29,Cancelled
7775,Starter,2024-11-20,29,Active
7777,Enterprise,2024-08-26,499,Cancelled
7780,Growth,2024-10-15,99,Active
7785,Starter,2024-10-23,29,Active
7789,Starter,2024-07-14,29,Active
7793,Growth,2024-04-20,99,Active
7796,Starter,2024-06-12,29,Active
7799,Starter,2024-12-21,29,Active
7803,Starter,2024-07-18,29,Active
7806,Starter,2024-06-14,29,Active
7809,Enterprise,2024-10-19,499,Active
7810,Growth,2024-10-15,99,Active
7813,Growth,2024-12-30,99,Active
7821,Growth,2024-11-03,99,Active
7825,Growth,2024-11-27,99,Active
7826,Starter,2024-09-06,29,Cancelled
7828,Starter,2024-01-26,29,Active
7831,Growth,2024-06-19,99,Active
7832,Growth,2025-01-20,99,Active
7834,Starter,2024-08-29,29,Active
7835,Growth,2024-07-06,99,Active
7842,Starter,2024-05-07,29,Active
7847,Growth,2025-01-02,99,Active
7848,Starter,2024-04-27,29,Active
7849,Growth,2025-01-04,99,Active
7850,Starter,2024-09-05,29,Cancelled
7851,Growth,2024-07-29,99,Active
7854,Growth,2024-03-22,99,Active
7856,Starter,2024-02-21,29,Active
7857,Starter,2024-04-23,29,Active
7858,Enterprise,2024-06-24,499,Active
7862,Enterprise,2024-08-28,499,Active
7863,Growth,2024-08-06,99,Active
7868,Starter,2025-01-01,29,Cancelled
7873,Starter,2024-08-01,29,Active
7875,Enterprise,2024-06-27,499,Active
7876,Starter,2024-03-23,29,Active
7881,Enterprise,2024-08-15,499,Active
7883,Starter,2024-07-20,29,Cancelled
7884,Enterprise,2025-01-05,499,Active
7887,Growth,2024-10-28,99,Active
7888,Starter,2024-09-25,29,Active
7890,Growth,2024-07-22,99,Active
7891,Starter,2024-06-08,29,Active
7892,Growth,2024-03-16,99,Active
7893,Starter,2024-02-04,29,Active
7894,Enterprise,2024-11-15,499,Active
7895,Growth,2024-10-25,99,Active
7897,Growth,2024-07-12,99,Active
7898,Starter,2024-09-15,29,Active
7901,Starter,2024-08-31,29,Active
7902,Enterprise,2024-03-24,499,Active
7903,Growth,2024-11-08,99,Active
7907,Growth,2024-09-01,99,Active
7908,Starter,2024-02-01,29,Active
7909,Enterprise,2024-05-04,499,Active
7910,Starter,2024-11-05,29,Active
7913,Starter,2024-02-18,29,Cancelled
7914,Starter,2024-07-17,29,Active
7918,Growth,2024-11-07,99,Active
7919,Starter,2025-01-17,29,Active
7920,Starter,2024-04-29,29,Active
7921,Growth,2024-09-19,99,Active
7923,Starter,2024-01-26,29,Active
7930,Growth,2024-08-29,99,Active
7933,Enterprise,2024-08-30,499,Active
7935,Enterprise,2024-06-13,499,Active
7937,Growth,2024-07-05,99,Cancelled
7941,Growth,2024-08-14,99,Active
7946,Starter,2024-09-24,29,Active
7947,Enterprise,2024-07-24,499,Active
7948,Growth,2024-09-01,99,Active
7951,Growth,2024-07-06,99,Cancelled
7955,Starter,2024-11-08,29,Active
7956,Starter,2024-03-05,29,Active
7962,Growth,2024-11-07,99,Active
7967,Growth,2024-06-16,99,Active
7968,Starter,2025-01-14,29,Active
7969,Enterprise,2024-04-28,499,Active
7970,Starter,2024-05-17,29,Active
7971,Growth,2025-01-19,99,Active
7972,Growth,2024-11-05,99,Active
7974,Growth,2024-05-01,99,Active
7976,Starter,2024-04-06,29,Active
7978,Growth,2024-05-28,99,Active
7982,Growth,2024-04-04,99,Active
7986,Growth,2024-09-23,99,Active
7987,Starter,2024-10-16,29,Active
7996,Growth,2024-06-07,99,Active
7997,Starter,2024-07-14,29,Active
7999,Starter,2024-03-29,29,Active
8002,Starter,2025-01-13,29,Active
8005,Starter,2024-03-11,29,Active
8010,Starter,2024-03-18,29,Active
8013,Growth,2024-07-11,99,Active
8014,Starter,2024-05-03,29,Active
8015,Growth,2024-09-27,99,Active
8016,Growth,2025-01-12,99,Active
8018,Starter,2024-06-01,29,Active
8019,Starter,2024-03-28,29,Active
8020,Starter,2024-03-02,29,Active
8023,Starter,2024-01-28,29,Active
8024,Starter,2024-11-28,29,Active
8026,Starter,2024-03-27,29,Active
8030,Enterprise,2024-11-10,499,Active
8032,Enterprise,2024-07-12,499,Active
8034,Enterprise,2024-08-25,499,Active
8037,Growth,2024-06-11,99,Active
8046,Enterprise,2024-12-10,499,Active
8050,Growth,2025-01-03,99,Active
8052,Growth,2024-06-08,99,Active
8053,Starter,2024-04-03,29,Active
8054,Growth,2024-02-19,99,Active
8056,Enterprise,2024-12-31,499,Active
8057,Starter,2024-08-24,29,Active
8060,Starter,2024-02-07,29,Active
8061,Growth,2024-05-14,99,Active
8063,Growth,2024-03-23,99,Active
8065,Starter,2024-06-26,29,Cancelled
8070,Starter,2024-09-11,29,Active
8071,Growth,2024-10-10,99,Active
8072,Enterprise,2024-11-17,499,Active
8075,Growth,2024-08-31,99,Active
8083,Starter,2025-01-22,29,Active
8085,Growth,2024-03-20,99,Active
8086,Enterprise,2024-07-21,499,Active
8087,Starter,2024-12-09,29,Active
8088,Starter,2024-12-22,29,Active
8089,Enterprise,2024-05-29,499,Active
8090,Growth,2024-04-16,99,Cancelled
8091,Starter,2024-11-06,29,Active
8094,Growth,2024-06-19,99,Active
8095,Growth,2024-02-23,99,Active
8096,Growth,2024-06-12,99,Active
8100,Starter,2024-05-06,29,Active
8105,Enterprise,2024-11-23,499,Active
8106,Starter,2024-06-02,29,Active
8109,Starter,2024-03-04,29,Active
8114,Growth,2024-02-18,99,Active
8115,Growth,2024-03-27,99,Active
8117,Starter,2024-09-03,29,Active
8119,Enterprise,2024-06-02,499,Active
8123,Starter,2024-09-12,29,Active
8130,Growth,2024-03-06,99,Active
8131,Starter,2024-03-09,29,Active
8132,Growth,2024-03-23,99,Active
8133,Growth,2024-10-10,99,Active
8134,Growth,2024-05-03,99,Active
8139,Enterprise,2024-02-10,499,Active
8141,Starter,2024-10-30,29,Active
8142,Starter,2024-10-17,29,Active
8143,Starter,2025-01-12,29,Active
8145,Starter,2024-09-15,29,Active
8146,Starter,2024-05-07,29,Active
8148,Starter,2024-10-21,29,Active
8149,Growth,2024-11-20,99,Active
8151,Growth,2024-08-04,99,Active
8154,Starter,2024-05-24,29,Active
8155,Growth,2024-07-24,99,Active
8156,Starter,2024-09-04,29,Active
8159,Growth,2024-07-05,99,Active
8162,Enterprise,2024-05-11,499,Cancelled
8169,Starter,2024-03-23,29,Active
8174,Starter,2024-11-08,29,Active
8175,Starter,2024-12-28,29,Active
8177,Starter,2024-12-13,29,Active
8178,Starter,2024-09-16,29,Active
8179,Starter,2024-07-29,29,Active
8182,Starter,2024-05-03,29,Active
8185,Starter,2024-11-02,29,Active
8186,Growth,2024-08-12,99,Active
8191,Starter,2024-05-23,29,Active
8192,Growth,2024-01-31,99,Active
8193,Growth,2024-08-27,99,Cancelled
8194,Starter,2024-12-20,29,Cancelled
8195,Growth,2024-06-05,99,Active
8200,Growth,2024-10-29,99,Active
8203,Starter,2024-04-06,29,Active
8204,Starter,2024-10-31,29,Active
8205,Starter,2024-01-19,29,Active
8206,Starter,2025-01-08,29,Active
8207,Growth,2024-11-04,99,Active
8209,Growth,2024-06-26,99,Active
8212,Growth,2024-06-12,99,Active
8221,Starter,2024-05-20,29,Active
8224,Starter,2024-03-03,29,Active
8226,Growth,2024-06-25,99,Cancelled
8227,Growth,2024-08-09,99,Active
8228,Growth,2024-02-24,99,Active
8229,Starter,2024-12-17,29,Active
8232,Growth,2024-03-17,99,Active
8233,Growth,2024-11-23,99,Active
8234,Starter,2024-05-24,29,Active
8235,Growth,2024-05-24,99,Active
8236,Growth,2024-11-24,99,Active
8242,Starter,2025-01-02,29,Cancelled
8247,Starter,2024-07-31,29,Active
8248,Enterprise,2024-09-02,499,Active
8249,Starter,2024-09-18,29,Cancelled
8250,Growth,2024-08-08,99,Active
8252,Growth,2024-09-02,99,Active
8255,Enterprise,2024-09-02,499,Active
8261,Starter,2024-04-04,29,Active
8262,Growth,2024-02-23,99,Cancelled
8263,Starter,2024-08-30,29,Active
8265,Starter,2024-08-05,29,Active
8270,Starter,2024-11-14,29,Active
8272,Growth,2024-12-02,99,Active
8275,Starter,2024-05-25,29,Active
8280,Growth,2025-01-11,99,Active
8288,Growth,2024-08-04,99,Active
8289,Starter,2024-04-27,29,Cancelled
8291,Starter,2024-12-12,29,Active
8293,Starter,2024-12-17,29,Active
8295,Growth,2024-04-02,99,Active
8298,Growth,2024-02-13,99,Active
8300,Growth,2024-08-12,99,Active
8301,Growth,2024-09-04,99,Cancelled
8303,Starter,2024-05-03,29,Active
8304,Starter,2024-10-13,29,Active
8306,Starter,2024-10-25,29,Cancelled
8310,Starter,2024-12-05,29,Active
8312,Starter,2024-12-06,29,Active
8316,Starter,2024-09-21,29,Active
8317,Growth,2024-12-04,99,Active
8318,Enterprise,2024-04-30,499,Active
8319,Starter,2025-01-07,29,Active
8320,Starter,2024-10-03,29,Active
8323,Growth,2024-04-11,99,Active
8325,Enterprise,2024-07-08,499,Cancelled
8326,Growth,2024-04-05,99,Active
8328,Starter,2024-08-29,29,Cancelled
8331,Starter,2024-08-09,29,Active
8338,Starter,2024-06-26,29,Active
8339,Enterprise,2024-12-10,499,Active
8341,Growth,2024-02-10,99,Active
8344,Starter,2024-08-18,29,Active
8353,Growth,2024-05-27,99,Active
8354,Enterprise,2024-12-16,499,Active
8355,Starter,2024-01-31,29,Cancelled
8357,Starter,2024-09-03,29,Active
8365,Starter,2024-10-18,29,Active
8367,Starter,2024-10-28,29,Active
8368,Starter,2024-09-11,29,Active
8374,Growth,2025-01-04,99,Active
8375,Starter,2024-03-02,29,Active
8376,Growth,2024-06-16,99,Cancelled
8378,Starter,2025-01-11,29,Active
8381,Starter,2024-05-03,29,Active
8382,Growth,2025-01-06,99,Active
8384,Enterprise,2024-10-30,499,Active
8388,Growth,2024-11-20,99,Active
8390,Growth,2024-01-30,99,Active
8391,Starter,2024-02-12,29,Active
8392,Starter,2024-08-15,29,Active
8398,Growth,2024-01-21,99,Active
8402,Starter,2025-01-10,29,Active
8408,Starter,2024-11-25,29,Active
8410,Starter,2024-06-22,29,Cancelled
8413,Growth,2024-05-05,99,Active
8415,Enterprise,2024-01-26,499,Active
8423,Starter,2024-11-08,29,Active
8424,Growth,2024-09-16,99,Active
8426,Growth,2024-10-14,99,Active
8427,Starter,2024-07-04,29,Active
8428,Starter,2024-09-09,29,Active
8432,Starter,2024-04-07,29,Active
8439,Starter,2024-03-06,29,Active
8441,Starter,2024-04-03,29,Active
8442,Enterprise,2025-01-18,499,Active
8444,Growth,2024-10-17,99,Active
8445,Growth,2024-09-24,99,Cancelled
8446,Starter,2024-12-03,29,Active
8449,Growth,2025-01-06,99,Active
8452,Growth,2024-05-26,99,Active
8453,Growth,2024-06-28,99,Active
8456,Starter,2024-06-04,29,Active
8457,Starter,2024-07-20,29,Active
8458,Starter,2024-02-12,29,Active
8459,Starter,2024-12-18,29,Active
8460,Enterprise,2024-10-04,499,Active
8466,Growth,2024-05-06,99,Active
8468,Growth,2024-12-17,99,Active
8476,Starter,2024-07-17,29,Active
8478,Starter,2024-06-30,29,Active
8481,Starter,2024-12-30,29,Active
8484,Starter,2024-02-13,29,Active
8485,Starter,2024-07-02,29,Active
8487,Growth,2024-03-28,99,Active
8490,Starter,2024-03-18,29,Active
8492,Growth,2024-09-10,99,Active
8495,Growth,2024-12-07,99,Active
8498,Growth,2025-01-01,99,Active
8499,Growth,2024-07-21,99,Active
8501,Starter,2024-05-06,29,Active
8502,Growth,2024-10-09,99,Active
8503,Enterprise,2025-01-07,499,Active
8504,Starter,2024-05-22,29,Cancelled
8511,Starter,2024-12-01,29,Active
8512,Growth,2024-01-28,99,Active
8513,Growth,2024-04-15,99,Active
8516,Starter,2024-03-18,29,Active
8517,Growth,2024-10-19,99,Active
8519,Starter,2024-11-18,29,Cancelled
8521,Starter,2024-05-10,29,Active
8522,Growth,2024-04-07,99,Active
8523,Enterprise,2024-10-24,499,Active
8528,Starter,2024-10-26,29,Active
8529,Enterprise,2024-04-09,499,Active
8531,Growth,2024-08-16,99,Cancelled
8532,Enterprise,2024-06-09,499,Cancelled
8536,Starter,2024-08-31,29,Active
8539,Starter,2024-09-21,29,Active
8540,Growth,2024-05-26,99,Active
8541,Starter,2024-06-15,29,Active
8543,Starter,2024-03-20,29,Active
8544,Starter,2024-08-29,29,Active
8548,Starter,2024-06-07,29,Active
8554,Growth,2024-11-21,99,Active
8556,Starter,2024-04-14,29,Active
8560,Starter,2024-10-19,29,Active
8562,Growth,2024-09-14,99,Active
8567,Enterprise,2024-08-01,499,Active
8569,Enterprise,2024-08-18,499,Cancelled
8570,Growth,2024-02-26,99,Active
8571,Enterprise,2024-01-20,499,Active
8573,Growth,2024-02-09,99,Active
8577,Growth,2024-01-25,99,Active
8579,Growth,2024-06-03,99,Active
8580,Enterprise,2024-12-02,499,Active
8581,Enterprise,2024-06-25,499,Active
8583,Growth,2024-07-20,99,Active
8587,Starter,2024-03-05,29,Active
8588,Growth,2024-05-09,99,Active
8594,Starter,2024-10-02,29,Cancelled
8595,Growth,2024-11-14,99,Active
8598,Starter,2024-05-30,29,Active
8600,Starter,2024-04-27,29,Active
8605,Starter,2024-08-27,29,Active
8606,Starter,2024-10-25,29,Active
8607,Starter,2024-03-05,29,Active
8610,Growth,2024-12-11,99,Cancelled
8613,Growth,2024-12-11,99,Active
8615,Enterprise,2024-10-19,499,Active
8616,Growth,2024-09-29,99,Active
8618,Growth,2024-09-20,99,Active
8620,Starter,2024-06-07,29,Active
8621,Growth,2024-02-28,99,Active
8622,Growth,2025-01-01,99,Active
8627,Enterprise,2024-11-30,499,Cancelled
8633,Starter,2024-11-07,29,Active
8634,Growth,2024-12-28,99,Active
8637,Growth,2024-05-23,99,Active
8640,Growth,2024-08-29,99,Active
8641,Starter,2024-07-26,29,Active
8643,Starter,2024-02-20,29,Cancelled
8644,Starter,2024-06-28,29,Cancelled
8645,Starter,2024-06-22,29,Active
8647,Starter,2024-05-10,29,Active
8648,Enterprise,2024-12-26,499,Active
8649,Starter,2024-02-14,29,Active
8651,Starter,2024-08-18,29,Active
8652,Starter,2024-04-02,29,Active
8657,Starter,2024-10-04,29,Active
8663,Starter,2024-08-14,29,Cancelled
8672,Growth,2024-10-13,99,Active
8673,Starter,2024-09-11,29,Active
8674,Growth,2024-08-14,99,Cancelled
8675,Starter,2024-04-14,29,Active
8676,Growth,2024-07-27,99,Active
8678,Starter,2024-08-22,29,Cancelled
8680,Starter,2024-08-16,29,Active
8682,Growth,2024-11-28,99,Active
8685,Starter,2024-02-19,29,Active
8687,Enterprise,2024-05-08,499,Active
8688,Starter,2024-05-12,29,Active
8690,Growth,2024-05-29,99,Active
8691,Starter,2024-07-17,29,Active
8694,Starter,2024-12-16,29,Active
8697,Growth,2024-12-22,99,Active
8700,Growth,2024-09-27,99,Active
8701,Starter,2024-09-30,29,Active
8704,Enterprise,2024-10-23,499,Active
8706,Starter,2024-04-05,29,Cancelled
8708,Starter,2024-04-18,29,Active
8709,Starter,2024-08-16,29,Active
8711,Enterprise,2024-02-13,499,Active
8715,Growth,2024-08-26,99,Active
8716,Starter,2024-10-24,29,Active
8717,Growth,2024-03-22,99,Cancelled
8718,Growth,2024-09-17,99,Active
8722,Growth,2024-07-21,99,Active
8726,Starter,2024-07-20,29,Active
8728,Starter,2024-03-17,29,Active
8729,Starter,2024-08-29,29,Active
8730,Starter,2024-06-21,29,Active
8731,Growth,2024-07-23,99,Active
8736,Growth,2024-03-01,99,Active
8742,Enterprise,2024-04-14,499,Active
8743,Growth,2024-04-25,99,Active
8744,Enterprise,2024-06-20,499,Active
8745,Growth,2024-11-14,99,Active
8746,Starter,2024-05-14,29,Active
8748,Growth,2024-10-25,99,Active
8749,Starter,2024-07-17,29,Active
8757,Starter,2024-02-15,29,Active
8758,Starter,2024-08-30,29,Active
8762,Growth,2024-12-01,99,Active
8765,Growth,2024-10-28,99,Active
8766,Starter,2024-11-16,29,Active
8769,Starter,2024-11-09,29,Active
8772,Growth,2024-12-30,99,Active
8773,Starter,2024-05-23,29,Cancelled
8774,Growth,2024-08-14,99,Active
8775,Growth,2025-01-05,99,Active
8776,Growth,2024-01-31,99,Active
8781,Starter,2024-11-09,29,Active
8782,Growth,2024-02-19,99,Active
8783,Starter,2024-08-09,29,Active
8784,Starter,2024-08-27,29,Active
8788,Enterprise,2024-02-27,499,Active
8792,Starter,2024-02-11,29,Active
8793,Growth,2024-05-28,99,Active
8797,Starter,2024-10-15,29,Cancelled
8800,Starter,2024-05-20,29,Cancelled
8801,Growth,2024-08-19,99,Active
8804,Starter,2024-12-12,29,Active
8806,Starter,2024-04-14,29,Active
8811,Growth,2024-10-21,99,Active
8813,Starter,2024-11-06,29,Active
8814,Starter,2024-11-29,29,Active
8815,Starter,2024-10-21,29,Active
8816,Starter,2024-08-18,29,Active
8820,Starter,2024-03-13,29,Active
8824,Starter,2024-01-29,29,Active
8830,Starter,2024-08-04,29,Active
8832,Enterprise,2024-06-26,499,Active
8836,Starter,2024-10-11,29,Active
8837,Starter,2024-02-07,29,Active
8839,Growth,2024-11-12,99,Active
8844,Growth,2024-09-20,99,Active
8846,Growth,2024-08-06,99,Cancelled
8847,Enterprise,2024-12-18,499,Active
8853,Growth,2024-05-17,99,Active
8854,Growth,2024-05-28,99,Active
8855,Starter,2024-09-16,29,Active
8865,Enterprise,2024-05-07,499,Active
8867,Starter,2024-11-01,29,Active
8869,Growth,2024-08-24,99,Active
8872,Starter,2024-10-26,29,Cancelled
8874,Starter,2024-05-14,29,Active
8875,Starter,2024-06-30,29,Active
8876,Growth,2024-04-11,99,Active
8877,Starter,2024-03-31,29,Active
8878,Growth,2024-10-04,99,Active
8882,Growth,2024-08-02,99,Cancelled
8883,Starter,2024-03-07,29,Active
8884,Starter,2024-03-25,29,Active
8885,Growth,2024-02-06,99,Active
8894,Starter,2025-01-10,29,Active
8896,Growth,2024-08-27,99,Active
8897,Growth,2024-11-06,99,Active
8898,Growth,2024-05-18,99,Active
8899,Growth,2024-03-26,99,Active
8902,Starter,2024-02-27,29,Active
8903,Starter,2024-08-28,29,Active
8908,Starter,2024-02-04,29,Active
8910,Growth,2024-09-01,99,Active
8911,Starter,2024-10-02,29,Active
8913,Growth,2024-05-08,99,Active
8916,Starter,2024-09-21,29,Active
8925,Starter,2024-04-13,29,Active
8927,Starter,2024-02-27,29,Active
8928,Growth,2024-12-13,99,Active
8929,Growth,2024-09-12,99,Active
8932,Starter,2024-08-21,29,Active
8933,Starter,2024-06-10,29,Active
8934,Starter,2024-07-18,29,Active
8935,Enterprise,2024-04-17,499,Active
8937,Enterprise,2024-05-11,499,Active
8938,Starter,2024-11-08,29,Active
8939,Starter,2024-09-06,29,Active
8940,Starter,2024-04-01,29,Active
8945,Growth,2024-09-24,99,Active
8947,Growth,2024-02-07,99,Active
8948,Growth,2024-06-02,99,Active
8953,Starter,2024-09-06,29,Active
8957,Starter,2024-06-21,29,Active
8959,Starter,2024-05-17,29,Active
8961,Growth,2025-01-24,99,Active
8962,Growth,2024-04-16,99,Active
8965,Growth,2024-02-04,99,Active
8967,Growth,2024-05-10,99,Active
8971,Starter,2024-04-04,29,Active
8973,Starter,2024-08-20,29,Cancelled
8976,Starter,2024-05-20,29,Active
8978,Growth,2024-05-06,99,Cancelled
8979,Starter,2024-03-22,29,Active
8980,Starter,2024-03-06,29,Active
8982,Starter,2024-12-21,29,Active
8989,Growth,2024-03-10,99,Cancelled
8990,Enterprise,2024-04-26,499,Cancelled
8991,Starter,2025-01-08,29,Active
8992,Starter,2024-12-25,29,Active
8994,Growth,2024-09-01,99,Active
8997,Enterprise,2024-01-25,499,Active
9001,Starter,2025-01-02,29,Active
9004,Growth,2024-04-18,99,Active
9005,Growth,2024-06-18,99,Active
9006,Starter,2024-03-04,29,Active
9007,Enterprise,2024-05-12,499,Active
9008,Growth,2024-06-14,99,Active
9009,Starter,2025-01-08,29,Active
9012,Growth,2024-03-11,99,Active
9013,Starter,2024-06-20,29,Active
9015,Enterprise,2024-06-14,499,Active
9019,Starter,2024-04-04,29,Active
9021,Growth,2024-05-31,99,Active
9022,Starter,2024-06-02,29,Active
9023,Starter,2024-07-27,29,Active
9024,Enterprise,2024-06-30,499,Active
9025,Starter,2024-03-13,29,Active
9026,Starter,2024-10-15,29,Active
9028,Starter,2024-08-26,29,Active
9031,Growth,2024-06-04,99,Active
9034,Starter,2024-05-20,29,Cancelled
9038,Starter,2024-02-02,29,Active
9043,Growth,2024-04-13,99,Active
9047,Starter,2024-07-15,29,Cancelled
9048,Growth,2024-11-12,99,Active
9049,Enterprise,2024-03-09,499,Active
9051,Starter,2024-03-09,29,Cancelled
9056,Enterprise,2024-11-14,499,Active
9057,Starter,2024-07-17,29,Active
9060,Growth,2024-05-06,99,Active
9061,Starter,2024-03-15,29,Active
9062,Growth,2024-02-16,99,Active
9063,Growth,2024-09-13,99,Active
9064,Starter,2024-09-15,29,Active
9065,Enterprise,2024-08-06,499,Cancelled
9068,Enterprise,2024-01-26,499,Active
9075,Growth,2024-05-02,99,Active
9076,Growth,2024-11-16,99,Active
9078,Growth,2024-05-08,99,Active
9080,Enterprise,2025-01-06,499,Active
9081,Growth,2024-02-03,99,Active
9083,Starter,2024-06-22,29,Active
9089,Growth,2024-10-11,99,Active
9091,Starter,2024-05-20,29,Active
9092,Starter,2024-02-10,29,Active
9093,Growth,2024-09-21,99,Active
9094,Growth,2025-01-18,99,Active
9095,Starter,2024-08-27,29,Active
9096,Growth,2024-12-11,99,Active
9097,Starter,2024-10-30,29,Active
9099,Growth,2025-01-04,99,Active
9103,Starter,2024-08-15,29,Active
9104,Starter,2024-07-22,29,Active
9105,Starter,2024-06-01,29,Cancelled
9106,Growth,2024-08-13,99,Active
9110,Starter,2024-02-27,29,Active
9116,Growth,2024-10-09,99,Active
9117,Starter,2024-02-05,29,Active
9118,Starter,2024-10-09,29,Active
9119,Starter,2024-07-13,29,Active
9120,Starter,2024-07-19,29,Active
9121,Starter,2024-02-16,29,Active
9122,Growth,2024-12-05,99,Active
9124,Growth,2024-07-04,99,Active
9126,Growth,2024-05-02,99,Active
9127,Starter,2024-08-17,29,Active
9129,Starter,2024-04-13,29,Active
9137,Starter,2024-01-31,29,Active
9141,Enterprise,2024-12-14,499,Active
9143,Enterprise,2024-08-16,499,Active
9146,Starter,2024-07-15,29,Active
9150,Starter,2024-04-02,29,Active
9152,Growth,2024-04-26,99,Active
9153,Starter,2024-05-16,29,Active
9159,Growth,2024-09-02,99,Active
9162,Starter,2024-11-09,29,Active
9167,Growth,2024-02-03,99,Active
9169,Starter,2024-08-10,29,Active
9170,Enterprise,2024-06-19,499,Active
9171,Growth,2024-03-02,99,Active
9172,Growth,2024-03-18,99,Active
9173,Starter,2024-05-18,29,Active
9174,Growth,2024-11-22,99,Cancelled
9175,Growth,2024-11-23,99,Active
9182,Starter,2024-10-13,29,Cancelled
9188,Starter,2024-05-23,29,Active
9189,Starter,2024-02-10,29,Cancelled
9190,Enterprise,2024-05-05,499,Active
9192,Growth,2024-08-28,99,Active
9193,Starter,2024-06-07,29,Active
9194,Starter,2024-07-30,29,Active
9195,Starter,2024-08-09,29,Active
9196,Starter,2024-08-10,29,Active
9201,Starter,2024-08-26,29,Active
9202,Growth,2024-11-12,99,Active
9203,Growth,2024-06-08,99,Active
9206,Starter,2024-02-15,29,Cancelled
9207,Starter,2024-02-25,29,Active
9208,Starter,2024-04-29,29,Active
9214,Starter,2024-09-05,29,Active
9215,Enterprise,2024-07-21,499,Cancelled
9217,Enterprise,2024-11-20,499,Cancelled
9218,Starter,2024-11-25,29,Active
9219,Starter,2024-04-11,29,Active
9221,Enterprise,2024-08-22,499,Active
9223,Starter,2024-08-16,29,Active
9226,Starter,2024-07-02,29,Active
9228,Growth,2024-01-26,99,Active
9235,Growth,2024-06-22,99,Active
9239,Growth,2024-08-13,99,Cancelled
9240,Growth,2024-01-25,99,Active
9245,Growth,2024-09-15,99,Active
9246,Starter,2025-01-09,29,Active
9248,Growth,2024-05-07,99,Active
9253,Starter,2024-09-05,29,Active
9258,Growth,2024-10-19,99,Active
9261,Enterprise,2024-09-23,499,Active
9263,Starter,2024-08-14,29,Active
9265,Starter,2024-09-28,29,Active
9267,Starter,2024-07-13,29,Cancelled
9268,Growth,2024-08-02,99,Active
9273,Starter,2024-05-22,29,Active
9275,Growth,2024-10-21,99,Active
9282,Starter,2024-08-07,29,Active
9283,Starter,2024-11-24,29,Active
9284,Enterprise,2024-07-30,499,Active
9289,Starter,2024-01-30,29,Active
9290,Starter,2024-08-21,29,Active
9291,Starter,2024-09-13,29,Cancelled
9292,Growth,2024-06-27,99,Cancelled
9295,Starter,2024-09-16,29,Active
9300,Growth,2024-02-02,99,Cancelled
9301,Starter,2025-01-09,29,Active
9303,Enterprise,2024-09-30,499,Cancelled
9305,Starter,2024-08-16,29,Active
9306,Starter,2024-06-27,29,Active
9307,Starter,2024-06-05,29,Active
9310,Enterprise,2024-09-25,499,Active
9311,Starter,2024-09-03,29,Active
9312,Growth,2024-02-06,99,Active
9313,Growth,2025-01-02,99,Active
9315,Growth,2024-03-16,99,Active
9317,Starter,2024-11-10,29,Cancelled
9318,Growth,2024-12-30,99,Active
9322,Growth,2024-11-25,99,Active
9325,Growth,2024-10-15,99,Active
9327,Starter,2024-05-02,29,Active
9330,Starter,2024-06-08,29,Active
9331,Starter,2024-04-27,29,Active
9333,Growth,2024-09-29,99,Active
9334,Enterprise,2024-05-30,499,Active
9338,Starter,2024-06-18,29,Active
9339,Starter,2024-04-20,29,Active
9340,Growth,2024-08-16,99,Active
9344,Starter,2024-08-06,29,Active
9345,Enterprise,2024-11-13,499,Active
9347,Growth,2024-05-17,99,Active
9348,Starter,2024-03-21,29,Active
9352,Starter,2024-07-09,29,Active
9360,Growth,2024-11-16,99,Active
9361,Starter,2024-10-03,29,Active
9363,Starter,2024-07-28,29,Active
9365,Starter,2024-08-26,29,Active
9367,Growth,2024-07-28,99,Active
9371,Starter,2024-12-03,29,Active
9373,Starter,2024-02-04,29,Active
9381,Growth,2024-10-09,99,Active
9382,Starter,2024-08-31,29,Active
9385,Growth,2024-06-23,99,Active
9386,Starter,2024-09-15,29,Active
9388,Starter,2024-02-09,29,Active
9392,Starter,2024-09-03,29,Active
9393,Starter,2024-07-14,29,Active
9394,Growth,2024-03-19,99,Active
9397,Starter,2024-01-29,29,Active
9399,Starter,2024-07-31,29,Active
9400,Growth,2024-06-14,99,Active
9402,Starter,2024-02-05,29,Active
9407,Growth,2024-05-05,99,Active
9408,Starter,2025-01-11,29,Active
9410,Starter,2024-06-20,29,Active
9412,Starter,2024-09-29,29,Active
9416,Growth,2024-11-18,99,Active
9419,Starter,2024-02-20,29,Active
9424,Enterprise,2025-01-23,499,Active
9426,Starter,2024-01-25,29,Active
9428,Growth,2024-10-30,99,Active
9437,Enterprise,2025-01-01,499,Active
9439,Growth,2024-12-09,99,Cancelled
9443,Starter,2024-07-01,29,Active
9446,Starter,2024-08-17,29,Active
9453,Starter,2024-10-31,29,Active
9454,Growth,2024-12-19,99,Active
9455,Starter,2024-09-27,29,Active
9458,Starter,2024-07-31,29,Active
9459,Growth,2024-09-19,99,Active
9461,Starter,2024-05-21,29,Active
9462,Growth,2025-01-16,99,Active
9465,Starter,2024-02-25,29,Active
9471,Starter,2024-05-29,29,Active
9475,Starter,2024-02-20,29,Active
9478,Starter,2024-10-14,29,Active
9480,Starter,2024-04-24,29,Cancelled
9481,Growth,2024-08-12,99,Active
9483,Starter,2024-06-19,29,Active
9488,Starter,2024-08-30,29,Cancelled
9489,Starter,2024-07-16,29,Active
9498,Growth,2024-06-17,99,Active
9500,Starter,2024-05-15,29,Active
9501,Starter,2024-03-01,29,Active
9503,Starter,2024-08-27,29,Cancelled
9504,Starter,2024-04-12,29,Active
9506,Starter,2024-08-13,29,Active
9507,Starter,2024-06-23,29,Active
9509,Growth,2024-12-15,99,Active
9517,Growth,2024-11-20,99,Active
9518,Starter,2024-02-04,29,Active
9523,Growth,2024-06-01,99,Active
9524,Enterprise,2024-08-17,499,Cancelled
9526,Growth,2024-02-12,99,Active
9532,Starter,2024-01-13,29,Active
9538,Starter,2024-02-01,29,Active
9542,Growth,2024-09-02,99,Active
9545,Growth,2024-09-27,99,Active
9547,Growth,2024-02-26,99,Cancelled
9551,Starter,2024-06-03,29,Active
9553,Enterprise,2024-07-24,499,Active
9557,Growth,2024-07-30,99,Cancelled
9558,Starter,2024-04-16,29,Active
9559,Enterprise,2024-09-03,499,Active
9566,Enterprise,2024-11-17,499,Cancelled
9568,Enterprise,2024-02-03,499,Active
9573,Growth,2024-09-15,99,Active
9575,Enterprise,2024-09-02,499,Active
9576,Enterprise,2024-08-26,499,Active
9578,Growth,2024-08-04,99,Active
9579,Growth,2024-04-12,99,Active
9581,Starter,2025-01-03,29,Active
9584,Growth,2024-09-15,99,Active
9588,Starter,2024-06-07,29,Active
9590,Starter,2024-12-30,29,Active
9593,Enterprise,2024-07-19,499,Active
9594,Starter,2024-11-19,29,Active
9596,Growth,2024-03-28,99,Active
9601,Starter,2024-02-05,29,Active
9602,Growth,2024-04-01,99,Active
9604,Growth,2024-04-13,99,Cancelled
9605,Growth,2024-03-28,99,Active
9612,Starter,2024-01-20,29,Active
9618,Growth,2024-07-09,99,Active
9622,Growth,2024-01-25,99,Active
9625,Starter,2024-03-19,29,Active
9629,Starter,2024-06-14,29,Active
9631,Starter,2024-11-21,29,Active
9632,Starter,2024-07-26,29,Active
9633,Starter,2024-03-12,29,Active
9634,Starter,2024-02-15,29,Active
9635,Growth,2024-08-07,99,Active
9636,Growth,2024-12-10,99,Active
9637,Starter,2024-11-28,29,Active
9638,Growth,2024-06-22,99,Active
9640,Starter,2024-10-12,29,Cancelled
9642,Enterprise,2024-08-19,499,Active
9644,Starter,2024-07-12,29,Active
9645,Enterprise,2024-01-26,499,Active
9646,Growth,2024-07-01,99,Cancelled
9648,Growth,2024-11-08,99,Cancelled
9649,Starter,2024-09-05,29,Active
9651,Starter,2024-12-08,29,Cancelled
9653,Growth,2024-08-17,99,Active
9654,Growth,2024-10-31,99,Active
9658,Enterprise,2024-04-20,499,Active
9659,Growth,2024-06-26,99,Active
9665,Enterprise,2024-02-09,499,Active
9667,Enterprise,2024-03-14,499,Active
9668,Starter,2024-04-10,29,Active
9671,Starter,2024-12-29,29,Active
9673,Starter,2024-03-21,29,Active
9674,Enterprise,2024-05-10,499,Cancelled
9675,Starter,2024-11-07,29,Active
9679,Growth,2024-03-28,99,Active
9684,Enterprise,2024-09-04,499,Active
9685,Growth,2024-03-27,99,Active
9692,Growth,2024-10-26,99,Active
9693,Starter,2024-06-02,29,Active
9694,Growth,2024-03-31,99,Active
9695,Enterprise,2024-08-01,499,Active
9696,Enterprise,2024-02-27,499,Cancelled
9697,Starter,2024-01-30,29,Active
9699,Growth,2024-01-27,99,Active
9700,Starter,2024-06-18,29,Active
9702,Enterprise,2024-12-08,499,Active
9703,Enterprise,2024-06-23,499,Active
9705,Starter,2024-12-05,29,Active
9706,Growth,2025-01-12,99,Active
9707,Growth,2025-01-17,99,Active
9708,Growth,2024-03-03,99,Active
9710,Growth,2024-06-06,99,Active
9712,Starter,2024-06-02,29,Active
9713,Starter,2024-11-10,29,Active
9716,Growth,2024-10-14,99,Active
9717,Growth,2024-11-06,99,Active
9718,Growth,2024-12-24,99,Active
9719,Starter,2024-10-25,29,Active
9721,Growth,2024-07-05,99,Active
9725,Growth,2024-12-26,99,Cancelled
9729,Starter,2024-11-02,29,Active
9731,Starter,2024-04-28,29,Active
9732,Growth,2024-08-14,99,Cancelled
9733,Enterprise,2024-05-19,499,Active
9734,Growth,2024-10-29,99,Active
9735,Growth,2024-11-07,99,Cancelled
9739,Growth,2024-02-25,99,Active
9740,Growth,2024-08-23,99,Active
9742,Starter,2024-09-22,29,Active
9743,Starter,2024-08-31,29,Active
9746,Starter,2024-09-17,29,Cancelled
9750,Starter,2024-05-13,29,Active
9751,Starter,2024-02-18,29,Active
9753,Growth,2024-06-23,99,Active
9756,Growth,2024-05-23,99,Cancelled
9758,Growth,2024-05-31,99,Active
9760,Growth,2024-02-10,99,Cancelled
9762,Starter,2024-01-19,29,Active
9768,Starter,2024-09-06,29,Active
9771,Enterprise,2024-05-07,499,Active
9773,Enterprise,2024-04-29,499,Active
9774,Starter,2024-05-03,29,Cancelled
9776,Growth,2024-03-01,99,Active
9781,Enterprise,2024-11-07,499,Active
9784,Starter,2024-03-29,29,Active
9785,Growth,2025-01-26,99,Active
9786,Starter,2024-11-05,29,Active
9789,Growth,2024-09-21,99,Active
9791,Starter,2024-05-05,29,Cancelled
9792,Growth,2024-01-31,99,Active
9796,Enterprise,2024-12-13,499,Active
9797,Starter,2024-05-28,29,Active
9799,Starter,2025-01-09,29,Active
9800,Starter,2024-07-07,29,Active
9805,Enterprise,2024-05-01,499,Active
9807,Starter,2024-08-12,29,Active
9811,Starter,2024-02-23,29,Active
9813,Starter,2024-06-12,29,Active
9814,Growth,2025-01-13,99,Active
9816,Enterprise,2024-11-19,499,Active
9818,Enterprise,2024-03-20,499,Active
9820,Starter,2024-03-18,29,Active
9821,Starter,2025-01-06,29,Active
9822,Growth,2024-10-21,99,Active
9823,Growth,2024-03-09,99,Active
9827,Starter,2024-06-19,29,Cancelled
9828,Growth,2024-10-29,99,Active
9829,Enterprise,2024-03-20,499,Active
9836,Growth,2024-11-30,99,Active
9837,Starter,2024-05-20,29,Active
9840,Starter,2024-11-10,29,Active
9843,Starter,2024-05-17,29,Active
9844,Enterprise,2024-07-24,499,Active
9845,Starter,2024-10-12,29,Active
9846,Enterprise,2024-11-27,499,Active
9847,Growth,2024-02-11,99,Active
9848,Growth,2024-09-19,99,Active
9853,Starter,2024-07-18,29,Active
9856,Starter,2024-09-29,29,Active
9858,Starter,2024-07-19,29,Active
9859,Growth,2024-05-24,99,Active
9860,Growth,2024-09-08,99,Active
9864,Growth,2024-10-26,99,Active
9866,Starter,2024-07-08,29,Active
9869,Starter,2024-03-07,29,Active
9871,Starter,2024-04-24,29,Active
9873,Growth,2024-09-30,99,Active
9875,Growth,2024-07-04,99,Active
9877,Enterprise,2024-03-14,499,Active
9878,Growth,2024-09-08,99,Cancelled
9880,Starter,2024-10-07,29,Active
9881,Starter,2024-06-02,29,Active
9883,Growth,2024-02-09,99,Active
9894,Starter,2024-02-15,29,Active
9895,Growth,2024-05-16,99,Active
9897,Starter,2024-08-04,29,Active
9904,Starter,2024-04-08,29,Active
9905,Starter,2024-11-27,29,Active
9906,Growth,2024-07-13,99,Active
9907,Growth,2025-01-28,99,Active
9910,Growth,2025-01-05,99,Cancelled
9911,Starter,2024-10-08,29,Active
9912,Enterprise,2025-01-13,499,Active
9914,Starter,2024-12-12,29,Active
9916,Starter,2025-01-27,29,Active
9917,Starter,2024-02-12,29,Active
9918,Starter,2024-07-10,29,Active
9920,Starter,2024-03-27,29,Active
9921,Starter,2025-01-25,29,Active
9927,Growth,2024-04-28,99,Active
9931,Growth,2024-03-08,99,Cancelled
9932,Starter,2024-01-19,29,Active
9935,Growth,2024-07-25,99,Active
9939,Starter,2024-11-11,29,Cancelled
9940,Starter,2024-09-17,29,Active
9945,Growth,2024-07-23,99,Active
9946,Starter,2025-01-08,29,Active
9949,Starter,2024-09-25,29,Active
9951,Starter,2024-03-15,29,Cancelled
9952,Starter,2024-07-21,29,Active
9954,Starter,2024-05-20,29,Active
9957,Starter,2024-11-26,29,Active
9960,Starter,2024-02-24,29,Cancelled
9961,Growth,2024-06-16,99,Cancelled
9964,Starter,2024-12-30,29,Active
9965,Starter,2024-07-09,29,Active
9970,Starter,2024-06-27,29,Active
9976,Enterprise,2024-04-20,499,Active
9978,Starter,2024-09-07,29,Cancelled
9984,Starter,2024-12-13,29,Active
9985,Starter,2024-06-20,29,Active
9987,Starter,2024-03-05,29,Active
9990,Starter,2024-10-26,29,Active
9992,Starter,2024-04-23,29,Active
9993,Starter,2024-09-03,29,Active
9995,Starter,2024-03-18,29,Active
9996,Growth,2024-12-18,99,Active
