user_id,signup_date,country,acquisition_channel,company_size,engagement_score,invited_team
1,2024-11-23,Philippines,Organic Search,SMB,55,True
2,2024-05-05,Barbados,Referral,SMB,33,False
3,2024-12-12,Jamaica,Paid Ads,SMB,74,True
4,2024-01-17,Liberia,Organic Search,SMB,49,True
5,2024-09-15,Taiwan,Paid Ads,SMB,45,True
6,2024-11-28,Tokelau,Paid Ads,SMB,77,True
7,2024-10-28,Uganda,Partner,Mid Market,20,True
8,2024-03-22,Reunion,Social Media,SMB,39,True
9,2024-04-20,Brunei Darussalam,Partner,SMB,68,True
10,2024-02-19,Venezuela,Partner,Mid Market,97,False
11,2024-05-15,Botswana,Organic Search,Mid Market,88,True
12,2024-03-04,Tunisia,Social Media,SMB,57,False
13,2024-11-17,Chile,Paid Ads,Mid Market,66,True
14,2024-10-22,Uruguay,Referral,Mid Market,25,True
15,2024-12-04,Afghanistan,Referral,Mid Market,30,True
16,2024-04-29,Sweden,Organic Search,SMB,78,False
17,2024-11-21,Gabon,Partner,SMB,65,True
18,2024-04-17,Japan,Partner,Mid Market,29,False
19,2024-11-07,Papua New Guinea,Referral,SMB,51,True
20,2024-03-24,Libyan Arab Jamahiriya,Social Media,SMB,91,True
21,2024-04-22,Heard Island and McDonald Islands,Partner,Mid Market,27,False
22,2024-04-27,Mali,Organic Search,Mid Market,71,True
23,2024-05-17,Switzerland,Organic Search,SMB,92,True
24,2024-06-10,Nepal,Referral,Mid Market,70,True
25,2024-11-25,Indonesia,Social Media,SMB,37,True
26,2024-05-06,Kyrgyz Republic,Paid Ads,SMB,94,True
27,2024-08-07,Guyana,Paid Ads,SMB,48,True
28,2024-03-11,Monaco,Paid Ads,SMB,26,True
29,2024-02-26,Antigua and Barbuda,Referral,Mid Market,74,True
30,2024-11-01,Saudi Arabia,Organic Search,SMB,96,True
31,2024-08-27,Burkina Faso,Paid Ads,SMB,90,True
32,2024-01-06,Antigua and Barbuda,Organic Search,Mid Market,88,True
33,2024-05-16,Saint Kitts and Nevis,Partner,SMB,75,True
34,2024-03-21,Andorra,Social Media,SMB,53,True
35,2024-09-13,Panama,Referral,SMB,33,False
36,2024-11-16,Reunion,Partner,Mid Market,84,True
37,2024-11-07,Madagascar,Referral,SMB,40,True
38,2024-10-03,Togo,Paid Ads,Enterprise,96,True
39,2024-06-14,Bahrain,Social Media,SMB,66,True
40,2024-06-06,Togo,Referral,SMB,92,True
41,2024-02-10,Colombia,Organic Search,Mid Market,28,False
42,2024-09-29,Brazil,Referral,SMB,80,True
43,2024-10-08,Slovakia (Slovak Republic),Referral,SMB,97,True
44,2024-08-04,Djibouti,Referral,Enterprise,45,False
45,2024-12-31,Reunion,Partner,SMB,67,True
46,2024-08-12,Korea,Paid Ads,SMB,51,True
47,2024-04-25,Burkina Faso,Organic Search,SMB,95,True
48,2024-10-10,Togo,Referral,SMB,20,False
49,2024-02-06,Guinea,Organic Search,SMB,24,False
50,2024-06-18,Seychelles,Organic Search,SMB,55,True
51,2024-12-08,Iraq,Social Media,SMB,36,True
52,2024-10-19,Australia,Paid Ads,SMB,80,False
53,2024-07-27,Poland,Referral,SMB,75,True
54,2024-06-30,Ireland,Social Media,SMB,26,True
55,2024-12-10,Liechtenstein,Organic Search,SMB,63,True
56,2024-02-25,Angola,Referral,SMB,88,True
57,2024-08-17,Guam,Referral,SMB,55,True
58,2024-08-24,Kiribati,Referral,Mid Market,29,False
59,2024-08-14,Panama,Paid Ads,SMB,89,True
60,2024-01-08,Ecuador,Organic Search,Enterprise,50,True
61,2024-03-26,South Georgia and the South Sandwich Islands,Social Media,SMB,47,True
62,2024-07-24,Korea,Organic Search,SMB,20,True
63,2024-07-18,Iran,Partner,Enterprise,78,True
64,2024-05-26,Belize,Social Media,Mid Market,91,True
65,2024-12-04,Grenada,Social Media,SMB,57,True
66,2024-04-21,Papua New Guinea,Organic Search,SMB,89,True
67,2024-02-01,Gambia,Partner,SMB,94,True
68,2024-09-01,Belgium,Paid Ads,Enterprise,87,True
69,2024-03-21,Ecuador,Organic Search,Enterprise,30,True
70,2024-04-05,Malta,Organic Search,SMB,50,True
71,2024-07-25,British Virgin Islands,Organic Search,Enterprise,92,True
72,2024-05-06,Mayotte,Paid Ads,SMB,99,True
73,2024-02-11,Belize,Social Media,Mid Market,92,True
74,2024-09-24,Jordan,Partner,Enterprise,46,True
75,2024-12-08,Cameroon,Partner,SMB,70,True
76,2024-03-08,Venezuela,Partner,SMB,29,True
77,2024-01-05,Seychelles,Social Media,Mid Market,92,True
78,2024-02-21,Kyrgyz Republic,Organic Search,SMB,84,True
79,2024-05-15,Russian Federation,Referral,Enterprise,28,False
80,2024-05-05,Nauru,Partner,SMB,76,True
81,2024-10-05,Bermuda,Partner,Mid Market,87,True
82,2024-01-05,Seychelles,Paid Ads,SMB,33,True
83,2024-03-09,Ireland,Partner,SMB,33,True
84,2024-10-10,Canada,Referral,SMB,97,True
85,2024-04-17,Colombia,Partner,SMB,53,True
86,2024-09-15,Malaysia,Social Media,SMB,26,True
87,2024-02-17,Bouvet Island (Bouvetoya),Social Media,Mid Market,25,False
88,2024-01-02,Norway,Partner,Mid Market,53,True
89,2024-03-23,Moldova,Social Media,SMB,74,True
90,2024-10-14,Macao,Organic Search,SMB,39,True
91,2024-10-06,Tuvalu,Organic Search,Mid Market,94,True
92,2024-10-09,Malaysia,Referral,SMB,25,True
93,2024-06-06,Cote d'Ivoire,Partner,Mid Market,25,False
94,2024-07-02,Swaziland,Referral,Mid Market,33,True
95,2024-06-30,Kenya,Paid Ads,Mid Market,72,True
96,2024-11-13,Angola,Referral,Enterprise,50,True
97,2024-03-24,United States Minor Outlying Islands,Referral,Mid Market,23,True
98,2024-04-01,Costa Rica,Partner,Mid Market,72,True
99,2024-12-08,Monaco,Referral,SMB,33,False
100,2024-07-14,Bouvet Island (Bouvetoya),Organic Search,Mid Market,48,True
101,2024-04-12,Cote d'Ivoire,Social Media,SMB,49,True
102,2024-04-24,Chad,Organic Search,Mid Market,71,True
103,2024-06-17,Cayman Islands,Partner,Mid Market,55,False
104,2024-06-28,Sao Tome and Principe,Paid Ads,SMB,88,True
105,2024-06-18,Guinea-Bissau,Organic Search,SMB,53,False
106,2024-04-01,Slovakia (Slovak Republic),Paid Ads,Enterprise,53,True
107,2024-01-20,Kenya,Organic Search,SMB,64,True
108,2024-06-09,Barbados,Social Media,Mid Market,85,True
109,2024-02-29,United Kingdom,Social Media,Mid Market,44,True
110,2024-05-10,Botswana,Organic Search,Mid Market,20,False
111,2024-09-23,Sudan,Paid Ads,Mid Market,45,True
112,2024-07-05,Aruba,Social Media,SMB,62,True
113,2024-11-15,British Virgin Islands,Partner,Mid Market,35,True
114,2024-06-02,Russian Federation,Paid Ads,SMB,72,True
115,2024-06-16,Nepal,Social Media,Mid Market,90,True
116,2024-03-06,Romania,Referral,SMB,68,True
117,2024-12-12,Namibia,Referral,Mid Market,58,True
118,2024-07-26,Slovakia (Slovak Republic),Paid Ads,Mid Market,58,True
119,2024-05-26,Cyprus,Referral,SMB,94,True
120,2024-11-06,Mexico,Partner,SMB,76,False
121,2024-12-11,Guernsey,Referral,SMB,41,True
122,2024-12-03,Libyan Arab Jamahiriya,Organic Search,SMB,99,True
123,2024-06-20,Benin,Organic Search,Mid Market,50,True
124,2024-12-10,Spain,Partner,SMB,45,True
125,2024-03-16,Kenya,Organic Search,SMB,80,True
126,2024-11-08,Morocco,Organic Search,SMB,100,True
127,2024-10-21,Afghanistan,Referral,Mid Market,69,True
128,2024-09-10,Libyan Arab Jamahiriya,Social Media,SMB,20,False
129,2024-02-24,Martinique,Social Media,SMB,86,True
130,2024-08-25,Saint Martin,Organic Search,SMB,35,False
131,2024-08-21,Ghana,Referral,Mid Market,87,True
132,2024-10-13,Qatar,Paid Ads,SMB,76,True
133,2024-11-09,Ecuador,Paid Ads,SMB,90,True
134,2024-08-16,Zimbabwe,Referral,Mid Market,80,True
135,2024-08-18,Ghana,Partner,Mid Market,55,True
136,2024-09-23,Brunei Darussalam,Social Media,Mid Market,55,True
137,2024-08-13,Canada,Organic Search,Mid Market,50,False
138,2024-05-19,Tanzania,Partner,SMB,89,True
139,2024-02-11,Niue,Referral,SMB,69,True
140,2024-12-21,France,Referral,Mid Market,28,True
141,2024-07-31,Nigeria,Social Media,SMB,79,True
142,2024-07-31,Bolivia,Organic Search,SMB,73,True
143,2024-07-18,Wallis and Futuna,Paid Ads,Enterprise,22,True
144,2024-10-21,Marshall Islands,Social Media,SMB,65,True
145,2024-06-01,New Caledonia,Social Media,Mid Market,73,True
146,2024-10-02,Gambia,Paid Ads,Mid Market,48,True
147,2024-09-06,Malawi,Referral,SMB,82,True
148,2024-01-15,Denmark,Social Media,SMB,71,True
149,2024-03-25,Gambia,Social Media,Enterprise,99,True
150,2024-09-30,Norway,Organic Search,Enterprise,95,True
151,2024-10-15,British Indian Ocean Territory (Chagos Archipelago),Organic Search,SMB,74,True
152,2024-03-10,Guatemala,Social Media,SMB,53,True
153,2024-07-13,United Kingdom,Partner,SMB,61,True
154,2024-06-21,Ireland,Social Media,SMB,73,True
155,2024-05-09,Bermuda,Organic Search,SMB,89,True
156,2024-01-27,Palau,Partner,SMB,28,True
157,2024-11-29,Marshall Islands,Organic Search,Mid Market,51,True
158,2024-04-12,South Georgia and the South Sandwich Islands,Organic Search,Mid Market,50,True
159,2024-03-05,Palestinian Territory,Social Media,Mid Market,92,True
160,2024-04-21,French Polynesia,Social Media,Mid Market,67,True
161,2024-03-26,Malawi,Paid Ads,Mid Market,34,False
162,2024-03-24,North Macedonia,Partner,SMB,23,True
163,2024-06-08,Korea,Paid Ads,Mid Market,68,True
164,2024-07-22,United States Virgin Islands,Referral,SMB,100,True
165,2024-05-04,United Kingdom,Organic Search,Mid Market,58,True
166,2024-12-16,Jersey,Paid Ads,Mid Market,92,True
167,2024-01-22,Libyan Arab Jamahiriya,Partner,SMB,67,True
168,2024-02-05,Wallis and Futuna,Paid Ads,Mid Market,21,True
169,2024-08-03,Cocos (Keeling) Islands,Social Media,SMB,66,True
170,2024-11-21,Peru,Social Media,Mid Market,75,True
171,2024-03-31,Norway,Paid Ads,Enterprise,54,False
172,2024-11-11,Tonga,Paid Ads,Mid Market,79,True
173,2024-08-11,Azerbaijan,Paid Ads,SMB,51,True
174,2024-02-14,Brunei Darussalam,Partner,Mid Market,51,True
175,2024-08-25,Bosnia and Herzegovina,Paid Ads,Mid Market,68,False
176,2024-06-21,Czech Republic,Organic Search,SMB,61,True
177,2024-04-03,Slovenia,Social Media,SMB,53,True
178,2024-06-23,Cayman Islands,Partner,Mid Market,55,True
179,2024-10-11,Northern Mariana Islands,Organic Search,SMB,44,True
180,2024-02-13,Barbados,Referral,Mid Market,82,True
181,2024-10-11,United Kingdom,Referral,Mid Market,82,True
182,2024-08-17,Cuba,Organic Search,SMB,48,False
183,2024-07-26,Gibraltar,Referral,SMB,94,True
184,2024-07-07,Korea,Social Media,SMB,64,True
185,2024-08-05,Sudan,Paid Ads,SMB,78,True
186,2024-05-18,Faroe Islands,Partner,SMB,35,True
187,2024-04-08,Gabon,Partner,SMB,88,True
188,2024-12-19,Swaziland,Referral,SMB,81,True
189,2024-05-21,Ireland,Paid Ads,Enterprise,87,True
190,2024-11-01,Paraguay,Partner,Enterprise,44,True
191,2024-05-31,Romania,Referral,SMB,58,True
192,2024-01-08,Slovakia (Slovak Republic),Paid Ads,SMB,25,False
193,2024-01-28,Solomon Islands,Paid Ads,SMB,36,True
194,2024-11-22,Belize,Social Media,SMB,21,False
195,2024-10-20,Tajikistan,Partner,SMB,76,True
196,2024-06-23,New Zealand,Referral,Enterprise,52,True
197,2024-09-01,Costa Rica,Organic Search,Mid Market,71,True
198,2024-09-08,Cameroon,Organic Search,SMB,26,False
199,2024-03-18,Bahrain,Referral,Mid Market,58,True
200,2024-02-13,Niue,Referral,SMB,73,True
201,2024-11-06,Kenya,Paid Ads,Mid Market,48,True
202,2024-09-24,Latvia,Social Media,SMB,76,True
203,2024-06-01,El Salvador,Paid Ads,Enterprise,59,True
204,2024-10-18,Netherlands Antilles,Paid Ads,SMB,32,True
205,2024-04-16,Hong Kong,Referral,SMB,30,False
206,2024-03-21,Estonia,Referral,SMB,29,True
207,2024-03-21,Montenegro,Organic Search,SMB,96,True
208,2024-08-28,Romania,Partner,SMB,56,True
209,2024-12-27,Northern Mariana Islands,Partner,Mid Market,78,True
210,2024-02-06,United Arab Emirates,Referral,Enterprise,100,True
211,2024-10-28,Switzerland,Referral,SMB,89,True
212,2024-04-25,Isle of Man,Referral,Enterprise,38,True
213,2024-02-06,Kiribati,Organic Search,SMB,59,True
214,2024-10-31,Wallis and Futuna,Paid Ads,Enterprise,76,True
215,2024-03-04,Puerto Rico,Social Media,Mid Market,71,True
216,2024-05-19,Cocos (Keeling) Islands,Paid Ads,SMB,76,True
217,2024-02-11,Brazil,Paid Ads,SMB,75,False
218,2024-06-14,Czech Republic,Paid Ads,SMB,31,False
219,2024-04-27,Congo,Paid Ads,SMB,22,False
220,2024-12-10,Kiribati,Partner,SMB,42,True
221,2024-08-28,Palau,Paid Ads,Mid Market,55,True
222,2024-04-02,Cocos (Keeling) Islands,Paid Ads,SMB,82,False
223,2024-02-16,Samoa,Social Media,SMB,62,True
224,2024-06-13,France,Organic Search,Mid Market,62,True
225,2024-07-29,Saint Pierre and Miquelon,Social Media,SMB,71,True
226,2024-10-08,Ghana,Organic Search,SMB,60,True
227,2024-05-09,Cocos (Keeling) Islands,Partner,SMB,71,True
228,2024-09-20,Papua New Guinea,Organic Search,Mid Market,89,True
229,2024-08-24,Iran,Social Media,SMB,86,True
230,2024-07-04,Switzerland,Paid Ads,Mid Market,100,True
231,2024-08-14,China,Organic Search,SMB,90,True
232,2024-03-08,British Virgin Islands,Partner,SMB,82,True
233,2024-03-03,Estonia,Organic Search,Enterprise,97,False
234,2024-05-02,British Virgin Islands,Referral,SMB,21,False
235,2024-10-09,Czech Republic,Social Media,SMB,34,True
236,2024-08-24,Martinique,Organic Search,Mid Market,39,True
237,2024-09-12,Nauru,Partner,SMB,54,True
238,2024-07-31,Azerbaijan,Social Media,Enterprise,51,True
239,2024-08-21,Russian Federation,Paid Ads,SMB,44,True
240,2024-11-02,El Salvador,Paid Ads,Mid Market,37,True
241,2024-02-05,Finland,Partner,Mid Market,73,True
242,2024-06-23,Congo,Paid Ads,SMB,20,False
243,2024-05-24,Tokelau,Partner,Mid Market,94,True
244,2024-12-03,Malaysia,Social Media,Mid Market,77,True
245,2024-10-02,Greece,Social Media,SMB,90,True
246,2024-10-05,Afghanistan,Social Media,SMB,61,True
247,2024-04-06,Turkey,Referral,SMB,49,True
248,2024-07-29,Qatar,Organic Search,SMB,80,True
249,2024-12-27,Netherlands,Social Media,SMB,39,True
250,2024-09-10,Singapore,Organic Search,SMB,95,True
251,2024-06-18,United States Minor Outlying Islands,Organic Search,Mid Market,76,True
252,2024-02-21,Croatia,Paid Ads,Enterprise,21,True
253,2024-03-14,Jamaica,Social Media,Mid Market,39,True
254,2024-02-08,Central African Republic,Social Media,Mid Market,53,True
255,2024-06-22,Cocos (Keeling) Islands,Paid Ads,Mid Market,30,True
256,2024-06-17,Australia,Paid Ads,SMB,60,True
257,2024-11-16,Israel,Social Media,Mid Market,24,False
258,2024-11-12,Botswana,Organic Search,SMB,56,True
259,2024-04-26,New Caledonia,Organic Search,SMB,32,True
260,2024-11-20,Antigua and Barbuda,Organic Search,SMB,58,True
261,2024-01-15,British Virgin Islands,Organic Search,SMB,27,False
262,2024-05-30,Nepal,Partner,SMB,38,True
263,2024-05-05,Lebanon,Paid Ads,SMB,43,True
264,2024-03-28,Jordan,Referral,SMB,68,False
265,2024-11-13,Bouvet Island (Bouvetoya),Referral,SMB,94,True
266,2024-03-14,Tuvalu,Referral,SMB,52,True
267,2024-08-23,Faroe Islands,Partner,Mid Market,79,True
268,2024-05-27,Bolivia,Paid Ads,SMB,76,True
269,2024-06-25,Tajikistan,Paid Ads,SMB,74,True
270,2024-12-19,Rwanda,Partner,SMB,58,True
271,2024-04-11,Barbados,Social Media,Mid Market,33,True
272,2024-05-01,Mali,Social Media,SMB,93,True
273,2024-05-31,Morocco,Partner,SMB,70,True
274,2024-05-20,Cocos (Keeling) Islands,Organic Search,SMB,26,False
275,2024-11-06,Paraguay,Social Media,Mid Market,56,True
276,2024-04-27,Lithuania,Paid Ads,Mid Market,48,True
277,2024-11-21,Taiwan,Referral,Mid Market,37,True
278,2024-11-17,United States of America,Organic Search,Enterprise,25,True
279,2024-06-07,Bolivia,Social Media,SMB,66,True
280,2024-03-08,Cyprus,Organic Search,Enterprise,61,True
281,2024-07-31,Comoros,Referral,SMB,89,False
282,2024-07-06,Morocco,Paid Ads,SMB,54,True
283,2024-03-25,Afghanistan,Partner,Enterprise,81,True
284,2024-05-31,Liechtenstein,Partner,Mid Market,79,False
285,2024-02-08,Cocos (Keeling) Islands,Referral,Mid Market,48,True
286,2024-12-12,Argentina,Social Media,Enterprise,91,True
287,2024-07-06,Myanmar,Organic Search,Mid Market,21,True
288,2024-05-15,San Marino,Paid Ads,SMB,67,True
289,2024-12-10,Cocos (Keeling) Islands,Partner,SMB,67,True
290,2024-02-25,Christmas Island,Referral,SMB,99,True
291,2024-10-14,Norfolk Island,Partner,Enterprise,48,True
292,2024-11-27,New Caledonia,Organic Search,Mid Market,79,True
293,2024-12-24,Costa Rica,Partner,Mid Market,34,True
294,2024-03-12,Lebanon,Organic Search,Enterprise,58,False
295,2024-09-09,China,Organic Search,SMB,88,True
296,2024-03-10,Korea,Social Media,SMB,89,True
297,2024-08-02,Kiribati,Paid Ads,Mid Market,39,False
298,2024-07-31,Bolivia,Organic Search,Mid Market,98,True
299,2024-07-27,Cayman Islands,Partner,SMB,67,True
300,2024-04-21,Lithuania,Social Media,SMB,50,True
301,2024-07-04,Solomon Islands,Organic Search,Enterprise,67,True
302,2024-10-05,New Caledonia,Partner,SMB,55,True
303,2024-04-07,Chile,Organic Search,Enterprise,78,True
304,2024-02-16,Bermuda,Referral,Mid Market,96,True
305,2024-01-11,United States of America,Organic Search,Mid Market,51,True
306,2024-03-05,Sierra Leone,Paid Ads,SMB,90,True
307,2024-04-16,Uzbekistan,Paid Ads,SMB,49,True
308,2024-06-17,Lao People's Democratic Republic,Referral,Mid Market,96,True
309,2024-01-02,Rwanda,Partner,Mid Market,38,True
310,2024-03-07,Cuba,Paid Ads,SMB,42,True
311,2024-02-26,Liberia,Organic Search,SMB,65,True
312,2024-05-01,United States of America,Paid Ads,SMB,42,True
313,2024-05-15,Haiti,Organic Search,SMB,73,True
314,2024-09-26,Seychelles,Organic Search,Mid Market,80,False
315,2024-08-17,Czech Republic,Partner,SMB,33,True
316,2024-08-19,Gambia,Paid Ads,SMB,98,True
317,2024-01-23,Ethiopia,Paid Ads,SMB,23,True
318,2024-02-01,Hong Kong,Social Media,Mid Market,74,True
319,2024-12-17,Guatemala,Organic Search,SMB,76,False
320,2024-02-07,Bulgaria,Organic Search,SMB,38,False
321,2024-02-03,Palau,Referral,SMB,94,True
322,2024-10-07,Antarctica (the territory South of 60 deg S),Partner,SMB,96,True
323,2024-09-28,Sao Tome and Principe,Partner,SMB,97,True
324,2024-08-08,Sweden,Organic Search,Mid Market,34,True
325,2024-12-01,Brunei Darussalam,Paid Ads,Mid Market,47,True
326,2024-08-08,Turkey,Social Media,Mid Market,72,True
327,2024-06-22,Japan,Social Media,SMB,32,True
328,2024-06-09,Armenia,Social Media,SMB,52,True
329,2024-07-10,Australia,Referral,Mid Market,80,True
330,2024-02-04,Mexico,Organic Search,Mid Market,31,True
331,2024-08-09,Peru,Organic Search,Mid Market,67,True
332,2024-03-07,Cameroon,Paid Ads,SMB,91,True
333,2024-10-14,Indonesia,Partner,Mid Market,72,True
334,2024-06-30,Madagascar,Social Media,Mid Market,26,False
335,2024-05-27,Jordan,Paid Ads,SMB,33,True
336,2024-10-22,Reunion,Paid Ads,SMB,81,True
337,2024-04-24,Palestinian Territory,Organic Search,SMB,91,True
338,2024-07-07,Israel,Organic Search,Mid Market,93,True
339,2024-04-25,French Polynesia,Social Media,Mid Market,99,True
340,2024-11-10,Slovakia (Slovak Republic),Paid Ads,SMB,54,True
341,2024-01-15,Cameroon,Referral,SMB,59,True
342,2024-06-22,British Virgin Islands,Partner,SMB,38,True
343,2024-10-16,Christmas Island,Social Media,SMB,23,True
344,2024-02-16,Germany,Paid Ads,SMB,73,False
345,2024-08-20,Ecuador,Partner,SMB,59,True
346,2024-06-15,Peru,Paid Ads,SMB,26,False
347,2024-03-20,Eritrea,Referral,Mid Market,26,True
348,2024-12-11,Denmark,Organic Search,SMB,74,True
349,2024-09-05,Mali,Paid Ads,SMB,54,True
350,2024-04-20,Cameroon,Paid Ads,SMB,75,True
351,2024-02-26,Nepal,Partner,Mid Market,95,True
352,2024-09-06,Hungary,Paid Ads,Mid Market,25,True
353,2024-04-22,Iran,Social Media,Enterprise,27,True
354,2024-01-04,Bangladesh,Referral,SMB,47,True
355,2024-03-11,British Virgin Islands,Partner,SMB,35,False
356,2024-01-04,Romania,Social Media,Mid Market,42,False
357,2024-03-07,Panama,Social Media,SMB,49,False
358,2024-09-13,South Georgia and the South Sandwich Islands,Paid Ads,Mid Market,65,True
359,2024-02-06,Chad,Social Media,Mid Market,25,False
360,2024-08-11,Saint Pierre and Miquelon,Organic Search,SMB,29,True
361,2024-06-09,Seychelles,Paid Ads,SMB,71,True
362,2024-12-29,Saint Barthelemy,Social Media,SMB,71,True
363,2024-01-11,Palau,Partner,SMB,99,True
364,2024-08-23,Albania,Partner,SMB,33,True
365,2024-05-04,Turkmenistan,Social Media,SMB,87,True
366,2024-02-10,Montenegro,Social Media,Mid Market,63,True
367,2024-04-23,Saint Vincent and the Grenadines,Partner,Mid Market,29,False
368,2024-09-18,Antarctica (the territory South of 60 deg S),Organic Search,SMB,44,True
369,2024-06-27,Puerto Rico,Partner,Mid Market,38,True
370,2024-04-30,South Georgia and the South Sandwich Islands,Organic Search,SMB,45,True
371,2024-03-29,Bangladesh,Paid Ads,SMB,29,True
372,2024-03-31,Turks and Caicos Islands,Social Media,SMB,92,True
373,2024-10-23,Yemen,Social Media,Mid Market,92,True
374,2024-11-25,Ireland,Paid Ads,SMB,100,False
375,2024-06-10,Greenland,Referral,SMB,80,True
376,2024-08-14,Jamaica,Partner,Mid Market,95,True
377,2024-01-29,Malawi,Partner,SMB,59,True
378,2024-08-24,Burkina Faso,Social Media,SMB,67,False
379,2024-05-26,Austria,Organic Search,Mid Market,31,True
380,2024-11-10,Turkmenistan,Paid Ads,SMB,79,True
381,2024-10-24,Kenya,Paid Ads,Enterprise,25,False
382,2024-08-18,Congo,Paid Ads,Mid Market,61,True
383,2024-11-05,Zimbabwe,Social Media,SMB,27,True
384,2024-08-18,United States of America,Organic Search,Mid Market,63,False
385,2024-12-31,Tokelau,Organic Search,SMB,42,True
386,2024-01-21,China,Referral,Mid Market,76,True
387,2024-09-25,Equatorial Guinea,Paid Ads,Mid Market,66,True
388,2024-07-09,Spain,Partner,SMB,63,True
389,2024-12-13,French Southern Territories,Paid Ads,SMB,100,True
390,2024-11-27,Christmas Island,Partner,SMB,32,False
391,2024-10-12,Denmark,Social Media,SMB,97,True
392,2024-03-17,Micronesia,Partner,SMB,38,True
393,2024-06-28,Tajikistan,Partner,Enterprise,70,True
394,2024-03-07,Ecuador,Paid Ads,Mid Market,30,True
395,2024-06-07,United States of America,Paid Ads,SMB,62,True
396,2024-03-06,Ukraine,Paid Ads,SMB,74,True
397,2024-09-17,New Caledonia,Partner,SMB,59,True
398,2024-04-02,Belgium,Referral,SMB,82,True
399,2024-04-08,Slovakia (Slovak Republic),Referral,Enterprise,39,False
400,2024-02-09,Spain,Partner,Mid Market,32,True
401,2024-09-16,Sudan,Paid Ads,Mid Market,87,True
402,2024-01-20,Pitcairn Islands,Partner,Mid Market,99,True
403,2024-03-08,Tanzania,Paid Ads,SMB,40,True
404,2024-04-02,Gibraltar,Paid Ads,Mid Market,41,True
405,2024-08-12,Comoros,Organic Search,SMB,50,True
406,2024-08-15,Bhutan,Paid Ads,SMB,77,False
407,2024-04-29,Bahrain,Paid Ads,SMB,80,True
408,2024-04-09,Ethiopia,Partner,Mid Market,93,True
409,2024-08-13,Faroe Islands,Social Media,Mid Market,68,True
410,2024-09-14,Saint Vincent and the Grenadines,Paid Ads,SMB,40,True
411,2024-04-12,Japan,Paid Ads,SMB,52,True
412,2024-01-27,Saint Vincent and the Grenadines,Social Media,Mid Market,90,True
413,2024-02-22,Pitcairn Islands,Paid Ads,Mid Market,56,True
414,2024-02-12,Norfolk Island,Referral,SMB,85,True
415,2024-03-16,Albania,Social Media,SMB,48,True
416,2024-08-18,Belgium,Partner,Enterprise,73,False
417,2024-01-28,Poland,Social Media,SMB,50,True
418,2024-07-16,Antarctica (the territory South of 60 deg S),Organic Search,SMB,23,False
419,2024-06-12,Mauritania,Organic Search,Mid Market,62,True
420,2024-03-15,Honduras,Referral,SMB,80,True
421,2024-12-22,Switzerland,Referral,Mid Market,80,True
422,2024-08-17,Sudan,Paid Ads,SMB,30,True
423,2024-01-10,Rwanda,Partner,SMB,39,False
424,2024-10-07,Sao Tome and Principe,Paid Ads,SMB,34,True
425,2024-05-27,French Southern Territories,Referral,SMB,26,True
426,2024-05-02,Reunion,Social Media,Mid Market,99,True
427,2024-08-22,Heard Island and McDonald Islands,Organic Search,SMB,83,True
428,2024-11-01,Togo,Paid Ads,SMB,85,True
429,2024-10-21,Maldives,Referral,Mid Market,57,True
430,2024-08-07,Tajikistan,Organic Search,Mid Market,50,True
431,2024-10-19,Yemen,Social Media,SMB,30,True
432,2024-09-25,Chile,Partner,SMB,87,True
433,2024-10-05,Wallis and Futuna,Paid Ads,Mid Market,84,True
434,2024-10-10,Yemen,Organic Search,SMB,80,True
435,2024-01-23,Niger,Social Media,Enterprise,52,False
436,2024-01-09,Romania,Partner,Mid Market,64,True
437,2024-05-03,Somalia,Organic Search,Mid Market,62,True
438,2024-03-09,Guam,Organic Search,SMB,63,True
439,2024-11-25,American Samoa,Referral,Mid Market,79,True
440,2024-12-22,Haiti,Social Media,Mid Market,37,True
441,2024-02-02,Bahamas,Social Media,SMB,45,True
442,2024-01-23,Israel,Referral,Mid Market,60,True
443,2024-06-07,Lao People's Democratic Republic,Paid Ads,SMB,89,True
444,2024-08-30,Saint Vincent and the Grenadines,Partner,SMB,44,True
445,2024-05-26,Zambia,Partner,Mid Market,26,True
446,2024-12-01,Azerbaijan,Partner,SMB,67,True
447,2024-08-11,Gibraltar,Social Media,Mid Market,69,True
448,2024-06-22,Guyana,Referral,SMB,83,True
449,2024-07-07,Faroe Islands,Paid Ads,SMB,30,True
450,2024-08-05,Iraq,Organic Search,SMB,43,True
451,2024-10-06,Tokelau,Partner,SMB,30,False
452,2024-06-16,Grenada,Partner,SMB,97,True
453,2024-08-06,Timor-Leste,Referral,Mid Market,64,True
454,2024-08-16,Congo,Organic Search,Mid Market,65,True
455,2024-11-10,Bolivia,Social Media,SMB,27,True
456,2024-02-08,Suriname,Social Media,SMB,40,False
457,2024-01-16,Andorra,Referral,Mid Market,76,True
458,2024-01-18,Turkmenistan,Referral,SMB,66,True
459,2024-07-04,Slovakia (Slovak Republic),Social Media,Enterprise,24,False
460,2024-11-05,Andorra,Referral,Mid Market,67,True
461,2024-07-09,Albania,Social Media,Mid Market,93,True
462,2024-03-11,American Samoa,Paid Ads,SMB,60,True
463,2024-11-28,Lesotho,Partner,SMB,34,True
464,2024-01-14,Svalbard & Jan Mayen Islands,Referral,SMB,69,False
465,2024-10-14,New Zealand,Organic Search,SMB,53,False
466,2024-12-26,Libyan Arab Jamahiriya,Social Media,SMB,98,True
467,2024-05-26,Botswana,Social Media,SMB,37,True
468,2024-02-07,Zambia,Social Media,SMB,76,True
469,2024-02-14,Anguilla,Partner,Mid Market,28,False
470,2024-10-08,Philippines,Paid Ads,SMB,58,True
471,2024-03-21,Malaysia,Referral,Mid Market,85,True
472,2024-04-24,Ukraine,Organic Search,Enterprise,37,False
473,2024-05-01,Finland,Social Media,SMB,90,True
474,2024-10-20,Denmark,Partner,SMB,90,True
475,2024-03-07,Tunisia,Paid Ads,Mid Market,28,False
476,2024-06-07,Cambodia,Social Media,Enterprise,81,True
477,2024-09-26,Korea,Social Media,Mid Market,93,True
478,2024-02-07,Kazakhstan,Referral,Enterprise,29,False
479,2024-08-18,Anguilla,Social Media,Mid Market,64,True
480,2024-03-06,Lao People's Democratic Republic,Paid Ads,Mid Market,43,True
481,2024-03-07,Romania,Social Media,SMB,27,True
482,2024-03-04,Puerto Rico,Paid Ads,SMB,41,False
483,2024-03-23,French Guiana,Partner,Enterprise,48,True
484,2024-06-26,Slovenia,Paid Ads,Mid Market,30,True
485,2024-05-08,Madagascar,Referral,Mid Market,90,True
486,2024-05-20,United Arab Emirates,Referral,Mid Market,98,True
487,2024-09-30,Turks and Caicos Islands,Organic Search,SMB,41,True
488,2024-10-30,Timor-Leste,Paid Ads,SMB,99,True
489,2024-11-05,Russian Federation,Partner,Mid Market,92,True
490,2024-01-22,Netherlands,Organic Search,SMB,93,True
491,2024-05-15,China,Referral,Mid Market,73,True
492,2024-11-12,Eritrea,Organic Search,SMB,100,True
493,2024-10-06,Slovenia,Partner,Mid Market,58,True
494,2024-09-04,New Zealand,Referral,Mid Market,71,True
495,2024-06-01,Fiji,Social Media,SMB,27,True
496,2024-03-21,Israel,Social Media,SMB,79,False
497,2024-04-14,Bangladesh,Partner,Mid Market,60,True
498,2024-06-12,Rwanda,Partner,Enterprise,36,True
499,2024-07-08,Burkina Faso,Paid Ads,SMB,60,True
500,2024-05-03,Congo,Social Media,SMB,77,True
501,2024-05-06,Iraq,Referral,SMB,57,False
502,2024-07-15,India,Paid Ads,SMB,40,True
503,2024-06-16,Comoros,Paid Ads,Mid Market,44,True
504,2024-03-22,Botswana,Social Media,Enterprise,79,False
505,2024-09-12,Costa Rica,Partner,SMB,31,True
506,2024-07-20,Turkey,Paid Ads,SMB,50,True
507,2024-04-20,Martinique,Paid Ads,SMB,26,True
508,2024-05-24,Senegal,Social Media,SMB,80,True
509,2024-05-26,Georgia,Paid Ads,SMB,33,True
510,2024-08-08,Iraq,Referral,Mid Market,66,True
511,2024-07-25,Pitcairn Islands,Partner,SMB,26,False
512,2024-10-18,North Macedonia,Paid Ads,SMB,90,True
513,2024-05-27,Faroe Islands,Organic Search,SMB,77,True
514,2024-10-08,Antarctica (the territory South of 60 deg S),Partner,Mid Market,99,True
515,2024-12-14,Switzerland,Paid Ads,SMB,32,True
516,2024-07-20,Ethiopia,Partner,Mid Market,63,True
517,2024-10-12,Somalia,Partner,Mid Market,45,False
518,2024-11-04,Cambodia,Paid Ads,SMB,25,True
519,2024-01-24,Cuba,Organic Search,SMB,62,True
520,2024-08-30,Bolivia,Paid Ads,SMB,97,False
521,2024-09-20,Georgia,Referral,SMB,98,True
522,2024-06-12,Gabon,Referral,SMB,98,False
523,2024-06-02,Poland,Paid Ads,SMB,85,True
524,2024-09-29,French Polynesia,Social Media,Mid Market,58,True
525,2024-08-31,Bermuda,Organic Search,SMB,34,True
526,2024-08-01,Venezuela,Paid Ads,SMB,100,True
527,2024-01-14,Slovakia (Slovak Republic),Paid Ads,SMB,94,True
528,2024-10-22,Greenland,Referral,Mid Market,94,True
529,2024-09-02,Cyprus,Referral,SMB,99,True
530,2024-07-13,Peru,Referral,Mid Market,51,True
531,2024-01-17,Syrian Arab Republic,Paid Ads,Enterprise,34,True
532,2024-04-07,Myanmar,Organic Search,SMB,73,True
533,2024-03-18,Albania,Social Media,Mid Market,72,True
534,2024-09-13,Armenia,Paid Ads,Enterprise,27,True
535,2024-12-27,Albania,Referral,SMB,91,True
536,2024-06-15,United States of America,Social Media,SMB,60,True
537,2024-03-29,Moldova,Social Media,Enterprise,63,True
538,2024-10-06,Macao,Partner,Mid Market,53,True
539,2024-11-08,United States Virgin Islands,Social Media,SMB,51,True
540,2024-05-22,Croatia,Paid Ads,SMB,58,False
541,2024-05-27,Guam,Referral,Mid Market,82,False
542,2024-06-11,Greenland,Social Media,SMB,55,True
543,2024-05-27,Dominican Republic,Organic Search,SMB,89,True
544,2024-07-13,Belarus,Social Media,Mid Market,38,True
545,2024-05-28,Yemen,Organic Search,SMB,30,True
546,2024-06-26,Liechtenstein,Social Media,Mid Market,81,True
547,2024-04-19,Svalbard & Jan Mayen Islands,Referral,Mid Market,54,True
548,2024-10-14,Czech Republic,Partner,SMB,98,True
549,2024-10-27,Kenya,Referral,SMB,87,True
550,2024-04-25,Finland,Referral,SMB,72,True
551,2024-06-18,Trinidad and Tobago,Social Media,SMB,37,True
552,2024-01-03,Gambia,Paid Ads,Enterprise,40,False
553,2024-07-27,Hong Kong,Social Media,SMB,45,True
554,2024-05-27,Armenia,Partner,SMB,27,False
555,2024-02-15,Djibouti,Paid Ads,SMB,24,True
556,2024-03-30,Honduras,Social Media,Mid Market,42,True
557,2024-01-19,Korea,Social Media,Mid Market,43,True
558,2024-05-28,Turkmenistan,Organic Search,SMB,92,True
559,2024-11-04,Antarctica (the territory South of 60 deg S),Organic Search,Enterprise,62,False
560,2024-05-25,Slovenia,Social Media,Enterprise,89,True
561,2024-09-25,Argentina,Social Media,Mid Market,37,True
562,2024-09-15,Japan,Social Media,SMB,34,True
563,2024-06-18,Ireland,Referral,Mid Market,52,False
564,2024-04-05,Iraq,Organic Search,Mid Market,57,True
565,2024-10-17,Cocos (Keeling) Islands,Referral,SMB,71,True
566,2024-08-06,Indonesia,Paid Ads,SMB,71,True
567,2024-12-08,Uzbekistan,Organic Search,SMB,37,False
568,2024-09-01,Rwanda,Partner,Enterprise,20,False
569,2024-05-13,Cuba,Social Media,SMB,54,True
570,2024-06-17,Maldives,Partner,SMB,93,True
571,2024-01-06,Antarctica (the territory South of 60 deg S),Partner,Mid Market,50,True
572,2024-02-01,Mexico,Organic Search,SMB,40,False
573,2024-07-26,Ukraine,Paid Ads,Enterprise,59,True
574,2024-12-19,Reunion,Organic Search,Mid Market,57,True
575,2024-07-07,Romania,Paid Ads,SMB,37,True
576,2024-09-01,Hungary,Referral,SMB,97,True
577,2024-07-10,Palestinian Territory,Social Media,Mid Market,80,True
578,2024-10-02,Tajikistan,Referral,Mid Market,96,True
579,2024-02-11,Malawi,Paid Ads,SMB,66,True
580,2024-02-09,Saint Kitts and Nevis,Paid Ads,SMB,90,True
581,2024-09-15,Dominican Republic,Referral,SMB,39,True
582,2024-03-25,South Africa,Partner,Mid Market,76,True
583,2024-02-29,Congo,Referral,Mid Market,82,True
584,2024-02-16,Austria,Paid Ads,SMB,27,False
585,2024-08-20,Sao Tome and Principe,Referral,SMB,78,True
586,2024-10-15,Liechtenstein,Organic Search,SMB,59,True
587,2024-01-12,Lebanon,Social Media,SMB,20,False
588,2024-04-21,Seychelles,Paid Ads,SMB,74,True
589,2024-06-25,Guatemala,Organic Search,SMB,27,True
590,2024-02-05,Peru,Social Media,SMB,72,True
591,2024-04-02,Palau,Referral,Mid Market,73,False
592,2024-07-10,Zimbabwe,Social Media,SMB,68,False
593,2024-07-11,Bulgaria,Organic Search,Mid Market,89,True
594,2024-03-09,Uzbekistan,Partner,SMB,88,False
595,2024-07-20,Haiti,Paid Ads,SMB,48,True
596,2024-01-02,United States Minor Outlying Islands,Organic Search,Enterprise,79,True
597,2024-12-10,Malawi,Paid Ads,SMB,68,True
598,2024-04-27,Uganda,Referral,SMB,39,True
599,2024-05-21,Comoros,Referral,Enterprise,34,True
600,2024-01-17,Peru,Social Media,Mid Market,22,True
601,2024-05-03,Mauritania,Referral,SMB,96,True
602,2024-01-18,Syrian Arab Republic,Social Media,SMB,26,True
603,2024-05-05,El Salvador,Organic Search,SMB,49,False
604,2024-10-03,Paraguay,Referral,Mid Market,27,True
605,2024-03-12,Aruba,Paid Ads,Enterprise,49,True
606,2024-10-21,Tokelau,Partner,SMB,61,True
607,2024-05-01,Sudan,Partner,Mid Market,86,True
608,2024-04-23,Saint Martin,Social Media,SMB,27,False
609,2024-10-12,Seychelles,Paid Ads,Mid Market,42,True
610,2024-11-16,Brunei Darussalam,Social Media,SMB,26,True
611,2024-06-25,Saint Lucia,Social Media,Mid Market,60,True
612,2024-12-22,Sri Lanka,Social Media,SMB,58,True
613,2024-07-11,Congo,Referral,Mid Market,80,True
614,2024-05-03,United Kingdom,Referral,SMB,38,True
615,2024-08-25,Switzerland,Organic Search,SMB,73,False
616,2024-10-12,Honduras,Paid Ads,SMB,51,True
617,2024-05-10,Gambia,Referral,SMB,30,True
618,2024-08-18,Dominican Republic,Partner,SMB,44,True
619,2024-01-27,Italy,Partner,SMB,97,True
620,2024-11-04,San Marino,Organic Search,Mid Market,44,False
621,2024-10-27,Suriname,Paid Ads,SMB,46,True
622,2024-06-19,Sudan,Partner,Enterprise,21,False
623,2024-04-18,Korea,Referral,Enterprise,35,False
624,2024-09-02,Finland,Referral,Mid Market,46,True
625,2024-07-22,Reunion,Referral,SMB,56,True
626,2024-07-13,Botswana,Social Media,SMB,65,True
627,2024-06-06,Bermuda,Partner,SMB,83,True
628,2024-08-26,Turkey,Organic Search,Mid Market,80,True
629,2024-06-12,Mozambique,Referral,SMB,72,True
630,2024-01-24,Equatorial Guinea,Paid Ads,Mid Market,38,False
631,2024-01-09,Saint Pierre and Miquelon,Partner,SMB,94,True
632,2024-10-23,Singapore,Social Media,SMB,45,True
633,2024-06-17,Saint Helena,Referral,SMB,51,True
634,2024-09-12,Ireland,Paid Ads,Mid Market,63,True
635,2024-05-11,Lesotho,Social Media,Enterprise,82,True
636,2024-08-23,Burundi,Referral,Mid Market,65,True
637,2024-03-27,Papua New Guinea,Referral,Mid Market,82,True
638,2024-04-04,United States Virgin Islands,Paid Ads,Enterprise,27,True
639,2024-09-25,Sweden,Organic Search,Mid Market,29,True
640,2024-12-08,Cyprus,Organic Search,Mid Market,72,True
641,2024-03-11,Malawi,Referral,SMB,39,True
642,2024-01-05,Kazakhstan,Referral,SMB,67,True
643,2024-01-31,Tonga,Paid Ads,Mid Market,98,True
644,2024-09-04,Thailand,Social Media,SMB,88,True
645,2024-10-09,Azerbaijan,Social Media,SMB,87,True
646,2024-05-20,Haiti,Paid Ads,Enterprise,22,True
647,2024-09-14,Guinea,Social Media,Mid Market,42,True
648,2024-02-24,Nigeria,Organic Search,SMB,50,True
649,2024-04-08,Gibraltar,Paid Ads,SMB,65,True
650,2024-05-16,Jordan,Social Media,SMB,71,True
651,2024-08-23,Palestinian Territory,Paid Ads,SMB,48,True
652,2024-06-02,Burundi,Organic Search,Mid Market,24,False
653,2024-02-17,Niue,Social Media,SMB,90,True
654,2024-08-31,Kazakhstan,Organic Search,Mid Market,41,True
655,2024-02-12,Cocos (Keeling) Islands,Social Media,Mid Market,62,True
656,2024-10-16,Germany,Organic Search,Mid Market,25,False
657,2024-04-27,Panama,Referral,Enterprise,92,True
658,2024-08-31,Thailand,Partner,SMB,29,False
659,2024-12-16,Samoa,Partner,Mid Market,92,True
660,2024-12-02,Nigeria,Organic Search,SMB,60,True
661,2024-01-09,Pitcairn Islands,Referral,SMB,70,True
662,2024-02-09,Syrian Arab Republic,Partner,SMB,50,True
663,2024-10-17,Congo,Social Media,Mid Market,89,True
664,2024-06-18,Armenia,Social Media,Mid Market,37,True
665,2024-12-18,Saint Vincent and the Grenadines,Organic Search,SMB,64,True
666,2024-01-28,North Macedonia,Organic Search,SMB,29,False
667,2024-06-23,Cambodia,Paid Ads,Mid Market,96,True
668,2024-07-22,Belgium,Partner,SMB,54,True
669,2024-08-18,United Kingdom,Social Media,SMB,90,True
670,2024-07-11,Venezuela,Social Media,SMB,94,False
671,2024-12-04,Israel,Social Media,SMB,99,True
672,2024-05-31,Hong Kong,Referral,Mid Market,30,False
673,2024-05-17,Mali,Referral,SMB,39,True
674,2024-07-18,Egypt,Partner,SMB,31,True
675,2024-01-03,Antarctica (the territory South of 60 deg S),Partner,SMB,54,True
676,2024-02-22,Vanuatu,Referral,SMB,75,True
677,2024-08-17,Bahrain,Paid Ads,SMB,72,False
678,2024-02-22,Kuwait,Organic Search,SMB,90,True
679,2024-02-17,Mayotte,Paid Ads,SMB,61,True
680,2024-07-16,Madagascar,Organic Search,SMB,69,True
681,2024-02-13,Armenia,Paid Ads,Enterprise,51,True
682,2024-10-19,Sweden,Paid Ads,SMB,68,True
683,2024-03-27,Sweden,Referral,SMB,54,True
684,2024-09-09,Saudi Arabia,Referral,SMB,75,True
685,2024-05-21,Svalbard & Jan Mayen Islands,Social Media,SMB,29,False
686,2024-07-03,Bulgaria,Partner,Enterprise,100,True
687,2024-09-10,Eritrea,Paid Ads,Mid Market,78,True
688,2024-02-24,Isle of Man,Referral,SMB,70,True
689,2024-06-19,Korea,Paid Ads,SMB,62,False
690,2024-08-13,Poland,Partner,SMB,96,True
691,2024-03-10,Japan,Partner,SMB,45,True
692,2024-09-02,Papua New Guinea,Partner,SMB,70,True
693,2024-06-12,Timor-Leste,Partner,Mid Market,82,True
694,2024-10-21,Cook Islands,Referral,SMB,55,True
695,2024-07-20,Greenland,Partner,SMB,92,True
696,2024-04-12,Belize,Paid Ads,Enterprise,43,False
697,2024-12-15,Niger,Paid Ads,SMB,79,True
698,2024-12-28,Panama,Referral,SMB,57,True
699,2024-12-20,Jamaica,Organic Search,Mid Market,72,True
700,2024-12-10,Liechtenstein,Social Media,SMB,58,False
701,2024-05-03,Luxembourg,Partner,Mid Market,74,True
702,2024-07-12,Chile,Organic Search,SMB,96,True
703,2024-09-02,Mauritius,Paid Ads,SMB,84,True
704,2024-12-20,Iran,Social Media,SMB,66,True
705,2024-12-25,Malawi,Paid Ads,SMB,30,True
706,2024-02-25,Libyan Arab Jamahiriya,Referral,Mid Market,65,True
707,2024-03-26,Falkland Islands (Malvinas),Paid Ads,SMB,71,True
708,2024-06-18,Saint Kitts and Nevis,Social Media,SMB,32,True
709,2024-05-12,Israel,Referral,SMB,86,True
710,2024-10-12,Martinique,Paid Ads,Mid Market,48,True
711,2024-08-16,Mayotte,Partner,SMB,95,True
712,2024-12-19,Seychelles,Paid Ads,SMB,23,True
713,2024-09-04,Italy,Organic Search,SMB,30,True
714,2024-02-29,Korea,Referral,SMB,63,True
715,2024-08-21,Tonga,Referral,SMB,64,True
716,2024-08-31,Christmas Island,Organic Search,SMB,77,False
717,2024-06-12,Puerto Rico,Organic Search,SMB,34,True
718,2024-01-12,Israel,Partner,Mid Market,41,True
719,2024-05-04,South Georgia and the South Sandwich Islands,Paid Ads,SMB,40,False
720,2024-06-18,French Polynesia,Paid Ads,SMB,79,True
721,2024-04-28,Somalia,Social Media,Mid Market,43,False
722,2024-11-23,Panama,Social Media,SMB,98,True
723,2024-04-11,Poland,Social Media,SMB,69,True
724,2024-01-03,Guernsey,Referral,SMB,28,False
725,2024-10-22,Finland,Organic Search,Mid Market,88,True
726,2024-04-05,Turkey,Partner,SMB,78,True
727,2024-02-28,Faroe Islands,Partner,Mid Market,82,True
728,2024-09-27,Bhutan,Partner,SMB,98,True
729,2024-07-19,Sudan,Paid Ads,SMB,65,True
730,2024-08-22,Philippines,Paid Ads,SMB,58,True
731,2024-11-10,Austria,Paid Ads,SMB,37,True
732,2024-06-09,Mali,Organic Search,SMB,34,True
733,2024-04-03,United Kingdom,Partner,Mid Market,85,True
734,2024-07-17,Colombia,Social Media,SMB,93,True
735,2024-07-15,Indonesia,Social Media,SMB,88,True
736,2024-12-21,Madagascar,Referral,SMB,82,True
737,2024-05-27,Ecuador,Referral,SMB,77,True
738,2024-11-13,Albania,Organic Search,Mid Market,21,False
739,2024-09-05,Sri Lanka,Referral,SMB,69,True
740,2024-10-14,Equatorial Guinea,Paid Ads,Mid Market,72,True
741,2024-12-16,Haiti,Social Media,SMB,76,True
742,2024-09-07,Cocos (Keeling) Islands,Referral,SMB,23,False
743,2024-04-22,Benin,Partner,SMB,48,True
744,2024-10-02,Denmark,Partner,SMB,78,True
745,2024-10-16,Falkland Islands (Malvinas),Social Media,SMB,34,True
746,2024-10-20,Burundi,Organic Search,SMB,89,True
747,2024-07-06,South Georgia and the South Sandwich Islands,Paid Ads,Mid Market,25,True
748,2024-08-13,Sri Lanka,Paid Ads,SMB,74,True
749,2024-02-22,Pitcairn Islands,Referral,SMB,24,True
750,2024-08-18,Bolivia,Partner,SMB,31,True
751,2024-08-12,Mayotte,Organic Search,Mid Market,50,True
752,2024-04-17,Western Sahara,Paid Ads,Mid Market,98,True
753,2024-11-19,Malta,Social Media,SMB,37,True
754,2024-04-15,Israel,Referral,Mid Market,92,True
755,2024-06-28,Germany,Paid Ads,SMB,88,True
756,2024-03-27,Georgia,Partner,Enterprise,57,True
757,2024-05-28,Falkland Islands (Malvinas),Paid Ads,SMB,85,True
758,2024-12-13,Suriname,Organic Search,SMB,72,True
759,2024-01-31,Cuba,Partner,Mid Market,36,True
760,2024-12-25,Singapore,Referral,SMB,61,True
761,2024-05-06,Uzbekistan,Social Media,SMB,93,True
762,2024-11-19,Guyana,Partner,Mid Market,68,True
763,2024-08-19,Norway,Organic Search,Mid Market,31,True
764,2024-07-25,Niue,Paid Ads,Mid Market,67,True
765,2024-08-20,Ecuador,Social Media,SMB,20,True
766,2024-02-17,Bahamas,Social Media,Mid Market,65,True
767,2024-02-02,Jordan,Paid Ads,SMB,74,True
768,2024-04-18,Honduras,Social Media,SMB,56,True
769,2024-06-21,Faroe Islands,Paid Ads,SMB,92,True
770,2024-09-05,Myanmar,Partner,Mid Market,26,True
771,2024-01-24,Bosnia and Herzegovina,Organic Search,Mid Market,78,True
772,2024-01-09,Comoros,Organic Search,Enterprise,40,True
773,2024-08-13,Latvia,Social Media,SMB,74,True
774,2024-04-13,Monaco,Referral,Mid Market,58,True
775,2024-03-22,Solomon Islands,Partner,SMB,66,True
776,2024-05-08,Israel,Organic Search,SMB,41,False
777,2024-01-27,Taiwan,Social Media,Mid Market,49,True
778,2024-08-07,Panama,Organic Search,Mid Market,20,False
779,2024-04-19,Cameroon,Social Media,SMB,95,True
780,2024-04-25,Luxembourg,Paid Ads,Mid Market,21,False
781,2024-01-05,Dominican Republic,Partner,Mid Market,74,False
782,2024-12-21,Lithuania,Referral,SMB,49,True
783,2024-07-15,Turkey,Organic Search,Mid Market,33,False
784,2024-02-22,Anguilla,Partner,SMB,58,True
785,2024-03-11,Syrian Arab Republic,Social Media,Mid Market,37,True
786,2024-11-24,Central African Republic,Referral,SMB,92,True
787,2024-01-05,Kyrgyz Republic,Paid Ads,Mid Market,76,True
788,2024-06-28,Jordan,Referral,Mid Market,39,False
789,2024-07-29,Cook Islands,Paid Ads,Mid Market,47,False
790,2024-02-14,Guinea-Bissau,Organic Search,SMB,35,False
791,2024-10-28,Haiti,Social Media,SMB,74,True
792,2024-06-10,Portugal,Referral,SMB,30,True
793,2024-05-07,France,Paid Ads,Mid Market,97,True
794,2024-05-25,Serbia,Organic Search,Mid Market,58,False
795,2024-04-15,Tokelau,Paid Ads,Mid Market,44,True
796,2024-07-19,Lithuania,Partner,Mid Market,50,True
797,2024-09-10,American Samoa,Social Media,SMB,83,False
798,2024-11-22,Aruba,Paid Ads,SMB,21,True
799,2024-07-03,Tokelau,Partner,SMB,92,True
800,2024-08-03,Wallis and Futuna,Partner,SMB,42,True
801,2024-08-29,Congo,Organic Search,SMB,28,False
802,2024-01-08,Bahamas,Partner,SMB,27,False
803,2024-07-22,Slovenia,Paid Ads,SMB,84,True
804,2024-07-31,Mongolia,Social Media,Mid Market,30,False
805,2024-11-23,Jersey,Paid Ads,SMB,39,True
806,2024-05-22,Vietnam,Organic Search,SMB,85,True
807,2024-04-14,Slovenia,Referral,SMB,70,True
808,2024-10-27,Antarctica (the territory South of 60 deg S),Organic Search,SMB,75,True
809,2024-05-02,Iran,Organic Search,SMB,75,True
810,2024-02-29,Saint Vincent and the Grenadines,Social Media,Mid Market,27,True
811,2024-06-07,Paraguay,Referral,SMB,37,True
812,2024-12-25,Turkmenistan,Organic Search,SMB,64,True
813,2024-09-24,Isle of Man,Paid Ads,Mid Market,53,True
814,2024-03-26,Isle of Man,Partner,SMB,54,True
815,2024-03-01,Lebanon,Organic Search,SMB,74,False
816,2024-05-19,Malaysia,Paid Ads,SMB,93,True
817,2024-11-17,Turkey,Organic Search,SMB,85,True
818,2024-07-03,Dominican Republic,Organic Search,SMB,92,True
819,2024-03-26,Estonia,Partner,SMB,33,True
820,2024-10-20,Netherlands,Organic Search,SMB,85,True
821,2024-01-02,New Zealand,Organic Search,Mid Market,21,True
822,2024-05-05,Equatorial Guinea,Organic Search,SMB,69,True
823,2024-03-17,Monaco,Referral,Enterprise,24,False
824,2024-10-10,Bermuda,Social Media,SMB,51,True
825,2024-08-01,Lao People's Democratic Republic,Partner,SMB,29,False
826,2024-10-19,Slovenia,Partner,SMB,26,True
827,2024-04-01,Nigeria,Referral,Mid Market,25,True
828,2024-07-24,Barbados,Organic Search,Mid Market,56,True
829,2024-06-08,Saint Lucia,Partner,SMB,78,True
830,2024-01-05,Cameroon,Partner,SMB,92,True
831,2024-06-04,Nicaragua,Paid Ads,SMB,67,False
832,2024-10-29,Liberia,Social Media,Enterprise,45,True
833,2024-10-06,Congo,Referral,SMB,72,True
834,2024-01-13,Afghanistan,Referral,SMB,21,False
835,2024-06-20,Trinidad and Tobago,Organic Search,Mid Market,68,True
836,2024-06-06,Finland,Organic Search,SMB,50,True
837,2024-08-02,El Salvador,Social Media,Enterprise,38,True
838,2024-12-30,Cayman Islands,Partner,SMB,49,True
839,2024-09-23,Philippines,Social Media,Mid Market,67,True
840,2024-08-22,Burkina Faso,Organic Search,SMB,84,False
841,2024-03-09,Peru,Social Media,SMB,92,True
842,2024-02-01,Spain,Social Media,Mid Market,36,True
843,2024-05-01,Namibia,Partner,SMB,60,True
844,2024-07-20,Norway,Partner,SMB,54,True
845,2024-04-29,Czech Republic,Organic Search,Enterprise,37,True
846,2024-10-26,Niger,Organic Search,SMB,41,False
847,2024-08-18,Greece,Social Media,SMB,35,True
848,2024-10-01,Cocos (Keeling) Islands,Partner,Enterprise,46,True
849,2024-08-19,Greece,Partner,SMB,35,True
850,2024-02-16,Bhutan,Referral,Mid Market,58,True
851,2024-12-26,Canada,Paid Ads,SMB,61,True
852,2024-03-16,Guinea,Organic Search,Mid Market,65,True
853,2024-07-21,Liberia,Paid Ads,SMB,58,True
854,2024-05-13,Saint Kitts and Nevis,Referral,SMB,71,True
855,2024-08-19,Uganda,Paid Ads,Mid Market,51,True
856,2024-02-18,Mongolia,Social Media,SMB,37,True
857,2024-03-03,Netherlands,Organic Search,SMB,48,False
858,2024-03-07,Nicaragua,Referral,Mid Market,67,True
859,2024-12-17,Chile,Organic Search,SMB,53,True
860,2024-02-08,India,Organic Search,Enterprise,45,False
861,2024-11-26,Kiribati,Social Media,Mid Market,31,False
862,2024-06-18,Czech Republic,Organic Search,SMB,79,True
863,2024-01-26,Monaco,Referral,Enterprise,75,True
864,2024-07-21,Greece,Social Media,SMB,74,True
865,2024-03-29,Yemen,Partner,SMB,43,True
866,2024-05-20,Zimbabwe,Partner,SMB,39,True
867,2024-01-18,Faroe Islands,Paid Ads,Mid Market,51,True
868,2024-11-27,Chad,Partner,SMB,90,True
869,2024-09-02,Libyan Arab Jamahiriya,Organic Search,SMB,69,True
870,2024-03-11,Azerbaijan,Social Media,SMB,87,True
871,2024-05-07,Malawi,Paid Ads,Mid Market,68,False
872,2024-12-31,Tajikistan,Partner,SMB,82,True
873,2024-06-25,Venezuela,Paid Ads,SMB,69,True
874,2024-05-18,Liechtenstein,Referral,SMB,96,True
875,2024-04-22,Saint Vincent and the Grenadines,Organic Search,Mid Market,55,True
876,2024-01-30,Venezuela,Social Media,SMB,94,True
877,2024-04-29,Netherlands,Referral,SMB,50,False
878,2024-05-16,Norfolk Island,Paid Ads,Mid Market,27,True
879,2024-04-22,Seychelles,Paid Ads,Mid Market,69,True
880,2024-06-30,Bahamas,Referral,SMB,95,True
881,2024-06-11,Wallis and Futuna,Partner,Enterprise,23,False
882,2024-12-26,Falkland Islands (Malvinas),Partner,Enterprise,92,True
883,2024-03-13,Algeria,Paid Ads,Enterprise,83,True
884,2024-10-04,Gibraltar,Partner,SMB,24,True
885,2024-02-16,Sudan,Organic Search,SMB,48,True
886,2024-01-11,British Indian Ocean Territory (Chagos Archipelago),Paid Ads,SMB,62,False
887,2024-11-10,Moldova,Referral,Mid Market,63,True
888,2024-03-31,Anguilla,Partner,SMB,38,True
889,2024-10-27,Saint Martin,Referral,Mid Market,87,True
890,2024-07-05,New Caledonia,Organic Search,SMB,70,True
891,2024-10-27,Cyprus,Organic Search,SMB,61,True
892,2024-03-10,Bhutan,Referral,Mid Market,75,True
893,2024-11-23,Singapore,Social Media,Mid Market,42,True
894,2024-12-28,Lebanon,Paid Ads,Mid Market,98,True
895,2024-07-01,Cyprus,Referral,Mid Market,42,True
896,2024-07-12,Estonia,Partner,Mid Market,57,True
897,2024-03-06,Gambia,Referral,Mid Market,93,True
898,2024-07-19,United States Minor Outlying Islands,Paid Ads,SMB,97,True
899,2024-06-11,Guyana,Paid Ads,SMB,92,True
900,2024-02-23,Angola,Social Media,SMB,29,True
901,2024-05-01,Aruba,Partner,Enterprise,41,True
902,2024-11-21,Egypt,Organic Search,Mid Market,62,True
903,2024-08-16,Tonga,Organic Search,SMB,51,False
904,2024-12-20,Gibraltar,Organic Search,SMB,33,False
905,2024-01-01,Swaziland,Organic Search,SMB,73,True
906,2024-03-26,Mexico,Social Media,SMB,68,True
907,2024-06-28,Sri Lanka,Paid Ads,SMB,81,True
908,2024-10-22,Morocco,Referral,SMB,29,True
909,2024-01-18,Germany,Partner,SMB,53,False
910,2024-02-23,Nicaragua,Organic Search,SMB,68,True
911,2024-03-23,Samoa,Organic Search,SMB,31,True
912,2024-06-22,Gambia,Paid Ads,Enterprise,81,True
913,2024-12-26,Anguilla,Organic Search,SMB,41,True
914,2024-11-06,Afghanistan,Social Media,SMB,32,False
915,2024-06-18,Cape Verde,Referral,Enterprise,72,True
916,2024-12-22,Cyprus,Paid Ads,Mid Market,89,True
917,2024-05-15,Cape Verde,Partner,SMB,32,False
918,2024-01-26,Anguilla,Social Media,SMB,82,True
919,2024-03-19,Solomon Islands,Organic Search,SMB,74,True
920,2024-02-14,Finland,Partner,Mid Market,100,True
921,2024-11-03,Uruguay,Social Media,SMB,23,True
922,2024-04-15,Germany,Referral,Mid Market,30,False
923,2024-08-30,Rwanda,Organic Search,SMB,70,True
924,2024-08-29,Antarctica (the territory South of 60 deg S),Social Media,Mid Market,53,True
925,2024-02-16,Suriname,Paid Ads,SMB,67,True
926,2024-07-14,British Virgin Islands,Partner,SMB,25,True
927,2024-05-14,Gabon,Social Media,SMB,48,True
928,2024-05-17,Mexico,Paid Ads,SMB,32,False
929,2024-02-13,India,Partner,Mid Market,72,True
930,2024-10-28,Slovenia,Referral,SMB,69,True
931,2024-09-24,Libyan Arab Jamahiriya,Social Media,Enterprise,80,True
932,2024-10-20,Croatia,Referral,SMB,30,False
933,2024-07-21,Norfolk Island,Organic Search,SMB,86,True
934,2024-10-19,United Kingdom,Paid Ads,SMB,77,True
935,2024-03-29,Saint Helena,Referral,Enterprise,44,False
936,2024-03-05,Belgium,Organic Search,SMB,75,True
937,2024-04-13,Cook Islands,Referral,Mid Market,53,False
938,2024-06-12,New Caledonia,Organic Search,SMB,91,True
939,2024-07-22,Lithuania,Paid Ads,SMB,55,True
940,2024-09-23,Liberia,Social Media,Enterprise,21,True
941,2024-12-24,Bosnia and Herzegovina,Paid Ads,SMB,73,True
942,2024-02-27,Solomon Islands,Social Media,SMB,92,True
943,2024-10-28,Indonesia,Paid Ads,Mid Market,32,False
944,2024-02-24,Tunisia,Paid Ads,Mid Market,56,True
945,2024-10-01,Dominica,Partner,Mid Market,53,True
946,2024-07-15,New Caledonia,Social Media,SMB,80,True
947,2024-01-20,Chad,Referral,SMB,38,True
948,2024-11-12,Hungary,Paid Ads,Mid Market,71,False
949,2024-01-20,Saint Martin,Social Media,Mid Market,62,True
950,2024-12-19,Falkland Islands (Malvinas),Referral,SMB,80,True
951,2024-05-17,Falkland Islands (Malvinas),Partner,SMB,58,True
952,2024-06-08,Mozambique,Partner,Mid Market,32,True
953,2024-04-26,Grenada,Referral,SMB,76,False
954,2024-06-13,British Indian Ocean Territory (Chagos Archipelago),Partner,Mid Market,97,True
955,2024-11-26,Ukraine,Organic Search,SMB,47,True
956,2024-07-27,Malta,Social Media,Mid Market,67,True
957,2024-01-29,Uganda,Paid Ads,Mid Market,28,False
958,2024-06-08,Kazakhstan,Paid Ads,SMB,87,True
959,2024-10-18,Togo,Organic Search,SMB,45,True
960,2024-01-30,Malawi,Referral,SMB,26,False
961,2024-07-03,Nicaragua,Referral,SMB,79,True
962,2024-09-15,Serbia,Social Media,Mid Market,35,True
963,2024-12-14,Uruguay,Organic Search,SMB,82,False
964,2024-10-31,Hungary,Social Media,SMB,80,True
965,2024-10-27,Tonga,Paid Ads,SMB,40,True
966,2024-05-12,Libyan Arab Jamahiriya,Organic Search,SMB,69,True
967,2024-01-26,France,Referral,Mid Market,47,True
968,2024-04-23,Chile,Referral,Mid Market,54,True
969,2024-11-29,Turks and Caicos Islands,Social Media,SMB,21,True
970,2024-08-30,Botswana,Referral,Mid Market,96,True
971,2024-01-05,Gambia,Referral,SMB,59,False
972,2024-12-30,Western Sahara,Partner,SMB,68,True
973,2024-06-27,Guinea,Social Media,SMB,79,False
974,2024-06-03,Nepal,Paid Ads,Mid Market,70,True
975,2024-10-26,Faroe Islands,Organic Search,SMB,67,True
976,2024-10-14,Wallis and Futuna,Paid Ads,Mid Market,58,True
977,2024-12-16,Georgia,Organic Search,SMB,63,True
978,2024-05-21,Mexico,Partner,Mid Market,53,False
979,2024-12-01,Saint Pierre and Miquelon,Partner,SMB,86,True
980,2024-05-03,Czech Republic,Organic Search,Mid Market,96,True
981,2024-07-25,Estonia,Partner,Mid Market,23,True
982,2024-12-01,Croatia,Social Media,Enterprise,53,True
983,2024-08-02,Bhutan,Social Media,SMB,24,True
984,2024-10-25,Maldives,Paid Ads,Mid Market,63,True
985,2024-12-31,Cyprus,Referral,Mid Market,80,True
986,2024-12-09,Burundi,Partner,SMB,41,False
987,2024-12-02,Malta,Paid Ads,SMB,32,True
988,2024-08-29,Jordan,Referral,Mid Market,91,True
989,2024-04-03,Thailand,Partner,Mid Market,48,True
990,2024-06-30,Tajikistan,Referral,Mid Market,59,False
991,2024-08-03,Andorra,Partner,SMB,94,True
992,2024-05-30,Czech Republic,Social Media,Mid Market,80,True
993,2024-01-28,Mauritania,Paid Ads,SMB,99,True
994,2024-02-06,Cayman Islands,Social Media,Mid Market,84,True
995,2024-03-02,Belize,Social Media,SMB,72,True
996,2024-01-28,Cuba,Referral,SMB,45,False
997,2024-06-24,Zambia,Social Media,Enterprise,78,True
998,2024-03-14,Sri Lanka,Partner,Mid Market,43,False
999,2024-02-11,Bahrain,Social Media,SMB,42,False
1000,2024-06-09,Nepal,Organic Search,SMB,55,False
1001,2024-04-17,Ethiopia,Referral,SMB,40,False
1002,2024-09-07,Bahamas,Organic Search,SMB,75,True
1003,2024-11-20,Nicaragua,Social Media,SMB,81,True
1004,2024-07-15,United States Minor Outlying Islands,Organic Search,SMB,45,True
1005,2024-07-10,Ukraine,Organic Search,Mid Market,87,True
1006,2024-04-07,Tunisia,Organic Search,Mid Market,100,True
1007,2024-05-07,Azerbaijan,Referral,Mid Market,64,True
1008,2024-06-08,Guatemala,Referral,SMB,84,True
1009,2024-10-28,Turks and Caicos Islands,Partner,SMB,25,True
1010,2024-06-01,Kazakhstan,Partner,SMB,86,True
1011,2024-11-01,Bahrain,Paid Ads,SMB,37,False
1012,2024-06-24,South Georgia and the South Sandwich Islands,Social Media,SMB,44,True
1013,2024-03-25,Cambodia,Social Media,SMB,48,True
1014,2024-03-08,Tanzania,Referral,Mid Market,95,True
1015,2024-09-15,Jamaica,Referral,SMB,24,True
1016,2024-07-11,Cook Islands,Partner,Mid Market,99,True
1017,2024-01-25,Monaco,Paid Ads,Enterprise,33,False
1018,2024-11-30,Costa Rica,Organic Search,SMB,34,True
1019,2024-08-01,Puerto Rico,Social Media,SMB,90,True
1020,2024-05-09,Lesotho,Social Media,Mid Market,46,True
1021,2024-12-21,Guernsey,Organic Search,SMB,32,True
1022,2024-12-05,Cuba,Paid Ads,SMB,97,True
1023,2024-12-24,Nigeria,Referral,SMB,33,False
1024,2024-09-18,Japan,Paid Ads,SMB,34,True
1025,2024-02-24,El Salvador,Social Media,SMB,45,True
1026,2024-05-14,Antarctica (the territory South of 60 deg S),Paid Ads,Enterprise,65,True
1027,2024-12-26,Congo,Social Media,SMB,25,True
1028,2024-10-07,Tunisia,Social Media,Enterprise,81,False
1029,2024-06-18,Spain,Referral,SMB,31,True
1030,2024-02-26,American Samoa,Paid Ads,Mid Market,39,True
1031,2024-02-16,Bahamas,Paid Ads,SMB,32,False
1032,2024-05-11,Antigua and Barbuda,Referral,SMB,57,True
1033,2024-05-15,Korea,Social Media,SMB,42,True
1034,2024-01-21,Chile,Partner,SMB,60,False
1035,2024-08-06,Aruba,Organic Search,SMB,25,True
1036,2024-01-05,Eritrea,Referral,Mid Market,41,True
1037,2024-06-17,Svalbard & Jan Mayen Islands,Partner,Mid Market,99,True
1038,2024-05-17,Kiribati,Organic Search,SMB,63,True
1039,2024-04-03,Honduras,Organic Search,SMB,78,True
1040,2024-05-19,Saudi Arabia,Social Media,Mid Market,81,True
1041,2024-08-03,Colombia,Referral,SMB,27,True
1042,2024-03-22,Denmark,Organic Search,SMB,95,True
1043,2024-09-04,Anguilla,Paid Ads,Mid Market,43,False
1044,2024-11-08,Saint Kitts and Nevis,Social Media,Mid Market,98,True
1045,2024-01-15,Svalbard & Jan Mayen Islands,Referral,SMB,82,True
1046,2024-02-27,Australia,Social Media,SMB,28,False
1047,2024-05-13,Lithuania,Partner,SMB,87,True
1048,2024-10-22,Tonga,Paid Ads,SMB,63,True
1049,2024-09-22,Tokelau,Paid Ads,Mid Market,99,True
1050,2024-02-18,Bahamas,Social Media,Mid Market,51,True
1051,2024-09-03,Guernsey,Partner,Mid Market,69,False
1052,2024-03-17,Australia,Paid Ads,Mid Market,98,False
1053,2024-01-28,Rwanda,Organic Search,Mid Market,40,True
1054,2024-09-15,Lithuania,Social Media,Mid Market,41,True
1055,2024-02-08,Central African Republic,Social Media,SMB,62,True
1056,2024-05-22,Cambodia,Organic Search,SMB,90,True
1057,2024-11-25,Canada,Social Media,SMB,50,True
1058,2024-02-10,Moldova,Social Media,SMB,93,True
1059,2024-08-17,French Southern Territories,Organic Search,Mid Market,77,True
1060,2024-06-10,Dominica,Organic Search,Enterprise,22,True
1061,2024-02-22,Saint Pierre and Miquelon,Social Media,SMB,91,True
1062,2024-10-08,Belarus,Organic Search,Mid Market,97,True
1063,2024-11-12,Philippines,Partner,Mid Market,91,False
1064,2024-04-15,Cambodia,Social Media,Enterprise,66,False
1065,2024-01-28,Samoa,Referral,Mid Market,62,True
1066,2024-10-13,Jamaica,Paid Ads,SMB,66,True
1067,2024-08-19,Bangladesh,Organic Search,SMB,48,True
1068,2024-01-02,Montenegro,Partner,SMB,57,True
1069,2024-10-07,India,Paid Ads,SMB,33,True
1070,2024-01-24,Canada,Referral,SMB,72,True
1071,2024-02-24,Cyprus,Partner,Mid Market,44,False
1072,2024-03-02,Libyan Arab Jamahiriya,Social Media,SMB,44,True
1073,2024-06-22,Equatorial Guinea,Organic Search,Mid Market,25,True
1074,2024-11-20,Bouvet Island (Bouvetoya),Paid Ads,SMB,77,True
1075,2024-08-22,Andorra,Paid Ads,Enterprise,37,False
1076,2024-09-12,Tonga,Organic Search,SMB,26,True
1077,2024-10-10,Guernsey,Social Media,Mid Market,81,True
1078,2024-09-17,Bolivia,Referral,Mid Market,42,True
1079,2024-03-06,Guinea,Organic Search,SMB,96,True
1080,2024-11-06,Christmas Island,Partner,SMB,69,True
1081,2024-08-02,Somalia,Paid Ads,Enterprise,51,True
1082,2024-05-20,San Marino,Social Media,Enterprise,57,False
1083,2024-08-19,Turkmenistan,Referral,SMB,97,True
1084,2024-12-24,Poland,Paid Ads,SMB,90,True
1085,2024-06-09,Gabon,Paid Ads,Mid Market,45,True
1086,2024-04-17,Chile,Paid Ads,Mid Market,64,True
1087,2024-12-10,Mali,Referral,Enterprise,42,False
1088,2024-09-14,Afghanistan,Paid Ads,Mid Market,61,True
1089,2024-12-29,Turkey,Organic Search,Mid Market,91,True
1090,2024-09-02,Bahamas,Paid Ads,SMB,73,True
1091,2024-12-11,French Polynesia,Paid Ads,SMB,74,True
1092,2024-01-07,Nepal,Paid Ads,SMB,68,True
1093,2024-03-15,Cameroon,Organic Search,Mid Market,45,False
1094,2024-05-16,Mongolia,Referral,Enterprise,52,True
1095,2024-03-15,Guinea-Bissau,Organic Search,Mid Market,57,True
1096,2024-04-14,China,Paid Ads,SMB,77,True
1097,2024-02-22,Senegal,Paid Ads,Mid Market,91,True
1098,2024-04-24,Djibouti,Paid Ads,SMB,85,False
1099,2024-12-22,Guinea-Bissau,Partner,Mid Market,26,True
1100,2024-07-14,Peru,Social Media,SMB,60,True
1101,2024-10-09,Poland,Organic Search,SMB,52,False
1102,2024-04-13,Cape Verde,Paid Ads,Mid Market,76,True
1103,2024-04-25,Palau,Partner,Mid Market,89,True
1104,2024-11-04,Turkey,Referral,Mid Market,44,False
1105,2024-05-30,San Marino,Social Media,SMB,29,False
1106,2024-04-05,British Virgin Islands,Referral,Mid Market,35,True
1107,2024-07-12,Kazakhstan,Organic Search,SMB,91,True
1108,2024-05-15,Sao Tome and Principe,Referral,SMB,52,True
1109,2024-01-03,Cape Verde,Partner,SMB,39,True
1110,2024-01-21,Sierra Leone,Referral,Enterprise,96,True
1111,2024-01-27,Tokelau,Paid Ads,Mid Market,58,True
1112,2024-09-08,Saint Barthelemy,Paid Ads,SMB,29,True
1113,2024-12-28,Canada,Partner,SMB,43,True
1114,2024-09-23,Saint Lucia,Organic Search,Mid Market,40,True
1115,2024-07-31,Cameroon,Paid Ads,SMB,31,True
1116,2024-06-27,Philippines,Referral,Mid Market,62,True
1117,2024-06-18,New Zealand,Partner,SMB,99,True
1118,2024-09-28,Gibraltar,Social Media,Enterprise,21,True
1119,2024-02-28,Gabon,Partner,SMB,98,True
1120,2024-11-14,Solomon Islands,Referral,Enterprise,61,True
1121,2024-07-14,Saint Lucia,Organic Search,SMB,89,True
1122,2024-05-24,Yemen,Organic Search,Enterprise,67,True
1123,2024-09-20,Denmark,Paid Ads,SMB,25,False
1124,2024-05-31,Egypt,Referral,SMB,30,True
1125,2024-02-19,Montserrat,Referral,Enterprise,88,True
1126,2024-09-30,Bhutan,Organic Search,Mid Market,46,True
1127,2024-12-09,Hong Kong,Referral,Mid Market,74,True
1128,2024-02-23,Vietnam,Referral,SMB,75,True
1129,2024-11-27,Angola,Organic Search,Mid Market,39,True
1130,2024-01-13,Netherlands,Social Media,Mid Market,24,False
1131,2024-02-14,North Macedonia,Organic Search,SMB,52,True
1132,2024-10-12,Saudi Arabia,Organic Search,SMB,49,False
1133,2024-05-12,Guyana,Social Media,SMB,100,True
1134,2024-07-26,Uzbekistan,Social Media,SMB,69,False
1135,2024-12-10,Netherlands Antilles,Organic Search,SMB,99,True
1136,2024-02-02,Slovakia (Slovak Republic),Paid Ads,SMB,29,True
1137,2024-07-02,Mongolia,Paid Ads,SMB,58,True
1138,2024-11-06,Uzbekistan,Organic Search,SMB,76,True
1139,2024-07-14,Namibia,Social Media,Mid Market,23,False
1140,2024-08-30,Saint Lucia,Referral,SMB,37,True
1141,2024-07-19,Timor-Leste,Paid Ads,SMB,38,True
1142,2024-06-01,Andorra,Partner,Enterprise,21,False
1143,2024-10-10,Seychelles,Paid Ads,SMB,25,True
1144,2024-01-03,Lao People's Democratic Republic,Paid Ads,SMB,88,True
1145,2024-10-07,Central African Republic,Organic Search,SMB,64,True
1146,2024-04-18,Falkland Islands (Malvinas),Social Media,Enterprise,85,True
1147,2024-03-13,Ethiopia,Referral,SMB,98,True
1148,2024-05-09,Tonga,Referral,SMB,92,True
1149,2024-01-28,British Indian Ocean Territory (Chagos Archipelago),Paid Ads,SMB,90,True
1150,2024-02-07,Uzbekistan,Partner,Mid Market,52,True
1151,2024-02-20,Uruguay,Referral,Mid Market,82,True
1152,2024-06-18,Bahamas,Partner,SMB,50,True
1153,2024-02-21,Nauru,Partner,Mid Market,44,True
1154,2024-06-11,Angola,Social Media,SMB,98,True
1155,2024-12-03,Algeria,Partner,Mid Market,39,False
1156,2024-10-16,France,Paid Ads,SMB,60,False
1157,2024-08-07,Anguilla,Referral,SMB,51,True
1158,2024-04-23,Faroe Islands,Social Media,SMB,66,True
1159,2024-03-09,Niger,Partner,Mid Market,79,True
1160,2024-08-16,Dominican Republic,Partner,Mid Market,82,True
1161,2024-10-09,Tuvalu,Organic Search,SMB,97,True
1162,2024-02-11,Tunisia,Partner,Mid Market,37,True
1163,2024-10-02,Sri Lanka,Referral,SMB,100,True
1164,2024-02-09,Tajikistan,Organic Search,Mid Market,84,False
1165,2024-11-19,Tonga,Organic Search,Mid Market,94,True
1166,2024-07-26,Heard Island and McDonald Islands,Paid Ads,SMB,24,False
1167,2024-10-09,United States Virgin Islands,Partner,SMB,89,True
1168,2024-08-29,Guam,Referral,SMB,48,True
1169,2024-10-28,Ethiopia,Partner,SMB,84,False
1170,2024-09-18,Swaziland,Organic Search,SMB,84,True
1171,2024-01-06,Christmas Island,Referral,Mid Market,98,True
1172,2024-12-16,Iceland,Referral,Mid Market,37,False
1173,2024-08-16,Costa Rica,Referral,SMB,92,False
1174,2024-12-03,Barbados,Referral,Mid Market,81,True
1175,2024-07-02,New Zealand,Organic Search,SMB,82,True
1176,2024-04-28,Tunisia,Organic Search,SMB,49,True
1177,2024-01-22,Brunei Darussalam,Referral,SMB,66,True
1178,2024-07-17,Nepal,Social Media,Enterprise,25,False
1179,2024-01-21,Malta,Partner,SMB,86,True
1180,2024-11-20,Liberia,Partner,Mid Market,53,True
1181,2024-10-23,Netherlands Antilles,Paid Ads,SMB,68,True
1182,2024-11-30,Chile,Social Media,SMB,29,False
1183,2024-09-21,Iceland,Partner,SMB,48,True
1184,2024-09-21,French Southern Territories,Social Media,SMB,64,True
1185,2024-09-06,American Samoa,Social Media,Mid Market,20,False
1186,2024-09-13,Palestinian Territory,Referral,SMB,49,True
1187,2024-02-09,Luxembourg,Paid Ads,Mid Market,47,True
1188,2024-03-17,French Guiana,Referral,SMB,97,True
1189,2024-03-01,Qatar,Referral,SMB,62,True
1190,2024-02-28,Nepal,Social Media,Mid Market,81,True
1191,2024-04-17,Maldives,Paid Ads,SMB,72,True
1192,2024-01-12,Niger,Referral,SMB,93,True
1193,2024-10-30,Brunei Darussalam,Referral,SMB,85,True
1194,2024-01-21,Somalia,Paid Ads,SMB,41,True
1195,2024-05-12,Barbados,Referral,SMB,71,True
1196,2024-11-02,Puerto Rico,Paid Ads,Mid Market,56,False
1197,2024-02-13,Somalia,Referral,SMB,80,True
1198,2024-09-03,American Samoa,Referral,SMB,72,True
1199,2024-11-03,Kazakhstan,Referral,Mid Market,43,True
1200,2024-11-15,El Salvador,Paid Ads,SMB,63,True
1201,2024-08-20,Lithuania,Paid Ads,SMB,49,True
1202,2024-07-12,Netherlands,Social Media,SMB,22,True
1203,2024-04-13,Kyrgyz Republic,Paid Ads,Mid Market,84,True
1204,2024-12-16,Guatemala,Social Media,Mid Market,97,True
1205,2024-02-19,Serbia,Referral,SMB,98,True
1206,2024-11-03,Finland,Organic Search,Mid Market,88,True
1207,2024-09-14,Ecuador,Organic Search,SMB,36,True
1208,2024-11-04,Vanuatu,Paid Ads,Mid Market,75,True
1209,2024-09-24,Christmas Island,Social Media,SMB,25,True
1210,2024-12-23,Rwanda,Paid Ads,SMB,81,True
1211,2024-07-14,Norway,Partner,SMB,93,True
1212,2024-02-20,Togo,Social Media,SMB,81,False
1213,2024-04-29,Lithuania,Organic Search,SMB,89,True
1214,2024-07-28,Chile,Partner,SMB,20,True
1215,2024-10-22,Palestinian Territory,Paid Ads,SMB,20,False
1216,2024-07-11,Saint Martin,Referral,Mid Market,60,True
1217,2024-07-28,Iran,Partner,SMB,74,True
1218,2024-11-29,Azerbaijan,Paid Ads,SMB,88,True
1219,2024-08-04,Palestinian Territory,Paid Ads,SMB,55,True
1220,2024-12-14,Indonesia,Social Media,Mid Market,72,True
1221,2024-10-09,Turks and Caicos Islands,Paid Ads,SMB,67,True
1222,2024-10-13,Cameroon,Paid Ads,SMB,59,True
1223,2024-10-22,Mexico,Partner,Mid Market,70,True
1224,2024-03-11,Thailand,Organic Search,Mid Market,77,True
1225,2024-12-24,Estonia,Referral,SMB,85,True
1226,2024-07-24,Israel,Partner,Mid Market,98,True
1227,2024-12-22,Norway,Organic Search,SMB,20,False
1228,2024-02-16,South Georgia and the South Sandwich Islands,Referral,SMB,96,True
1229,2024-08-10,Cape Verde,Organic Search,SMB,48,True
1230,2024-07-08,India,Organic Search,Mid Market,69,True
1231,2024-07-24,Bosnia and Herzegovina,Paid Ads,Mid Market,56,False
1232,2024-12-30,Malta,Paid Ads,SMB,42,True
1233,2024-11-23,Portugal,Social Media,SMB,45,True
1234,2024-12-02,Honduras,Paid Ads,SMB,24,True
1235,2024-11-02,Malta,Paid Ads,SMB,49,True
1236,2024-11-10,Albania,Referral,Mid Market,66,False
1237,2024-05-02,Uganda,Organic Search,Enterprise,31,True
1238,2024-05-21,Slovakia (Slovak Republic),Social Media,SMB,70,True
1239,2024-07-26,Mozambique,Paid Ads,SMB,21,False
1240,2024-12-26,British Indian Ocean Territory (Chagos Archipelago),Organic Search,Enterprise,90,True
1241,2024-05-25,Uganda,Paid Ads,Enterprise,64,True
1242,2024-06-26,Chile,Partner,SMB,44,False
1243,2024-08-20,Jersey,Social Media,SMB,53,False
1244,2024-03-30,Netherlands,Social Media,SMB,91,True
1245,2024-02-07,Moldova,Paid Ads,SMB,34,False
1246,2024-09-19,Ghana,Partner,Mid Market,93,True
1247,2024-05-08,Turkey,Social Media,Enterprise,92,True
1248,2024-09-04,Chile,Referral,Mid Market,78,True
1249,2024-12-14,Bolivia,Social Media,Mid Market,23,True
1250,2024-09-03,Cote d'Ivoire,Organic Search,SMB,68,False
1251,2024-11-20,Isle of Man,Referral,Mid Market,49,True
1252,2024-06-10,Nepal,Social Media,Enterprise,86,True
1253,2024-10-01,Slovenia,Organic Search,Mid Market,53,True
1254,2024-05-07,Aruba,Partner,SMB,63,True
1255,2024-02-08,Panama,Paid Ads,Enterprise,80,True
1256,2024-06-09,New Zealand,Partner,SMB,93,True
1257,2024-05-17,Liberia,Referral,Enterprise,44,False
1258,2024-09-12,Saint Barthelemy,Referral,SMB,50,True
1259,2024-05-15,Mongolia,Referral,SMB,51,False
1260,2024-11-12,Bouvet Island (Bouvetoya),Partner,SMB,33,False
1261,2024-03-02,Guyana,Organic Search,Mid Market,83,True
1262,2024-11-10,Oman,Organic Search,Mid Market,89,True
1263,2024-01-22,Togo,Social Media,SMB,60,False
1264,2024-09-09,Cayman Islands,Paid Ads,Mid Market,82,True
1265,2024-04-03,Jamaica,Paid Ads,SMB,48,True
1266,2024-10-22,Bahrain,Referral,SMB,74,True
1267,2024-09-01,Morocco,Paid Ads,SMB,64,True
1268,2024-07-20,Kazakhstan,Referral,SMB,35,False
1269,2024-12-23,Tunisia,Paid Ads,SMB,21,True
1270,2024-01-07,Western Sahara,Referral,SMB,32,True
1271,2024-06-15,Haiti,Partner,Mid Market,53,True
1272,2024-04-05,Czech Republic,Paid Ads,SMB,54,False
1273,2024-08-29,Saint Pierre and Miquelon,Paid Ads,SMB,43,True
1274,2024-09-12,Reunion,Social Media,SMB,67,True
1275,2024-07-05,Indonesia,Social Media,SMB,43,True
1276,2024-10-19,Congo,Referral,Enterprise,49,True
1277,2024-02-21,Germany,Partner,Mid Market,91,True
1278,2024-08-09,Faroe Islands,Social Media,SMB,39,False
1279,2024-08-30,Tuvalu,Organic Search,SMB,83,True
1280,2024-03-09,Ethiopia,Paid Ads,SMB,60,True
1281,2024-09-06,Croatia,Partner,SMB,92,True
1282,2024-01-25,Mauritania,Social Media,SMB,40,False
1283,2024-01-31,Saint Barthelemy,Referral,Mid Market,80,True
1284,2024-11-18,Venezuela,Organic Search,SMB,62,True
1285,2024-05-13,Serbia,Partner,SMB,91,True
1286,2024-05-11,Iceland,Partner,SMB,35,True
1287,2024-06-28,Netherlands,Paid Ads,SMB,93,True
1288,2024-11-28,Timor-Leste,Paid Ads,SMB,56,True
1289,2024-06-30,Kyrgyz Republic,Partner,Mid Market,82,True
1290,2024-08-16,United States Virgin Islands,Organic Search,SMB,56,True
1291,2024-08-25,Netherlands Antilles,Referral,Mid Market,63,False
1292,2024-08-03,Falkland Islands (Malvinas),Paid Ads,SMB,29,True
1293,2024-02-10,San Marino,Referral,SMB,60,True
1294,2024-06-11,Congo,Partner,Mid Market,97,True
1295,2024-11-26,Canada,Social Media,SMB,76,False
1296,2024-07-04,Puerto Rico,Paid Ads,SMB,77,False
1297,2024-07-30,New Zealand,Referral,SMB,22,False
1298,2024-03-05,Vietnam,Referral,Mid Market,30,True
1299,2024-04-17,Swaziland,Referral,SMB,32,True
1300,2024-02-02,Belgium,Social Media,SMB,23,True
1301,2024-07-22,Nauru,Paid Ads,Mid Market,30,True
1302,2024-02-23,Mongolia,Partner,Mid Market,30,False
1303,2024-12-01,Latvia,Social Media,SMB,51,False
1304,2024-05-25,Timor-Leste,Social Media,Mid Market,36,True
1305,2024-09-26,Bangladesh,Referral,SMB,65,True
1306,2024-06-15,Maldives,Social Media,SMB,89,True
1307,2024-05-19,Uruguay,Paid Ads,SMB,89,True
1308,2024-03-31,Taiwan,Paid Ads,SMB,100,True
1309,2024-11-21,Saudi Arabia,Paid Ads,SMB,88,True
1310,2024-06-07,Costa Rica,Partner,SMB,49,False
1311,2024-02-15,Romania,Social Media,SMB,72,True
1312,2024-05-13,Saint Barthelemy,Referral,SMB,20,True
1313,2024-09-24,Montserrat,Referral,SMB,80,True
1314,2024-09-30,Cameroon,Organic Search,Mid Market,82,True
1315,2024-09-01,British Virgin Islands,Partner,SMB,75,True
1316,2024-05-29,Nigeria,Paid Ads,SMB,20,True
1317,2024-10-07,Russian Federation,Partner,SMB,91,True
1318,2024-08-11,Somalia,Social Media,SMB,69,True
1319,2024-07-12,Senegal,Referral,SMB,74,True
1320,2024-11-16,Marshall Islands,Referral,SMB,98,True
1321,2024-12-21,Lebanon,Partner,SMB,88,True
1322,2024-05-17,Colombia,Social Media,SMB,28,False
1323,2024-04-03,Iran,Referral,SMB,78,True
1324,2024-11-12,Sierra Leone,Social Media,SMB,99,True
1325,2024-09-08,Tonga,Referral,SMB,39,True
1326,2024-01-26,Guam,Paid Ads,SMB,33,False
1327,2024-05-24,Kyrgyz Republic,Partner,SMB,76,True
1328,2024-01-05,Pakistan,Referral,SMB,21,True
1329,2024-09-09,Iran,Referral,SMB,59,True
1330,2024-09-12,Lithuania,Partner,SMB,24,False
1331,2024-06-18,Niger,Organic Search,Mid Market,38,False
1332,2024-01-29,Greece,Partner,Mid Market,29,False
1333,2024-10-05,Guinea,Social Media,SMB,52,False
1334,2024-07-14,Jordan,Organic Search,SMB,51,True
1335,2024-07-16,Malawi,Social Media,SMB,24,False
1336,2024-04-11,Cook Islands,Social Media,Mid Market,32,False
1337,2024-09-23,Samoa,Referral,SMB,59,True
1338,2024-06-14,Saint Vincent and the Grenadines,Referral,Mid Market,25,True
1339,2024-10-08,Bahrain,Paid Ads,SMB,81,True
1340,2024-11-22,Tokelau,Partner,SMB,26,False
1341,2024-12-07,Bulgaria,Referral,Enterprise,50,True
1342,2024-11-20,Hungary,Social Media,SMB,41,True
1343,2024-05-21,Botswana,Paid Ads,SMB,51,True
1344,2024-01-05,France,Organic Search,SMB,80,True
1345,2024-12-18,Colombia,Paid Ads,SMB,31,False
1346,2024-05-07,Northern Mariana Islands,Referral,SMB,99,True
1347,2024-06-22,Madagascar,Organic Search,SMB,39,True
1348,2024-12-25,Malta,Paid Ads,Mid Market,36,False
1349,2024-09-06,Western Sahara,Referral,SMB,91,True
1350,2024-11-26,Bulgaria,Partner,Mid Market,76,True
1351,2024-04-08,Kiribati,Organic Search,Mid Market,65,False
1352,2024-03-09,El Salvador,Partner,Mid Market,82,True
1353,2024-12-27,Antarctica (the territory South of 60 deg S),Social Media,SMB,89,False
1354,2024-12-22,Nauru,Social Media,SMB,43,True
1355,2024-10-05,Burundi,Partner,SMB,79,True
1356,2024-05-20,Georgia,Paid Ads,Enterprise,90,True
1357,2024-03-23,Colombia,Organic Search,SMB,77,True
1358,2024-05-31,Iraq,Partner,SMB,78,False
1359,2024-01-01,Panama,Paid Ads,SMB,43,True
1360,2024-01-10,Saint Barthelemy,Paid Ads,Mid Market,99,True
1361,2024-05-02,Tonga,Partner,Mid Market,88,True
1362,2024-07-17,Iran,Referral,SMB,83,True
1363,2024-10-09,Aruba,Referral,Mid Market,61,True
1364,2024-07-28,Svalbard & Jan Mayen Islands,Partner,SMB,86,True
1365,2024-12-03,Somalia,Organic Search,SMB,36,True
1366,2024-04-01,Burkina Faso,Organic Search,SMB,82,True
1367,2024-04-08,Guam,Organic Search,SMB,69,True
1368,2024-12-02,Cook Islands,Social Media,SMB,95,True
1369,2024-05-11,Turkey,Organic Search,SMB,97,True
1370,2024-02-06,Tuvalu,Organic Search,Enterprise,46,True
1371,2024-12-01,Iceland,Social Media,Enterprise,30,True
1372,2024-08-27,Greece,Organic Search,SMB,73,True
1373,2024-07-07,Montserrat,Organic Search,Mid Market,54,False
1374,2024-09-27,Algeria,Organic Search,Mid Market,58,True
1375,2024-02-09,Kazakhstan,Referral,Enterprise,32,True
1376,2024-02-21,Georgia,Referral,SMB,44,False
1377,2024-04-08,Niue,Paid Ads,Mid Market,92,True
1378,2024-11-16,Wallis and Futuna,Referral,SMB,91,True
1379,2024-07-31,Italy,Organic Search,Mid Market,93,True
1380,2024-07-02,Liechtenstein,Social Media,Mid Market,74,True
1381,2024-02-23,Jamaica,Referral,Mid Market,90,True
1382,2024-07-24,United States Minor Outlying Islands,Paid Ads,SMB,40,False
1383,2024-09-30,Haiti,Paid Ads,SMB,65,True
1384,2024-06-10,Grenada,Paid Ads,Enterprise,61,True
1385,2024-07-09,Antarctica (the territory South of 60 deg S),Social Media,Mid Market,75,True
1386,2024-06-14,San Marino,Paid Ads,SMB,89,True
1387,2024-04-19,Canada,Social Media,Mid Market,52,True
1388,2024-07-03,Liechtenstein,Social Media,SMB,70,True
1389,2024-01-01,India,Organic Search,Enterprise,96,True
1390,2024-01-09,Malawi,Paid Ads,SMB,58,True
1391,2024-01-04,Cambodia,Partner,Enterprise,47,False
1392,2024-06-10,Zimbabwe,Organic Search,Mid Market,55,True
1393,2024-10-10,United States Minor Outlying Islands,Paid Ads,SMB,93,True
1394,2024-03-20,Belgium,Organic Search,SMB,65,True
1395,2024-03-20,Romania,Referral,SMB,94,True
1396,2024-05-07,Bulgaria,Referral,SMB,58,False
1397,2024-02-17,Romania,Paid Ads,SMB,47,False
1398,2024-02-09,Lebanon,Partner,Mid Market,42,True
1399,2024-09-06,Uzbekistan,Paid Ads,Mid Market,32,False
1400,2024-10-31,French Southern Territories,Partner,SMB,93,True
1401,2024-07-14,French Southern Territories,Organic Search,Mid Market,62,True
1402,2024-06-27,Uzbekistan,Social Media,SMB,35,True
1403,2024-04-26,France,Paid Ads,Enterprise,100,True
1404,2024-07-14,Iraq,Organic Search,SMB,25,True
1405,2024-06-12,Croatia,Paid Ads,SMB,61,True
1406,2024-09-14,Bosnia and Herzegovina,Referral,SMB,70,True
1407,2024-08-16,Germany,Paid Ads,SMB,31,False
1408,2024-04-23,Poland,Social Media,SMB,70,True
1409,2024-03-16,Svalbard & Jan Mayen Islands,Referral,SMB,80,True
1410,2024-10-19,Sudan,Organic Search,SMB,53,True
1411,2024-02-13,North Macedonia,Social Media,SMB,36,True
1412,2024-03-10,Jamaica,Social Media,SMB,82,True
1413,2024-07-21,Venezuela,Paid Ads,SMB,98,True
1414,2024-09-25,New Zealand,Referral,SMB,54,True
1415,2024-08-08,Cape Verde,Partner,Mid Market,93,True
1416,2024-02-15,Zambia,Organic Search,Mid Market,74,True
1417,2024-07-06,Greenland,Partner,SMB,64,False
1418,2024-10-31,Japan,Organic Search,Mid Market,41,True
1419,2024-06-28,Turks and Caicos Islands,Paid Ads,Mid Market,76,True
1420,2024-11-15,Kazakhstan,Referral,SMB,49,True
1421,2024-04-12,Slovenia,Partner,SMB,30,True
1422,2024-02-27,Colombia,Organic Search,SMB,99,True
1423,2024-03-16,Uruguay,Partner,SMB,34,False
1424,2024-06-05,Luxembourg,Social Media,SMB,62,True
1425,2024-04-17,Ukraine,Paid Ads,SMB,89,True
1426,2024-09-24,New Caledonia,Partner,SMB,99,True
1427,2024-03-13,Australia,Organic Search,SMB,87,True
1428,2024-01-23,Hungary,Partner,SMB,56,False
1429,2024-04-12,Malawi,Paid Ads,SMB,79,True
1430,2024-12-01,Korea,Organic Search,SMB,54,False
1431,2024-12-05,French Polynesia,Partner,Mid Market,22,False
1432,2024-05-29,Estonia,Social Media,SMB,68,True
1433,2024-09-17,Bosnia and Herzegovina,Organic Search,Enterprise,82,True
1434,2024-11-01,Guadeloupe,Paid Ads,SMB,45,True
1435,2024-09-13,Mali,Social Media,SMB,22,True
1436,2024-01-21,Cocos (Keeling) Islands,Referral,Enterprise,59,True
1437,2024-06-19,Malawi,Social Media,SMB,40,False
1438,2024-01-10,Gabon,Partner,Mid Market,65,True
1439,2024-11-16,British Virgin Islands,Partner,SMB,84,False
1440,2024-05-21,Holy See (Vatican City State),Organic Search,Mid Market,69,True
1441,2024-01-16,Saint Barthelemy,Paid Ads,Enterprise,48,True
1442,2024-03-18,Marshall Islands,Partner,Mid Market,37,True
1443,2024-02-14,Algeria,Social Media,SMB,98,True
1444,2024-11-16,Kiribati,Referral,SMB,93,True
1445,2024-03-19,Oman,Social Media,Enterprise,97,False
1446,2024-06-17,Bermuda,Social Media,SMB,46,True
1447,2024-11-30,Costa Rica,Referral,SMB,45,True
1448,2024-03-11,Bhutan,Partner,Mid Market,87,True
1449,2024-03-10,Senegal,Social Media,Enterprise,38,True
1450,2024-12-01,Lao People's Democratic Republic,Paid Ads,Enterprise,60,True
1451,2024-02-04,Anguilla,Paid Ads,SMB,35,False
1452,2024-04-04,Jersey,Partner,Mid Market,38,False
1453,2024-01-16,Martinique,Partner,Mid Market,72,True
1454,2024-07-29,Russian Federation,Partner,SMB,55,True
1455,2024-03-18,Turks and Caicos Islands,Referral,SMB,43,False
1456,2024-01-14,Guinea,Paid Ads,Mid Market,97,True
1457,2024-10-17,Mayotte,Paid Ads,SMB,49,False
1458,2024-04-28,Uganda,Organic Search,SMB,81,True
1459,2024-03-09,Central African Republic,Paid Ads,Mid Market,80,False
1460,2024-12-30,Nepal,Partner,SMB,69,True
1461,2024-09-08,Ethiopia,Social Media,SMB,44,True
1462,2024-04-25,Indonesia,Organic Search,SMB,21,True
1463,2024-05-18,Western Sahara,Social Media,SMB,45,True
1464,2024-04-14,Bahrain,Organic Search,SMB,76,True
1465,2024-11-11,India,Social Media,Mid Market,78,True
1466,2024-05-06,Comoros,Social Media,SMB,25,False
1467,2024-11-07,Vanuatu,Social Media,Mid Market,70,True
1468,2024-11-09,Botswana,Paid Ads,SMB,87,True
1469,2024-11-24,Turks and Caicos Islands,Organic Search,SMB,77,True
1470,2024-08-21,Liechtenstein,Organic Search,Mid Market,51,True
1471,2024-09-22,North Macedonia,Paid Ads,SMB,25,False
1472,2024-10-12,Hong Kong,Social Media,SMB,100,True
1473,2024-01-26,Oman,Referral,SMB,70,True
1474,2024-06-04,Australia,Partner,SMB,74,True
1475,2024-05-30,Macao,Paid Ads,Enterprise,86,True
1476,2024-03-13,Switzerland,Social Media,Mid Market,77,True
1477,2024-02-16,Sri Lanka,Paid Ads,SMB,94,True
1478,2024-12-22,Saint Martin,Paid Ads,SMB,72,True
1479,2024-06-14,Bolivia,Social Media,SMB,78,True
1480,2024-10-29,Senegal,Referral,Mid Market,31,True
1481,2024-05-08,Guinea-Bissau,Partner,Mid Market,40,True
1482,2024-03-04,Guatemala,Organic Search,SMB,77,True
1483,2024-11-20,Paraguay,Partner,SMB,69,True
1484,2024-09-18,Faroe Islands,Paid Ads,Enterprise,68,True
1485,2024-10-08,Guinea,Social Media,SMB,41,True
1486,2024-06-20,Iran,Paid Ads,Mid Market,39,True
1487,2024-03-24,Anguilla,Referral,SMB,26,False
1488,2024-08-02,Kenya,Partner,SMB,77,True
1489,2024-05-27,United States of America,Referral,SMB,36,False
1490,2024-04-13,Faroe Islands,Organic Search,Mid Market,52,True
1491,2024-01-07,Korea,Social Media,SMB,83,True
1492,2024-10-05,Georgia,Organic Search,Mid Market,83,True
1493,2024-05-01,Saint Martin,Referral,SMB,80,True
1494,2024-08-20,Uganda,Social Media,SMB,96,True
1495,2024-11-03,French Southern Territories,Organic Search,SMB,90,True
1496,2024-05-22,Hungary,Paid Ads,Mid Market,46,False
1497,2024-01-26,Cape Verde,Referral,SMB,64,True
1498,2024-01-19,Myanmar,Referral,Mid Market,93,True
1499,2024-11-04,Nauru,Partner,SMB,31,False
1500,2024-01-26,Faroe Islands,Organic Search,SMB,42,True
1501,2024-03-23,Somalia,Partner,Mid Market,96,True
1502,2024-10-20,Finland,Paid Ads,SMB,78,True
1503,2024-10-23,Northern Mariana Islands,Partner,Enterprise,31,True
1504,2024-06-02,Congo,Partner,SMB,68,True
1505,2024-02-04,Saint Barthelemy,Social Media,Mid Market,28,True
1506,2024-05-29,Saint Martin,Social Media,SMB,55,True
1507,2024-06-17,Tunisia,Paid Ads,SMB,46,False
1508,2024-12-22,French Southern Territories,Referral,Mid Market,33,True
1509,2024-10-19,Honduras,Paid Ads,Enterprise,81,True
1510,2024-12-18,Haiti,Paid Ads,Enterprise,56,True
1511,2024-08-06,Eritrea,Paid Ads,Mid Market,53,True
1512,2024-09-26,Cambodia,Paid Ads,Enterprise,65,False
1513,2024-03-07,Latvia,Paid Ads,SMB,86,True
1514,2024-11-19,Botswana,Social Media,SMB,43,True
1515,2024-11-08,Bahamas,Referral,Mid Market,44,False
1516,2024-01-01,Saint Vincent and the Grenadines,Organic Search,SMB,100,True
1517,2024-03-01,El Salvador,Referral,Mid Market,73,True
1518,2024-07-30,Argentina,Organic Search,SMB,91,True
1519,2024-11-22,Marshall Islands,Referral,SMB,45,True
1520,2024-12-19,Chile,Partner,SMB,28,True
1521,2024-06-06,Congo,Partner,SMB,61,False
1522,2024-01-04,United States of America,Organic Search,Mid Market,63,False
1523,2024-07-21,Romania,Paid Ads,Mid Market,23,False
1524,2024-03-30,Cote d'Ivoire,Referral,SMB,63,True
1525,2024-12-10,Tunisia,Social Media,Enterprise,24,True
1526,2024-11-26,Andorra,Referral,SMB,100,True
1527,2024-08-23,Albania,Paid Ads,Mid Market,79,False
1528,2024-07-30,Sao Tome and Principe,Organic Search,Mid Market,58,True
1529,2024-10-16,Honduras,Partner,SMB,22,True
1530,2024-04-16,Austria,Paid Ads,Mid Market,65,True
1531,2024-02-03,China,Referral,SMB,23,True
1532,2024-06-22,Congo,Social Media,Mid Market,41,True
1533,2024-10-19,Angola,Paid Ads,SMB,96,True
1534,2024-02-29,Nicaragua,Partner,Mid Market,60,False
1535,2024-12-29,Honduras,Organic Search,SMB,31,True
1536,2024-09-11,Turkmenistan,Referral,SMB,58,True
1537,2024-04-20,Ethiopia,Paid Ads,SMB,34,False
1538,2024-07-10,Norway,Organic Search,Mid Market,31,False
1539,2024-08-15,Chile,Paid Ads,SMB,81,True
1540,2024-09-13,Saint Helena,Referral,SMB,81,True
1541,2024-09-25,Bermuda,Partner,Mid Market,38,True
1542,2024-02-20,United States Virgin Islands,Paid Ads,Mid Market,36,False
1543,2024-04-15,Guernsey,Organic Search,SMB,86,True
1544,2024-02-29,Saint Lucia,Organic Search,SMB,25,True
1545,2024-12-17,San Marino,Paid Ads,Mid Market,62,True
1546,2024-08-27,British Indian Ocean Territory (Chagos Archipelago),Organic Search,SMB,59,True
1547,2024-01-12,Kuwait,Paid Ads,Mid Market,46,True
1548,2024-06-13,Cambodia,Referral,SMB,55,True
1549,2024-09-29,Central African Republic,Partner,Mid Market,35,True
1550,2024-05-19,Christmas Island,Referral,SMB,34,False
1551,2024-01-08,Svalbard & Jan Mayen Islands,Paid Ads,SMB,33,False
1552,2024-04-15,Dominica,Paid Ads,SMB,60,True
1553,2024-05-18,Pitcairn Islands,Referral,Enterprise,56,False
1554,2024-10-20,Tonga,Referral,SMB,59,True
1555,2024-11-09,Bosnia and Herzegovina,Partner,SMB,26,False
1556,2024-03-07,Bouvet Island (Bouvetoya),Organic Search,SMB,26,True
1557,2024-02-24,Nigeria,Social Media,SMB,74,True
1558,2024-07-19,Nauru,Referral,Mid Market,95,True
1559,2024-11-18,Martinique,Social Media,Mid Market,59,True
1560,2024-06-19,Micronesia,Referral,Mid Market,88,True
1561,2024-02-10,Colombia,Social Media,SMB,31,True
1562,2024-12-23,Philippines,Social Media,SMB,59,True
1563,2024-12-16,Myanmar,Social Media,SMB,48,False
1564,2024-03-14,Malaysia,Paid Ads,SMB,66,True
1565,2024-07-19,Mauritania,Referral,Mid Market,62,True
1566,2024-06-15,Korea,Social Media,SMB,28,True
1567,2024-08-31,Faroe Islands,Organic Search,SMB,79,True
1568,2024-03-28,Oman,Partner,Mid Market,97,True
1569,2024-10-21,Jordan,Referral,SMB,71,True
1570,2024-12-31,Belize,Organic Search,SMB,29,True
1571,2024-06-03,Bahamas,Paid Ads,SMB,95,True
1572,2024-07-30,Tanzania,Referral,Mid Market,90,True
1573,2024-03-22,Timor-Leste,Social Media,SMB,63,False
1574,2024-04-16,Haiti,Paid Ads,SMB,75,True
1575,2024-10-17,Belgium,Partner,SMB,50,True
1576,2024-03-29,Philippines,Organic Search,Mid Market,93,True
1577,2024-09-06,Reunion,Organic Search,SMB,79,True
1578,2024-06-15,Slovakia (Slovak Republic),Paid Ads,SMB,76,True
1579,2024-03-31,Singapore,Partner,Enterprise,28,True
1580,2024-11-02,Saudi Arabia,Organic Search,Mid Market,96,True
1581,2024-07-13,Guyana,Partner,SMB,27,True
1582,2024-02-16,Guernsey,Referral,Mid Market,94,True
1583,2024-11-21,Venezuela,Organic Search,Mid Market,39,True
1584,2024-08-19,Haiti,Paid Ads,SMB,98,True
1585,2024-10-22,Mayotte,Social Media,SMB,60,False
1586,2024-06-02,Liechtenstein,Paid Ads,Mid Market,58,True
1587,2024-08-10,Armenia,Partner,Enterprise,94,True
1588,2024-01-05,Thailand,Paid Ads,Enterprise,71,True
1589,2024-03-06,Saudi Arabia,Partner,SMB,90,True
1590,2024-01-28,Afghanistan,Organic Search,Mid Market,65,True
1591,2024-02-26,Jersey,Partner,Mid Market,50,False
1592,2024-08-09,Tonga,Paid Ads,SMB,60,True
1593,2024-12-30,Portugal,Social Media,SMB,75,True
1594,2024-10-06,Malta,Referral,Mid Market,80,True
1595,2024-03-12,Saint Barthelemy,Referral,SMB,66,True
1596,2024-08-01,Bahamas,Referral,SMB,36,True
1597,2024-03-09,Nauru,Organic Search,SMB,22,False
1598,2024-03-14,Denmark,Social Media,Mid Market,37,True
1599,2024-02-13,Cocos (Keeling) Islands,Referral,Mid Market,73,True
1600,2024-08-21,Nicaragua,Paid Ads,Enterprise,99,True
1601,2024-04-02,Costa Rica,Social Media,SMB,90,True
1602,2024-08-18,Jamaica,Social Media,SMB,43,False
1603,2024-08-05,Barbados,Paid Ads,SMB,83,True
1604,2024-05-01,Senegal,Paid Ads,SMB,89,False
1605,2024-10-22,Albania,Partner,SMB,24,True
1606,2024-10-17,Japan,Social Media,Mid Market,34,True
1607,2024-10-24,Bangladesh,Social Media,Enterprise,30,False
1608,2024-03-13,Fiji,Paid Ads,Enterprise,55,True
1609,2024-08-26,Saint Vincent and the Grenadines,Paid Ads,SMB,98,True
1610,2024-02-15,Swaziland,Referral,SMB,29,False
1611,2024-12-16,Ecuador,Paid Ads,Mid Market,59,True
1612,2024-11-09,Brunei Darussalam,Organic Search,Enterprise,88,True
1613,2024-01-06,Puerto Rico,Social Media,SMB,80,True
1614,2024-10-20,Gibraltar,Partner,SMB,57,True
1615,2024-05-28,Switzerland,Referral,SMB,96,True
1616,2024-06-04,Saudi Arabia,Paid Ads,SMB,100,False
1617,2024-08-30,Guinea,Paid Ads,SMB,26,False
1618,2024-12-02,Anguilla,Partner,Mid Market,99,True
1619,2024-01-14,Guinea-Bissau,Partner,SMB,36,False
1620,2024-09-15,Indonesia,Organic Search,Mid Market,55,True
1621,2024-05-09,Bolivia,Referral,Mid Market,55,True
1622,2024-05-11,Indonesia,Organic Search,Mid Market,97,True
1623,2024-03-30,Djibouti,Paid Ads,Mid Market,77,True
1624,2024-07-08,Macao,Referral,SMB,50,True
1625,2024-09-05,Saint Helena,Referral,Mid Market,24,True
1626,2024-06-24,Slovenia,Organic Search,Enterprise,96,True
1627,2024-03-19,Serbia,Social Media,Mid Market,72,True
1628,2024-07-15,Burundi,Referral,Mid Market,41,True
1629,2024-04-17,Sierra Leone,Paid Ads,Mid Market,64,True
1630,2024-01-28,France,Partner,Mid Market,34,True
1631,2024-01-27,Falkland Islands (Malvinas),Referral,SMB,80,False
1632,2024-06-03,Brunei Darussalam,Social Media,Mid Market,88,True
1633,2024-04-29,Mozambique,Social Media,Mid Market,69,True
1634,2024-08-30,Holy See (Vatican City State),Partner,SMB,75,True
1635,2024-01-07,Palestinian Territory,Partner,Enterprise,77,True
1636,2024-07-14,Dominican Republic,Partner,Enterprise,25,True
1637,2024-02-19,United States Minor Outlying Islands,Paid Ads,Mid Market,75,True
1638,2024-11-08,Macao,Partner,SMB,54,False
1639,2024-02-20,Uganda,Partner,Mid Market,70,True
1640,2024-08-24,Kuwait,Referral,Mid Market,95,True
1641,2024-04-09,Syrian Arab Republic,Paid Ads,SMB,43,True
1642,2024-06-09,Guernsey,Paid Ads,SMB,21,True
1643,2024-02-04,Jersey,Organic Search,SMB,87,True
1644,2024-02-23,Jordan,Social Media,SMB,56,True
1645,2024-05-08,French Southern Territories,Referral,SMB,99,True
1646,2024-02-17,Solomon Islands,Organic Search,Enterprise,47,True
1647,2024-11-02,Turks and Caicos Islands,Organic Search,Mid Market,35,False
1648,2024-02-14,Albania,Paid Ads,SMB,92,True
1649,2024-04-04,Czech Republic,Organic Search,Mid Market,52,True
1650,2024-05-30,Switzerland,Social Media,Mid Market,29,True
1651,2024-11-23,Micronesia,Social Media,Enterprise,55,True
1652,2024-08-06,South Georgia and the South Sandwich Islands,Partner,SMB,29,True
1653,2024-05-21,Swaziland,Organic Search,SMB,62,True
1654,2024-01-31,Kiribati,Partner,Enterprise,53,True
1655,2024-04-01,Paraguay,Social Media,SMB,45,True
1656,2024-11-08,Portugal,Social Media,SMB,82,True
1657,2024-02-25,Bouvet Island (Bouvetoya),Referral,SMB,75,True
1658,2024-04-21,Guadeloupe,Paid Ads,Mid Market,76,True
1659,2024-05-12,Anguilla,Organic Search,SMB,29,False
1660,2024-10-19,Solomon Islands,Partner,Mid Market,22,True
1661,2024-09-11,Gibraltar,Referral,Mid Market,20,False
1662,2024-01-20,Sudan,Social Media,SMB,62,True
1663,2024-07-19,Brazil,Paid Ads,SMB,82,True
1664,2024-09-01,Ireland,Social Media,SMB,28,True
1665,2024-10-03,Papua New Guinea,Referral,SMB,81,True
1666,2024-03-03,French Guiana,Paid Ads,SMB,65,True
1667,2024-06-19,Kazakhstan,Partner,SMB,100,True
1668,2024-11-27,Aruba,Organic Search,SMB,63,False
1669,2024-02-11,Venezuela,Social Media,Mid Market,57,True
1670,2024-11-27,China,Referral,SMB,25,True
1671,2024-07-15,Guinea-Bissau,Referral,SMB,69,True
1672,2024-02-24,Lithuania,Partner,SMB,100,True
1673,2024-08-12,Mozambique,Referral,SMB,44,True
1674,2024-01-13,Puerto Rico,Paid Ads,SMB,69,False
1675,2024-02-02,Montserrat,Paid Ads,Mid Market,83,True
1676,2024-09-30,Saint Barthelemy,Social Media,Enterprise,22,False
1677,2024-01-19,Pitcairn Islands,Partner,SMB,25,True
1678,2024-07-26,Norfolk Island,Organic Search,SMB,86,True
1679,2024-08-22,Czech Republic,Paid Ads,SMB,94,True
1680,2024-04-29,Anguilla,Organic Search,SMB,38,True
1681,2024-09-07,Korea,Organic Search,SMB,99,True
1682,2024-01-24,Mongolia,Referral,Mid Market,36,True
1683,2024-01-08,San Marino,Referral,Mid Market,59,True
1684,2024-02-19,Central African Republic,Social Media,Mid Market,95,True
1685,2024-02-02,Uzbekistan,Organic Search,SMB,96,False
1686,2024-11-11,Guernsey,Referral,SMB,45,True
1687,2024-08-06,Congo,Partner,Mid Market,71,True
1688,2024-06-15,Austria,Organic Search,Enterprise,93,True
1689,2024-10-06,Philippines,Referral,SMB,47,True
1690,2024-01-24,Bolivia,Paid Ads,SMB,28,True
1691,2024-03-02,Norway,Partner,SMB,73,True
1692,2024-03-27,Tajikistan,Partner,SMB,76,True
1693,2024-05-04,Tonga,Paid Ads,SMB,32,True
1694,2024-11-19,Bahamas,Paid Ads,SMB,40,True
1695,2024-01-09,Guatemala,Social Media,SMB,20,False
1696,2024-04-01,Cyprus,Organic Search,Mid Market,95,True
1697,2024-05-25,Rwanda,Social Media,Mid Market,80,True
1698,2024-12-20,Argentina,Referral,SMB,54,True
1699,2024-09-24,Slovenia,Social Media,SMB,42,False
1700,2024-11-08,Pitcairn Islands,Organic Search,SMB,83,True
1701,2024-11-09,Reunion,Organic Search,Mid Market,58,True
1702,2024-06-27,Burkina Faso,Social Media,SMB,50,True
1703,2024-04-08,Nepal,Organic Search,Enterprise,32,False
1704,2024-11-12,Botswana,Partner,Mid Market,89,True
1705,2024-09-16,Guernsey,Referral,SMB,100,True
1706,2024-12-03,Montserrat,Referral,SMB,44,False
1707,2024-02-27,Lao People's Democratic Republic,Referral,Mid Market,80,True
1708,2024-09-11,Niger,Referral,SMB,25,False
1709,2024-01-28,Mongolia,Partner,SMB,75,True
1710,2024-05-08,Turkmenistan,Partner,Mid Market,78,True
1711,2024-01-23,Solomon Islands,Organic Search,Mid Market,88,True
1712,2024-03-31,Kuwait,Referral,Mid Market,82,True
1713,2024-09-20,Botswana,Organic Search,SMB,50,True
1714,2024-08-15,Equatorial Guinea,Paid Ads,SMB,73,True
1715,2024-04-11,Korea,Partner,SMB,34,True
1716,2024-06-15,Madagascar,Referral,SMB,72,True
1717,2024-04-12,Guam,Social Media,Mid Market,29,False
1718,2024-08-29,Niger,Paid Ads,SMB,75,True
1719,2024-03-15,Liberia,Referral,Enterprise,78,True
1720,2024-04-01,Tonga,Social Media,SMB,78,True
1721,2024-04-09,Seychelles,Partner,Enterprise,45,False
1722,2024-06-20,Mongolia,Referral,SMB,92,True
1723,2024-01-31,Canada,Partner,SMB,79,False
1724,2024-08-22,Peru,Social Media,SMB,63,True
1725,2024-04-22,Macao,Partner,Mid Market,98,True
1726,2024-03-28,South Africa,Paid Ads,Enterprise,49,True
1727,2024-02-14,Mexico,Social Media,Mid Market,82,True
1728,2024-04-20,French Southern Territories,Paid Ads,SMB,79,True
1729,2024-05-22,Holy See (Vatican City State),Organic Search,Mid Market,51,True
1730,2024-05-06,Tonga,Partner,SMB,48,False
1731,2024-10-29,Ecuador,Referral,Enterprise,20,True
1732,2024-08-01,Oman,Organic Search,SMB,80,True
1733,2024-09-15,Anguilla,Organic Search,SMB,70,False
1734,2024-09-02,Malta,Organic Search,SMB,50,True
1735,2024-02-12,Vanuatu,Paid Ads,Mid Market,72,True
1736,2024-04-21,Portugal,Referral,SMB,50,True
1737,2024-11-27,Solomon Islands,Organic Search,SMB,59,True
1738,2024-03-23,Cameroon,Social Media,Mid Market,94,True
1739,2024-01-13,Brunei Darussalam,Social Media,SMB,37,True
1740,2024-12-26,Brunei Darussalam,Social Media,SMB,67,True
1741,2024-11-16,Argentina,Social Media,Mid Market,20,False
1742,2024-11-17,Kazakhstan,Organic Search,SMB,62,True
1743,2024-09-28,Senegal,Organic Search,SMB,54,True
1744,2024-12-23,Costa Rica,Paid Ads,SMB,46,True
1745,2024-12-16,Cambodia,Organic Search,Mid Market,62,True
1746,2024-01-29,Jordan,Paid Ads,Enterprise,66,True
1747,2024-01-27,Papua New Guinea,Organic Search,SMB,79,True
1748,2024-11-12,Korea,Organic Search,SMB,42,True
1749,2024-11-27,Wallis and Futuna,Paid Ads,Mid Market,91,True
1750,2024-12-29,Kiribati,Referral,SMB,62,True
1751,2024-05-02,Portugal,Paid Ads,SMB,81,True
1752,2024-10-24,Gibraltar,Referral,Mid Market,48,True
1753,2024-06-13,Kazakhstan,Partner,Mid Market,84,True
1754,2024-12-14,Uruguay,Social Media,SMB,28,True
1755,2024-07-09,Indonesia,Partner,SMB,84,True
1756,2024-09-26,British Indian Ocean Territory (Chagos Archipelago),Organic Search,SMB,88,True
1757,2024-12-13,Syrian Arab Republic,Paid Ads,Mid Market,77,True
1758,2024-11-13,Belarus,Partner,Mid Market,28,True
1759,2024-04-06,Syrian Arab Republic,Social Media,SMB,70,True
1760,2024-04-01,Zambia,Partner,Enterprise,29,True
1761,2024-02-25,French Southern Territories,Referral,SMB,38,False
1762,2024-09-11,Romania,Referral,Mid Market,86,True
1763,2024-11-17,Ukraine,Organic Search,SMB,89,True
1764,2024-03-08,Anguilla,Social Media,SMB,76,False
1765,2024-11-26,Slovakia (Slovak Republic),Organic Search,SMB,28,True
1766,2024-01-12,Mozambique,Referral,Mid Market,86,True
1767,2024-11-26,Western Sahara,Partner,SMB,63,True
1768,2024-12-01,Kenya,Partner,SMB,87,True
1769,2024-10-07,Martinique,Social Media,SMB,92,False
1770,2024-03-08,Nepal,Partner,SMB,53,True
1771,2024-04-26,Armenia,Social Media,SMB,56,True
1772,2024-01-25,China,Referral,SMB,78,True
1773,2024-03-26,Kyrgyz Republic,Paid Ads,Enterprise,88,True
1774,2024-05-26,Zimbabwe,Referral,Enterprise,39,True
1775,2024-03-23,North Macedonia,Referral,SMB,60,True
1776,2024-10-21,Solomon Islands,Referral,SMB,67,True
1777,2024-04-04,Brazil,Referral,SMB,24,True
1778,2024-12-06,Russian Federation,Partner,Enterprise,38,True
1779,2024-07-09,Ethiopia,Social Media,SMB,40,False
1780,2024-09-30,France,Partner,SMB,23,False
1781,2024-07-26,Comoros,Social Media,Mid Market,78,True
1782,2024-06-12,Malaysia,Referral,SMB,89,True
1783,2024-09-16,Switzerland,Partner,Mid Market,57,True
1784,2024-08-30,Albania,Partner,Enterprise,93,True
1785,2024-12-07,Faroe Islands,Referral,Mid Market,76,True
1786,2024-06-22,Cambodia,Organic Search,Mid Market,25,False
1787,2024-03-12,Cook Islands,Paid Ads,SMB,23,True
1788,2024-07-24,Tajikistan,Paid Ads,Mid Market,77,True
1789,2024-07-01,Falkland Islands (Malvinas),Organic Search,SMB,97,True
1790,2024-11-24,Sao Tome and Principe,Referral,SMB,48,True
1791,2024-05-22,Puerto Rico,Referral,SMB,88,True
1792,2024-08-16,Wallis and Futuna,Organic Search,Enterprise,70,True
1793,2024-04-09,Antarctica (the territory South of 60 deg S),Social Media,SMB,97,True
1794,2024-09-18,Botswana,Organic Search,Enterprise,66,True
1795,2024-07-22,Italy,Referral,Mid Market,74,True
1796,2024-07-08,Trinidad and Tobago,Social Media,SMB,56,True
1797,2024-06-25,Egypt,Partner,SMB,77,True
1798,2024-10-14,Guinea,Organic Search,SMB,76,False
1799,2024-07-31,Russian Federation,Social Media,SMB,74,True
1800,2024-07-31,Dominican Republic,Referral,Mid Market,96,True
1801,2024-02-14,Angola,Referral,SMB,80,True
1802,2024-09-25,Turks and Caicos Islands,Partner,SMB,95,True
1803,2024-07-11,Australia,Organic Search,SMB,54,True
1804,2024-07-31,Djibouti,Referral,SMB,92,True
1805,2024-03-11,Brazil,Referral,SMB,68,True
1806,2024-05-28,Congo,Paid Ads,SMB,58,True
1807,2024-10-26,Korea,Partner,SMB,79,True
1808,2024-04-24,Belarus,Organic Search,Mid Market,39,True
1809,2024-05-14,Jersey,Partner,Enterprise,80,True
1810,2024-03-04,Dominican Republic,Partner,SMB,82,True
1811,2024-12-18,Peru,Referral,SMB,55,True
1812,2024-09-09,Uganda,Organic Search,SMB,66,True
1813,2024-10-24,Poland,Social Media,SMB,53,True
1814,2024-11-17,Somalia,Social Media,Enterprise,35,True
1815,2024-07-10,Rwanda,Paid Ads,Mid Market,22,False
1816,2024-05-12,Montserrat,Referral,SMB,38,True
1817,2024-06-12,Estonia,Social Media,Mid Market,37,True
1818,2024-07-01,Panama,Referral,SMB,66,True
1819,2024-08-02,Nauru,Partner,SMB,57,False
1820,2024-09-28,Panama,Organic Search,SMB,100,True
1821,2024-04-03,Liberia,Organic Search,SMB,41,False
1822,2024-10-05,Bahrain,Partner,Mid Market,58,True
1823,2024-05-18,Guadeloupe,Partner,SMB,94,True
1824,2024-06-29,Andorra,Referral,SMB,86,False
1825,2024-05-24,Brunei Darussalam,Partner,Mid Market,72,True
1826,2024-06-23,Congo,Referral,SMB,39,True
1827,2024-09-14,Georgia,Referral,Mid Market,91,True
1828,2024-11-10,Gibraltar,Paid Ads,Mid Market,90,False
1829,2024-12-25,Guadeloupe,Organic Search,SMB,29,True
1830,2024-02-29,Cayman Islands,Referral,Enterprise,81,False
1831,2024-06-27,Guam,Partner,Mid Market,37,True
1832,2024-08-14,Korea,Paid Ads,SMB,63,True
1833,2024-03-29,Saint Kitts and Nevis,Partner,SMB,35,True
1834,2024-04-23,Nepal,Referral,Mid Market,38,True
1835,2024-12-18,Yemen,Referral,SMB,46,True
1836,2024-03-07,Western Sahara,Organic Search,SMB,34,False
1837,2024-02-09,French Polynesia,Organic Search,Mid Market,75,True
1838,2024-01-22,Bahamas,Referral,SMB,85,True
1839,2024-10-30,Ghana,Organic Search,SMB,52,True
1840,2024-01-23,Cayman Islands,Organic Search,SMB,21,True
1841,2024-02-19,Norway,Organic Search,Enterprise,46,True
1842,2024-10-27,Kyrgyz Republic,Referral,SMB,64,True
1843,2024-01-15,Korea,Organic Search,SMB,55,True
1844,2024-10-23,Portugal,Partner,SMB,84,True
1845,2024-11-09,Barbados,Referral,SMB,28,False
1846,2024-02-20,Iran,Paid Ads,Mid Market,87,True
1847,2024-04-21,Bulgaria,Referral,Enterprise,41,True
1848,2024-10-02,Israel,Organic Search,Enterprise,32,False
1849,2024-04-19,Trinidad and Tobago,Paid Ads,Mid Market,80,True
1850,2024-07-06,Cape Verde,Paid Ads,SMB,33,True
1851,2024-04-02,Serbia,Partner,Enterprise,74,True
1852,2024-04-19,Congo,Paid Ads,SMB,34,False
1853,2024-06-09,Saint Helena,Organic Search,SMB,86,True
1854,2024-03-10,Chile,Social Media,Mid Market,56,True
1855,2024-10-12,Bulgaria,Organic Search,SMB,83,True
1856,2024-02-29,Philippines,Social Media,SMB,96,True
1857,2024-06-08,Tuvalu,Social Media,SMB,72,True
1858,2024-05-28,Sudan,Social Media,SMB,28,True
1859,2024-08-31,Solomon Islands,Partner,SMB,82,True
1860,2024-12-10,Colombia,Organic Search,SMB,86,True
1861,2024-12-03,Iraq,Organic Search,SMB,70,True
1862,2024-07-24,Finland,Paid Ads,Enterprise,41,True
1863,2024-02-03,Syrian Arab Republic,Partner,Enterprise,63,True
1864,2024-04-12,Mauritius,Paid Ads,Mid Market,71,True
1865,2024-03-03,Tokelau,Referral,Mid Market,83,True
1866,2024-05-22,Iceland,Paid Ads,SMB,71,True
1867,2024-07-01,Maldives,Social Media,Mid Market,71,True
1868,2024-09-05,Senegal,Paid Ads,SMB,78,True
1869,2024-02-25,Netherlands Antilles,Organic Search,SMB,83,True
1870,2024-04-28,Kazakhstan,Referral,SMB,26,False
1871,2024-02-04,United States Virgin Islands,Social Media,Mid Market,42,False
1872,2024-07-14,Papua New Guinea,Paid Ads,Mid Market,39,True
1873,2024-06-04,Luxembourg,Paid Ads,Mid Market,29,True
1874,2024-12-04,Marshall Islands,Paid Ads,Mid Market,79,True
1875,2024-04-13,Guernsey,Partner,Mid Market,82,True
1876,2024-09-15,Gambia,Partner,SMB,89,True
1877,2024-10-06,French Southern Territories,Organic Search,Enterprise,24,True
1878,2024-08-08,Philippines,Organic Search,SMB,60,True
1879,2024-07-11,El Salvador,Social Media,SMB,24,True
1880,2024-03-31,Kiribati,Paid Ads,Mid Market,58,False
1881,2024-12-27,Monaco,Referral,SMB,37,True
1882,2024-06-08,Panama,Social Media,SMB,34,True
1883,2024-10-18,Eritrea,Social Media,Mid Market,89,True
1884,2024-10-19,Sweden,Social Media,SMB,40,True
1885,2024-09-16,Cyprus,Organic Search,SMB,83,False
1886,2024-10-29,Spain,Social Media,Mid Market,65,True
1887,2024-05-25,Algeria,Partner,SMB,95,True
1888,2024-01-24,Canada,Referral,Mid Market,64,True
1889,2024-10-25,Oman,Organic Search,Mid Market,100,True
1890,2024-06-23,Bolivia,Social Media,SMB,64,True
1891,2024-07-01,Uganda,Social Media,SMB,51,True
1892,2024-05-06,Cook Islands,Referral,Mid Market,95,True
1893,2024-02-13,Seychelles,Organic Search,Mid Market,34,True
1894,2024-06-21,Egypt,Referral,SMB,61,True
1895,2024-01-20,Kiribati,Social Media,Mid Market,74,True
1896,2024-10-17,Liechtenstein,Paid Ads,Enterprise,54,True
1897,2024-01-11,Greece,Social Media,SMB,60,True
1898,2024-07-12,Saint Helena,Paid Ads,SMB,93,True
1899,2024-02-20,Mali,Social Media,SMB,46,True
1900,2024-06-21,Dominica,Social Media,SMB,63,True
1901,2024-03-26,Djibouti,Paid Ads,SMB,75,True
1902,2024-04-13,Iraq,Social Media,Mid Market,29,True
1903,2024-10-01,El Salvador,Referral,SMB,26,True
1904,2024-06-01,Tonga,Paid Ads,SMB,48,False
1905,2024-11-15,Congo,Organic Search,Mid Market,94,True
1906,2024-02-18,Tokelau,Paid Ads,SMB,28,False
1907,2024-10-17,Svalbard & Jan Mayen Islands,Paid Ads,SMB,46,False
1908,2024-06-26,Czech Republic,Organic Search,Mid Market,58,True
1909,2024-09-15,Venezuela,Partner,SMB,89,True
1910,2024-06-09,French Polynesia,Referral,SMB,52,True
1911,2024-11-15,Oman,Paid Ads,SMB,90,True
1912,2024-04-02,Falkland Islands (Malvinas),Organic Search,Mid Market,86,True
1913,2024-04-05,Puerto Rico,Paid Ads,SMB,79,False
1914,2024-05-17,Mauritania,Paid Ads,Mid Market,75,True
1915,2024-10-16,Italy,Organic Search,SMB,66,True
1916,2024-08-24,Northern Mariana Islands,Referral,SMB,58,True
1917,2024-08-10,Myanmar,Social Media,SMB,28,True
1918,2024-11-20,Niue,Referral,Mid Market,54,True
1919,2024-05-26,Senegal,Referral,SMB,96,True
1920,2024-04-30,Togo,Social Media,SMB,39,True
1921,2024-04-08,American Samoa,Organic Search,SMB,59,False
1922,2024-08-25,Guadeloupe,Social Media,SMB,75,True
1923,2024-08-04,Uzbekistan,Organic Search,SMB,54,True
1924,2024-03-10,Central African Republic,Organic Search,SMB,55,True
1925,2024-12-03,Montserrat,Paid Ads,SMB,25,False
1926,2024-09-05,San Marino,Organic Search,SMB,30,True
1927,2024-06-09,Heard Island and McDonald Islands,Paid Ads,SMB,28,True
1928,2024-07-27,Cuba,Partner,Mid Market,31,True
1929,2024-07-22,Guatemala,Referral,SMB,93,True
1930,2024-09-13,United States Virgin Islands,Organic Search,SMB,94,True
1931,2024-09-25,Falkland Islands (Malvinas),Partner,SMB,31,True
1932,2024-05-01,Mauritius,Paid Ads,SMB,60,True
1933,2024-06-17,Libyan Arab Jamahiriya,Paid Ads,Mid Market,50,True
1934,2024-08-04,Cote d'Ivoire,Referral,SMB,42,True
1935,2024-04-19,Ireland,Partner,SMB,52,True
1936,2024-10-28,Bhutan,Organic Search,SMB,67,True
1937,2024-12-24,Seychelles,Organic Search,SMB,74,True
1938,2024-08-31,Yemen,Referral,Enterprise,38,False
1939,2024-07-04,Cameroon,Social Media,Mid Market,59,True
1940,2024-01-11,Isle of Man,Paid Ads,SMB,26,False
1941,2024-12-19,Qatar,Referral,SMB,69,True
1942,2024-06-07,Falkland Islands (Malvinas),Partner,Enterprise,35,True
1943,2024-09-30,Morocco,Referral,Mid Market,69,True
1944,2024-01-05,South Africa,Social Media,Enterprise,52,True
1945,2024-06-03,Turks and Caicos Islands,Organic Search,Enterprise,50,True
1946,2024-06-01,Cyprus,Referral,Mid Market,40,True
1947,2024-08-12,Switzerland,Partner,Mid Market,72,True
1948,2024-01-18,San Marino,Partner,Mid Market,82,False
1949,2024-08-29,Pakistan,Social Media,Enterprise,62,True
1950,2024-08-04,Germany,Organic Search,Mid Market,53,True
1951,2024-09-16,Kazakhstan,Organic Search,SMB,97,True
1952,2024-10-07,Indonesia,Partner,SMB,23,False
1953,2024-01-27,British Indian Ocean Territory (Chagos Archipelago),Referral,Mid Market,37,True
1954,2024-01-02,Netherlands,Social Media,SMB,59,True
1955,2024-06-09,Dominica,Paid Ads,SMB,40,True
1956,2024-05-07,Nigeria,Paid Ads,Mid Market,36,True
1957,2024-10-31,India,Social Media,Mid Market,60,False
1958,2024-08-19,Switzerland,Social Media,Mid Market,37,False
1959,2024-05-13,Svalbard & Jan Mayen Islands,Referral,Mid Market,61,True
1960,2024-05-24,British Virgin Islands,Referral,SMB,67,True
1961,2024-04-03,Norfolk Island,Social Media,Mid Market,93,True
1962,2024-04-24,Namibia,Organic Search,Enterprise,91,True
1963,2024-11-27,Mozambique,Paid Ads,Mid Market,31,True
1964,2024-08-24,Latvia,Referral,SMB,41,False
1965,2024-01-26,Cote d'Ivoire,Social Media,Mid Market,96,True
1966,2024-05-13,Slovakia (Slovak Republic),Referral,SMB,67,False
1967,2024-03-28,Indonesia,Paid Ads,SMB,87,True
1968,2024-08-10,Korea,Social Media,Mid Market,83,False
1969,2024-03-01,British Virgin Islands,Referral,Mid Market,44,False
1970,2024-05-16,New Zealand,Partner,Mid Market,68,True
1971,2024-03-07,Belgium,Social Media,Mid Market,96,True
1972,2024-04-20,Italy,Partner,Mid Market,44,True
1973,2024-08-02,Togo,Referral,SMB,38,True
1974,2024-01-15,Argentina,Partner,Enterprise,50,True
1975,2024-11-12,British Virgin Islands,Social Media,Enterprise,67,True
1976,2024-10-25,Congo,Social Media,SMB,80,True
1977,2024-03-09,Tonga,Partner,Enterprise,70,True
1978,2024-12-17,Russian Federation,Referral,Mid Market,74,True
1979,2024-11-01,Portugal,Partner,SMB,91,True
1980,2024-01-31,Barbados,Organic Search,SMB,50,True
1981,2024-08-29,Saint Pierre and Miquelon,Partner,Enterprise,96,True
1982,2024-12-29,Bolivia,Organic Search,SMB,84,True
1983,2024-11-13,Faroe Islands,Social Media,SMB,70,True
1984,2024-12-09,Sri Lanka,Partner,SMB,91,True
1985,2024-01-22,Saint Helena,Paid Ads,SMB,41,False
1986,2024-09-14,Kenya,Social Media,Enterprise,79,True
1987,2024-03-08,Colombia,Organic Search,SMB,87,True
1988,2024-08-09,Pakistan,Referral,SMB,60,True
1989,2024-01-23,Niger,Referral,SMB,55,True
1990,2024-07-03,Guernsey,Social Media,SMB,53,True
1991,2024-11-09,Botswana,Partner,SMB,75,False
1992,2024-03-25,Kyrgyz Republic,Partner,Mid Market,82,False
1993,2024-03-18,Sierra Leone,Paid Ads,Mid Market,76,True
1994,2024-01-28,Bulgaria,Referral,SMB,49,True
1995,2024-04-03,Mozambique,Organic Search,SMB,40,False
1996,2024-12-27,Maldives,Social Media,SMB,83,True
1997,2024-01-21,Eritrea,Social Media,SMB,91,True
1998,2024-09-05,Congo,Social Media,SMB,38,True
1999,2024-03-04,Poland,Partner,SMB,56,True
2000,2024-04-02,Germany,Referral,Mid Market,54,False
2001,2024-10-15,Maldives,Paid Ads,SMB,20,False
2002,2024-09-26,Myanmar,Paid Ads,SMB,29,True
2003,2024-05-06,Guadeloupe,Social Media,Mid Market,62,True
2004,2024-01-14,Colombia,Partner,Mid Market,35,True
2005,2024-07-20,Liechtenstein,Partner,SMB,33,True
2006,2024-06-14,Rwanda,Referral,SMB,78,True
2007,2024-12-28,Wallis and Futuna,Social Media,SMB,54,True
2008,2024-10-31,Guam,Organic Search,SMB,25,True
2009,2024-12-01,Taiwan,Paid Ads,Enterprise,61,True
2010,2024-10-18,Equatorial Guinea,Referral,SMB,26,False
2011,2024-11-25,Zambia,Partner,SMB,27,True
2012,2024-02-06,Maldives,Paid Ads,Enterprise,68,True
2013,2024-02-17,British Virgin Islands,Social Media,SMB,50,True
2014,2024-07-23,Antigua and Barbuda,Organic Search,SMB,46,False
2015,2024-03-24,Mali,Social Media,Mid Market,56,True
2016,2024-11-27,Turks and Caicos Islands,Referral,SMB,82,True
2017,2024-08-09,Lao People's Democratic Republic,Partner,Enterprise,97,True
2018,2024-03-08,Mexico,Partner,Mid Market,67,True
2019,2024-09-19,Papua New Guinea,Referral,SMB,69,True
2020,2024-08-31,Ecuador,Partner,SMB,74,True
2021,2024-02-16,Monaco,Social Media,Mid Market,98,True
2022,2024-04-05,Belgium,Social Media,Mid Market,31,True
2023,2024-01-21,Solomon Islands,Paid Ads,SMB,79,True
2024,2024-12-12,South Georgia and the South Sandwich Islands,Referral,Mid Market,39,True
2025,2024-09-10,Denmark,Paid Ads,Mid Market,87,True
2026,2024-02-12,Moldova,Partner,SMB,30,False
2027,2024-09-01,Belarus,Partner,SMB,36,True
2028,2024-12-16,Seychelles,Partner,Mid Market,86,True
2029,2024-08-06,Heard Island and McDonald Islands,Partner,SMB,90,True
2030,2024-02-09,Algeria,Organic Search,SMB,85,True
2031,2024-08-05,Togo,Social Media,SMB,92,False
2032,2024-05-09,Netherlands Antilles,Partner,SMB,30,False
2033,2024-09-14,Lebanon,Organic Search,SMB,79,True
2034,2024-04-01,Niue,Referral,Mid Market,25,True
2035,2024-02-12,Taiwan,Social Media,Mid Market,58,True
2036,2024-06-09,Albania,Paid Ads,Mid Market,77,True
2037,2024-11-15,Kyrgyz Republic,Partner,SMB,43,False
2038,2024-04-18,Finland,Referral,SMB,97,True
2039,2024-05-12,Serbia,Organic Search,SMB,22,False
2040,2024-01-03,Lesotho,Social Media,SMB,41,True
2041,2024-12-01,Guam,Social Media,SMB,71,True
2042,2024-12-02,United States of America,Paid Ads,Mid Market,58,True
2043,2024-11-12,Nigeria,Paid Ads,SMB,70,True
2044,2024-06-03,Switzerland,Organic Search,SMB,21,True
2045,2024-04-07,Haiti,Organic Search,Mid Market,44,False
2046,2024-01-14,Burundi,Referral,SMB,38,True
2047,2024-11-28,Italy,Referral,SMB,100,True
2048,2024-10-02,Yemen,Referral,SMB,79,True
2049,2024-03-16,Saint Barthelemy,Social Media,SMB,34,True
2050,2024-03-26,Mexico,Referral,Mid Market,76,False
2051,2024-09-05,Wallis and Futuna,Social Media,SMB,77,True
2052,2024-10-26,Uzbekistan,Referral,SMB,92,True
2053,2024-07-19,France,Organic Search,SMB,33,True
2054,2024-11-18,Greece,Social Media,Enterprise,83,True
2055,2024-10-23,Morocco,Paid Ads,Mid Market,57,True
2056,2024-01-19,Mauritania,Social Media,SMB,85,True
2057,2024-10-29,Aruba,Paid Ads,Enterprise,82,True
2058,2024-04-28,Uruguay,Organic Search,SMB,74,True
2059,2024-10-22,Austria,Partner,SMB,54,True
2060,2024-11-27,Ireland,Social Media,Mid Market,34,True
2061,2024-09-10,Bouvet Island (Bouvetoya),Paid Ads,Enterprise,64,True
2062,2024-08-17,New Caledonia,Social Media,SMB,56,True
2063,2024-04-08,Dominican Republic,Social Media,SMB,49,False
2064,2024-09-16,Tajikistan,Referral,SMB,63,True
2065,2024-11-04,Mayotte,Social Media,SMB,57,False
2066,2024-12-30,Bouvet Island (Bouvetoya),Social Media,Enterprise,66,True
2067,2024-08-29,Korea,Referral,Mid Market,56,True
2068,2024-12-19,Palau,Organic Search,Mid Market,36,True
2069,2024-03-29,Faroe Islands,Referral,SMB,82,True
2070,2024-02-21,Georgia,Social Media,Enterprise,83,True
2071,2024-06-04,Brazil,Referral,SMB,26,False
2072,2024-01-10,Egypt,Partner,Mid Market,65,True
2073,2024-12-12,Brazil,Referral,SMB,84,True
2074,2024-01-17,Spain,Organic Search,SMB,34,True
2075,2024-11-12,Mayotte,Referral,SMB,48,True
2076,2024-09-06,Marshall Islands,Partner,Enterprise,65,True
2077,2024-01-24,Algeria,Paid Ads,SMB,39,True
2078,2024-12-19,North Macedonia,Paid Ads,Mid Market,33,True
2079,2024-12-27,British Indian Ocean Territory (Chagos Archipelago),Organic Search,Enterprise,76,True
2080,2024-08-22,Gibraltar,Organic Search,Enterprise,98,False
2081,2024-11-08,Afghanistan,Organic Search,Mid Market,25,True
2082,2024-09-16,Nepal,Organic Search,SMB,35,False
2083,2024-04-15,Slovakia (Slovak Republic),Partner,SMB,57,True
2084,2024-12-28,Nauru,Social Media,Mid Market,83,True
2085,2024-02-20,Guinea-Bissau,Referral,Mid Market,62,True
2086,2024-03-11,Uruguay,Organic Search,Mid Market,76,True
2087,2024-07-31,Gibraltar,Organic Search,SMB,80,True
2088,2024-06-23,Vietnam,Partner,SMB,30,True
2089,2024-05-16,Saudi Arabia,Partner,Mid Market,73,False
2090,2024-07-03,Austria,Referral,SMB,87,True
2091,2024-08-03,Uganda,Referral,SMB,74,False
2092,2024-07-30,Canada,Social Media,Mid Market,86,True
2093,2024-12-15,Turkmenistan,Partner,Enterprise,76,True
2094,2024-03-15,New Zealand,Organic Search,Mid Market,86,True
2095,2024-02-05,Maldives,Organic Search,SMB,71,True
2096,2024-03-25,Nigeria,Social Media,SMB,24,False
2097,2024-12-04,Taiwan,Referral,Enterprise,27,True
2098,2024-11-19,Saint Pierre and Miquelon,Paid Ads,Enterprise,73,True
2099,2024-07-24,Reunion,Paid Ads,Mid Market,60,True
2100,2024-06-25,Bosnia and Herzegovina,Organic Search,Mid Market,87,False
2101,2024-11-08,Maldives,Referral,Mid Market,77,True
2102,2024-11-25,Latvia,Referral,Mid Market,99,True
2103,2024-11-12,Cuba,Social Media,Mid Market,71,True
2104,2024-04-11,Cyprus,Partner,SMB,88,True
2105,2024-06-20,Bangladesh,Social Media,Mid Market,36,True
2106,2024-09-23,Bahrain,Paid Ads,SMB,31,False
2107,2024-09-18,Vietnam,Paid Ads,SMB,63,True
2108,2024-11-21,Cyprus,Referral,SMB,89,True
2109,2024-10-30,Congo,Partner,SMB,58,True
2110,2024-08-04,Christmas Island,Paid Ads,SMB,27,False
2111,2024-07-09,Mauritania,Partner,Mid Market,65,True
2112,2024-03-04,Grenada,Organic Search,Mid Market,35,True
2113,2024-08-17,Botswana,Partner,SMB,20,True
2114,2024-08-20,Croatia,Partner,Enterprise,94,True
2115,2024-10-16,Jersey,Paid Ads,Mid Market,49,True
2116,2024-06-28,Brunei Darussalam,Partner,SMB,93,True
2117,2024-12-10,Barbados,Referral,Mid Market,86,True
2118,2024-05-06,Western Sahara,Organic Search,SMB,94,True
2119,2024-04-08,Mauritania,Partner,SMB,38,True
2120,2024-12-30,Puerto Rico,Social Media,Mid Market,30,False
2121,2024-02-17,Zambia,Organic Search,SMB,36,True
2122,2024-08-31,Norway,Referral,SMB,67,False
2123,2024-12-12,Turkey,Paid Ads,SMB,91,True
2124,2024-09-22,Guadeloupe,Social Media,Mid Market,94,True
2125,2024-09-12,Brunei Darussalam,Social Media,Enterprise,82,True
2126,2024-08-01,Denmark,Referral,SMB,36,True
2127,2024-09-05,Papua New Guinea,Social Media,SMB,85,False
2128,2024-09-27,Montserrat,Organic Search,Mid Market,78,False
2129,2024-08-30,South Georgia and the South Sandwich Islands,Organic Search,Mid Market,91,True
2130,2024-07-08,Netherlands Antilles,Organic Search,Mid Market,72,True
2131,2024-02-26,Mozambique,Organic Search,SMB,57,True
2132,2024-01-21,Iraq,Paid Ads,SMB,67,True
2133,2024-06-05,Lithuania,Partner,SMB,82,True
2134,2024-01-15,Brazil,Referral,SMB,95,True
2135,2024-08-03,Bolivia,Organic Search,Enterprise,59,True
2136,2024-05-25,Burkina Faso,Referral,SMB,82,True
2137,2024-01-02,Ireland,Organic Search,SMB,28,True
2138,2024-01-23,Austria,Social Media,SMB,59,True
2139,2024-10-16,Turkmenistan,Social Media,Enterprise,68,True
2140,2024-08-31,United States Virgin Islands,Paid Ads,SMB,37,True
2141,2024-09-15,Benin,Social Media,Mid Market,77,False
2142,2024-03-17,Sierra Leone,Partner,SMB,99,True
2143,2024-12-06,Reunion,Paid Ads,SMB,49,True
2144,2024-07-21,Mauritius,Partner,SMB,76,True
2145,2024-05-22,Syrian Arab Republic,Organic Search,Mid Market,23,True
2146,2024-10-19,Myanmar,Partner,SMB,35,True
2147,2024-11-25,Guinea-Bissau,Paid Ads,SMB,99,True
2148,2024-10-04,Cameroon,Paid Ads,Mid Market,92,True
2149,2024-09-24,Syrian Arab Republic,Referral,Mid Market,84,True
2150,2024-01-10,Andorra,Organic Search,Mid Market,88,True
2151,2024-04-02,Micronesia,Organic Search,SMB,46,True
2152,2024-05-05,Hong Kong,Paid Ads,SMB,88,True
2153,2024-11-06,Montenegro,Partner,SMB,25,True
2154,2024-09-08,Latvia,Organic Search,SMB,43,True
2155,2024-07-31,Brazil,Organic Search,Mid Market,60,True
2156,2024-07-14,Cote d'Ivoire,Partner,SMB,32,False
2157,2024-10-04,Cyprus,Referral,SMB,43,True
2158,2024-05-10,Cuba,Organic Search,SMB,72,True
2159,2024-12-13,Ecuador,Referral,SMB,61,True
2160,2024-04-02,Bouvet Island (Bouvetoya),Organic Search,Mid Market,58,False
2161,2024-07-18,Saint Kitts and Nevis,Organic Search,SMB,72,True
2162,2024-06-14,Slovenia,Partner,SMB,35,True
2163,2024-01-27,Papua New Guinea,Referral,SMB,96,True
2164,2024-10-27,Russian Federation,Referral,SMB,84,False
2165,2024-07-16,Heard Island and McDonald Islands,Organic Search,SMB,60,True
2166,2024-08-25,Dominican Republic,Paid Ads,SMB,81,True
2167,2024-01-15,Puerto Rico,Social Media,Mid Market,22,False
2168,2024-05-17,Guinea-Bissau,Paid Ads,Enterprise,32,True
2169,2024-05-06,Niger,Paid Ads,Mid Market,36,True
2170,2024-06-04,Congo,Paid Ads,SMB,30,True
2171,2024-11-21,United States Virgin Islands,Paid Ads,SMB,38,False
2172,2024-07-10,New Caledonia,Paid Ads,Enterprise,51,True
2173,2024-10-02,Luxembourg,Social Media,Enterprise,91,True
2174,2024-08-19,Mayotte,Organic Search,SMB,79,True
2175,2024-11-13,Montenegro,Partner,Mid Market,41,True
2176,2024-01-01,Dominica,Organic Search,Enterprise,81,True
2177,2024-05-19,French Southern Territories,Paid Ads,SMB,68,True
2178,2024-06-28,Kenya,Referral,SMB,85,True
2179,2024-05-24,Haiti,Organic Search,SMB,88,True
2180,2024-10-15,Tajikistan,Organic Search,SMB,70,False
2181,2024-12-23,El Salvador,Organic Search,Mid Market,91,True
2182,2024-05-23,Tajikistan,Social Media,SMB,84,True
2183,2024-06-11,Philippines,Partner,Mid Market,77,True
2184,2024-05-19,San Marino,Referral,Mid Market,61,True
2185,2024-06-23,Romania,Referral,SMB,96,True
2186,2024-06-17,Brunei Darussalam,Organic Search,Enterprise,37,True
2187,2024-11-26,New Zealand,Organic Search,Mid Market,20,True
2188,2024-01-05,Jamaica,Referral,SMB,82,True
2189,2024-07-20,Ukraine,Paid Ads,SMB,29,True
2190,2024-10-02,Greece,Organic Search,Mid Market,76,True
2191,2024-12-10,Ukraine,Organic Search,SMB,68,True
2192,2024-11-03,Algeria,Partner,SMB,21,False
2193,2024-03-04,Sudan,Social Media,SMB,44,False
2194,2024-08-15,Lesotho,Organic Search,SMB,22,False
2195,2024-05-23,Georgia,Partner,SMB,98,True
2196,2024-11-16,Slovenia,Partner,Mid Market,48,True
2197,2024-04-29,New Caledonia,Social Media,Enterprise,24,True
2198,2024-05-23,Palestinian Territory,Social Media,Enterprise,97,True
2199,2024-04-17,Turkmenistan,Organic Search,SMB,70,True
2200,2024-02-26,Philippines,Partner,SMB,83,False
2201,2024-03-28,Wallis and Futuna,Paid Ads,SMB,92,True
2202,2024-12-10,Guatemala,Paid Ads,SMB,28,False
2203,2024-10-28,Haiti,Referral,Mid Market,36,True
2204,2024-05-12,Sierra Leone,Paid Ads,Mid Market,86,False
2205,2024-05-20,Kenya,Referral,Mid Market,22,False
2206,2024-12-20,Puerto Rico,Paid Ads,Mid Market,91,True
2207,2024-08-20,Yemen,Organic Search,Enterprise,26,True
2208,2024-06-14,North Macedonia,Social Media,Mid Market,72,False
2209,2024-05-20,Liberia,Organic Search,Mid Market,79,True
2210,2024-09-10,Uzbekistan,Partner,SMB,25,False
2211,2024-04-24,Poland,Organic Search,SMB,73,True
2212,2024-09-29,Indonesia,Social Media,SMB,70,False
2213,2024-04-09,Luxembourg,Partner,SMB,93,True
2214,2024-01-13,Gambia,Referral,Enterprise,74,True
2215,2024-02-08,Belize,Referral,SMB,62,False
2216,2024-06-08,Gabon,Organic Search,Mid Market,32,True
2217,2024-01-15,Puerto Rico,Social Media,SMB,23,False
2218,2024-10-30,Madagascar,Partner,Mid Market,51,True
2219,2024-02-25,Cambodia,Social Media,SMB,63,True
2220,2024-01-28,India,Partner,SMB,50,True
2221,2024-02-07,Saint Vincent and the Grenadines,Paid Ads,Mid Market,32,True
2222,2024-11-16,Wallis and Futuna,Social Media,SMB,30,False
2223,2024-02-01,Taiwan,Organic Search,SMB,28,False
2224,2024-03-06,Western Sahara,Organic Search,Enterprise,76,False
2225,2024-01-29,French Guiana,Partner,Mid Market,75,False
2226,2024-02-03,Indonesia,Organic Search,Mid Market,91,True
2227,2024-01-27,Cambodia,Partner,Mid Market,71,True
2228,2024-02-19,France,Paid Ads,Mid Market,49,True
2229,2024-11-02,Saint Martin,Paid Ads,SMB,69,True
2230,2024-08-25,Greece,Social Media,Mid Market,99,True
2231,2024-02-21,Hong Kong,Partner,Mid Market,23,False
2232,2024-08-20,Norway,Paid Ads,SMB,44,False
2233,2024-02-25,Rwanda,Organic Search,SMB,28,False
2234,2024-10-30,Kuwait,Referral,Enterprise,36,True
2235,2024-11-22,Gambia,Paid Ads,SMB,73,True
2236,2024-09-03,Bosnia and Herzegovina,Paid Ads,SMB,51,True
2237,2024-03-11,Christmas Island,Organic Search,SMB,59,True
2238,2024-10-26,New Zealand,Social Media,SMB,65,True
2239,2024-06-08,Gambia,Paid Ads,Mid Market,38,True
2240,2024-03-16,Brunei Darussalam,Social Media,SMB,63,True
2241,2024-05-29,Brazil,Partner,Enterprise,86,True
2242,2024-10-27,Turks and Caicos Islands,Referral,SMB,84,True
2243,2024-10-13,Azerbaijan,Organic Search,SMB,45,True
2244,2024-04-12,Solomon Islands,Referral,Mid Market,63,False
2245,2024-04-06,Bangladesh,Social Media,Mid Market,79,True
2246,2024-11-03,Kazakhstan,Partner,Mid Market,92,True
2247,2024-06-20,Saint Pierre and Miquelon,Paid Ads,SMB,62,True
2248,2024-03-24,Denmark,Organic Search,SMB,25,True
2249,2024-09-10,Guadeloupe,Referral,Enterprise,48,False
2250,2024-12-20,Antigua and Barbuda,Referral,SMB,47,False
2251,2024-05-02,Greece,Social Media,Mid Market,62,True
2252,2024-07-11,Benin,Referral,SMB,20,False
2253,2024-07-04,Mongolia,Organic Search,SMB,23,True
2254,2024-10-11,Swaziland,Organic Search,SMB,76,True
2255,2024-04-09,Gabon,Paid Ads,Enterprise,66,True
2256,2024-01-23,Bermuda,Organic Search,SMB,56,False
2257,2024-03-30,Sweden,Referral,Mid Market,42,False
2258,2024-06-22,Slovenia,Paid Ads,SMB,45,True
2259,2024-01-12,Mongolia,Referral,Mid Market,32,True
2260,2024-01-11,Spain,Referral,SMB,34,False
2261,2024-06-22,Palau,Referral,SMB,50,True
2262,2024-07-08,Western Sahara,Partner,Mid Market,87,True
2263,2024-11-15,Azerbaijan,Social Media,Mid Market,28,True
2264,2024-03-01,Monaco,Referral,Mid Market,36,True
2265,2024-04-07,Senegal,Referral,SMB,67,True
2266,2024-06-11,Lesotho,Paid Ads,SMB,51,True
2267,2024-01-24,Djibouti,Paid Ads,SMB,88,True
2268,2024-05-30,Tokelau,Referral,SMB,26,True
2269,2024-11-18,Grenada,Partner,Mid Market,85,True
2270,2024-10-26,Burundi,Social Media,SMB,30,True
2271,2024-08-28,Saudi Arabia,Paid Ads,SMB,85,True
2272,2024-07-17,Wallis and Futuna,Paid Ads,SMB,86,True
2273,2024-08-25,Tunisia,Referral,SMB,67,True
2274,2024-09-26,Germany,Social Media,Mid Market,83,True
2275,2024-08-30,Bahrain,Partner,SMB,94,True
2276,2024-11-28,Comoros,Organic Search,SMB,45,False
2277,2024-08-19,Serbia,Referral,SMB,59,True
2278,2024-08-05,Cyprus,Social Media,SMB,67,True
2279,2024-05-10,Saint Kitts and Nevis,Paid Ads,SMB,30,False
2280,2024-05-31,Madagascar,Social Media,SMB,49,True
2281,2024-10-25,British Indian Ocean Territory (Chagos Archipelago),Organic Search,SMB,99,True
2282,2024-06-21,Tokelau,Social Media,SMB,75,False
2283,2024-07-28,Eritrea,Partner,Mid Market,60,True
2284,2024-05-19,Guyana,Social Media,SMB,76,True
2285,2024-04-29,Bosnia and Herzegovina,Partner,Mid Market,65,True
2286,2024-02-12,Trinidad and Tobago,Partner,Mid Market,85,True
2287,2024-10-06,Comoros,Organic Search,Mid Market,49,False
2288,2024-02-20,Liberia,Organic Search,SMB,24,False
2289,2024-10-06,Saint Barthelemy,Referral,SMB,62,True
2290,2024-05-08,El Salvador,Partner,Mid Market,55,True
2291,2024-04-07,Guyana,Paid Ads,Enterprise,89,True
2292,2024-05-13,Andorra,Organic Search,Mid Market,56,False
2293,2024-06-26,Egypt,Social Media,Enterprise,94,True
2294,2024-12-01,Heard Island and McDonald Islands,Organic Search,SMB,85,True
2295,2024-03-17,Moldova,Social Media,SMB,46,True
2296,2024-08-30,Belgium,Referral,SMB,90,True
2297,2024-08-27,Germany,Social Media,SMB,30,True
2298,2024-06-09,Serbia,Referral,SMB,73,True
2299,2024-04-17,France,Social Media,SMB,91,True
2300,2024-01-16,Norfolk Island,Partner,SMB,36,False
2301,2024-06-05,Afghanistan,Organic Search,SMB,65,True
2302,2024-06-22,United Arab Emirates,Referral,SMB,71,True
2303,2024-12-19,Zimbabwe,Paid Ads,SMB,95,True
2304,2024-01-12,Australia,Paid Ads,Mid Market,37,True
2305,2024-03-19,Mozambique,Partner,SMB,97,True
2306,2024-11-07,Mali,Paid Ads,Mid Market,68,True
2307,2024-04-14,Singapore,Social Media,SMB,69,False
2308,2024-04-06,Tanzania,Social Media,SMB,92,True
2309,2024-08-19,Equatorial Guinea,Partner,SMB,33,True
2310,2024-12-11,Liberia,Paid Ads,SMB,97,True
2311,2024-09-07,Central African Republic,Organic Search,SMB,28,True
2312,2024-07-16,Kuwait,Partner,SMB,57,True
2313,2024-12-03,South Georgia and the South Sandwich Islands,Paid Ads,SMB,27,False
2314,2024-07-07,Libyan Arab Jamahiriya,Paid Ads,SMB,61,True
2315,2024-07-29,Saint Kitts and Nevis,Social Media,SMB,34,True
2316,2024-03-07,Russian Federation,Paid Ads,SMB,28,True
2317,2024-07-18,Panama,Referral,SMB,46,True
2318,2024-06-07,New Caledonia,Social Media,Mid Market,80,True
2319,2024-03-22,El Salvador,Paid Ads,SMB,59,True
2320,2024-10-27,Trinidad and Tobago,Referral,SMB,78,True
2321,2024-05-21,Syrian Arab Republic,Referral,SMB,38,True
2322,2024-08-16,Cape Verde,Organic Search,Mid Market,97,True
2323,2024-05-06,Montserrat,Paid Ads,SMB,92,True
2324,2024-09-08,Djibouti,Social Media,SMB,25,False
2325,2024-02-16,French Southern Territories,Partner,Mid Market,78,True
2326,2024-06-26,South Africa,Partner,SMB,42,True
2327,2024-07-31,Haiti,Referral,SMB,99,True
2328,2024-08-09,Kuwait,Social Media,SMB,43,False
2329,2024-12-23,Denmark,Paid Ads,SMB,25,True
2330,2024-05-02,New Zealand,Referral,SMB,100,True
2331,2024-10-02,Palau,Partner,Mid Market,28,False
2332,2024-12-23,Uzbekistan,Referral,Enterprise,72,True
2333,2024-10-10,Tajikistan,Organic Search,Enterprise,29,False
2334,2024-02-23,Bahrain,Paid Ads,Mid Market,61,False
2335,2024-07-28,Marshall Islands,Social Media,SMB,46,True
2336,2024-09-16,Romania,Organic Search,SMB,29,True
2337,2024-11-23,Cayman Islands,Social Media,SMB,71,True
2338,2024-04-09,Japan,Social Media,SMB,52,False
2339,2024-02-28,Solomon Islands,Referral,SMB,79,False
2340,2024-09-05,Belarus,Social Media,SMB,90,True
2341,2024-12-02,Azerbaijan,Referral,Mid Market,76,True
2342,2024-03-12,Netherlands Antilles,Social Media,Mid Market,40,True
2343,2024-03-28,Tanzania,Organic Search,Mid Market,42,True
2344,2024-05-30,United Kingdom,Organic Search,SMB,70,True
2345,2024-03-27,Hungary,Organic Search,Mid Market,21,True
2346,2024-12-12,Svalbard & Jan Mayen Islands,Partner,SMB,65,True
2347,2024-04-01,Iran,Referral,Mid Market,88,True
2348,2024-04-20,Tajikistan,Social Media,Mid Market,86,True
2349,2024-11-24,Zambia,Organic Search,SMB,59,True
2350,2024-08-15,Liberia,Organic Search,SMB,26,True
2351,2024-07-12,Sao Tome and Principe,Referral,Enterprise,67,False
2352,2024-05-02,Papua New Guinea,Referral,SMB,73,True
2353,2024-01-15,Vietnam,Organic Search,SMB,44,False
2354,2024-12-14,Benin,Organic Search,SMB,32,False
2355,2024-12-06,Sri Lanka,Referral,Mid Market,25,False
2356,2024-07-31,Namibia,Paid Ads,SMB,61,False
2357,2024-06-14,Ukraine,Paid Ads,Mid Market,99,True
2358,2024-04-16,Qatar,Paid Ads,SMB,74,True
2359,2024-03-02,Lebanon,Referral,SMB,65,True
2360,2024-06-14,Brazil,Referral,SMB,60,True
2361,2024-01-07,Northern Mariana Islands,Social Media,SMB,48,True
2362,2024-02-03,United States of America,Partner,Mid Market,67,True
2363,2024-01-23,Western Sahara,Organic Search,Mid Market,72,True
2364,2024-06-03,Paraguay,Paid Ads,SMB,33,False
2365,2024-12-30,Romania,Paid Ads,Mid Market,92,True
2366,2024-03-28,Sweden,Partner,Enterprise,96,False
2367,2024-06-15,Mauritania,Social Media,Mid Market,37,False
2368,2024-06-19,Indonesia,Referral,Mid Market,60,True
2369,2024-12-07,Jordan,Social Media,SMB,22,False
2370,2024-11-07,Armenia,Paid Ads,SMB,85,True
2371,2024-11-23,Svalbard & Jan Mayen Islands,Referral,SMB,21,True
2372,2024-04-29,Philippines,Organic Search,Mid Market,35,True
2373,2024-06-07,Jamaica,Referral,Mid Market,51,True
2374,2024-11-13,Anguilla,Organic Search,SMB,67,True
2375,2024-09-12,Benin,Partner,SMB,68,True
2376,2024-04-14,Eritrea,Organic Search,SMB,96,True
2377,2024-08-15,Egypt,Partner,SMB,60,True
2378,2024-11-25,Czech Republic,Organic Search,SMB,73,True
2379,2024-11-27,Holy See (Vatican City State),Partner,Mid Market,49,True
2380,2024-06-18,Yemen,Partner,SMB,89,True
2381,2024-01-28,Korea,Referral,Mid Market,48,False
2382,2024-11-07,Botswana,Social Media,SMB,43,True
2383,2024-08-14,Montserrat,Organic Search,SMB,82,False
2384,2024-02-05,United Kingdom,Referral,SMB,38,True
2385,2024-04-14,Equatorial Guinea,Referral,SMB,95,True
2386,2024-10-08,Saint Martin,Referral,SMB,30,False
2387,2024-08-06,Sri Lanka,Social Media,SMB,45,True
2388,2024-05-05,Saint Pierre and Miquelon,Social Media,SMB,51,True
2389,2024-06-04,Tonga,Partner,SMB,45,True
2390,2024-05-19,Malawi,Social Media,SMB,66,True
2391,2024-07-22,United States Minor Outlying Islands,Social Media,SMB,76,True
2392,2024-08-04,United Arab Emirates,Paid Ads,Mid Market,75,True
2393,2024-03-20,Guatemala,Social Media,SMB,68,False
2394,2024-08-06,Jamaica,Organic Search,Mid Market,58,True
2395,2024-10-31,Burkina Faso,Paid Ads,SMB,42,True
2396,2024-05-11,Venezuela,Social Media,SMB,78,True
2397,2024-05-25,Namibia,Social Media,SMB,81,True
2398,2024-02-06,Serbia,Partner,SMB,80,True
2399,2024-04-10,Uganda,Referral,Enterprise,20,False
2400,2024-01-07,Bulgaria,Paid Ads,Mid Market,67,True
2401,2024-09-08,United Arab Emirates,Social Media,Enterprise,70,True
2402,2024-07-10,Niue,Social Media,SMB,95,True
2403,2024-02-06,New Zealand,Social Media,Mid Market,35,True
2404,2024-07-16,French Polynesia,Paid Ads,SMB,75,True
2405,2024-05-10,Sudan,Partner,SMB,82,False
2406,2024-11-21,Singapore,Partner,Mid Market,69,True
2407,2024-08-05,Croatia,Referral,SMB,24,False
2408,2024-07-04,Mexico,Organic Search,Mid Market,38,True
2409,2024-05-13,Taiwan,Paid Ads,SMB,38,True
2410,2024-05-10,French Polynesia,Referral,Mid Market,40,False
2411,2024-01-07,Ghana,Organic Search,Mid Market,69,False
2412,2024-07-22,Italy,Paid Ads,Enterprise,30,False
2413,2024-09-22,Congo,Referral,Mid Market,41,True
2414,2024-08-06,Iceland,Partner,Mid Market,84,True
2415,2024-09-29,Ireland,Social Media,SMB,72,True
2416,2024-02-15,Turkmenistan,Organic Search,Mid Market,64,True
2417,2024-03-14,Trinidad and Tobago,Partner,Mid Market,70,True
2418,2024-12-23,Trinidad and Tobago,Partner,SMB,41,True
2419,2024-09-08,United Arab Emirates,Organic Search,SMB,73,True
2420,2024-09-25,Cayman Islands,Social Media,Mid Market,75,True
2421,2024-03-28,Nicaragua,Referral,SMB,37,False
2422,2024-04-11,New Zealand,Social Media,SMB,34,True
2423,2024-08-18,Saint Pierre and Miquelon,Paid Ads,Mid Market,43,True
2424,2024-04-12,Pakistan,Organic Search,Mid Market,44,False
2425,2024-05-12,Uzbekistan,Social Media,SMB,99,True
2426,2024-02-25,Russian Federation,Referral,SMB,30,False
2427,2024-07-12,Paraguay,Organic Search,SMB,63,True
2428,2024-01-16,Wallis and Futuna,Paid Ads,SMB,82,True
2429,2024-12-10,Mauritania,Organic Search,SMB,54,True
2430,2024-01-04,Cameroon,Paid Ads,Mid Market,25,False
2431,2024-02-19,Turkmenistan,Referral,SMB,20,False
2432,2024-07-11,Djibouti,Paid Ads,SMB,54,True
2433,2024-09-05,Sao Tome and Principe,Social Media,Mid Market,97,True
2434,2024-08-07,Guam,Partner,SMB,63,True
2435,2024-06-10,Paraguay,Referral,Enterprise,71,True
2436,2024-07-12,New Caledonia,Paid Ads,SMB,65,True
2437,2024-06-18,Saint Vincent and the Grenadines,Organic Search,SMB,71,True
2438,2024-03-12,Switzerland,Organic Search,Mid Market,87,True
2439,2024-05-23,Serbia,Referral,SMB,99,True
2440,2024-12-17,Colombia,Social Media,SMB,44,True
2441,2024-01-02,Cote d'Ivoire,Partner,SMB,66,False
2442,2024-01-24,Tonga,Partner,Mid Market,49,False
2443,2024-11-06,Faroe Islands,Social Media,SMB,98,True
2444,2024-02-11,Bouvet Island (Bouvetoya),Partner,SMB,80,True
2445,2024-12-03,Congo,Organic Search,Mid Market,57,True
2446,2024-11-06,Brunei Darussalam,Referral,Mid Market,86,False
2447,2024-10-19,Malawi,Paid Ads,SMB,83,True
2448,2024-02-14,Northern Mariana Islands,Partner,Mid Market,90,True
2449,2024-08-27,Marshall Islands,Referral,Mid Market,34,False
2450,2024-09-03,Poland,Paid Ads,SMB,47,True
2451,2024-03-28,Hungary,Organic Search,SMB,23,True
2452,2024-03-23,Hong Kong,Partner,Enterprise,55,True
2453,2024-04-22,Falkland Islands (Malvinas),Partner,Mid Market,35,False
2454,2024-12-06,Ireland,Referral,Enterprise,82,True
2455,2024-02-16,Albania,Partner,Mid Market,93,True
2456,2024-11-03,Cambodia,Organic Search,Mid Market,68,True
2457,2024-07-14,Ghana,Paid Ads,Enterprise,75,True
2458,2024-04-29,Ireland,Referral,SMB,57,True
2459,2024-02-14,Cambodia,Organic Search,SMB,95,True
2460,2024-04-06,Trinidad and Tobago,Organic Search,SMB,36,False
2461,2024-06-09,Korea,Social Media,SMB,20,False
2462,2024-06-08,Congo,Organic Search,SMB,44,True
2463,2024-07-17,Guinea-Bissau,Social Media,SMB,66,True
2464,2024-12-13,Svalbard & Jan Mayen Islands,Referral,SMB,97,True
2465,2024-10-29,Lao People's Democratic Republic,Referral,SMB,21,True
2466,2024-10-02,Central African Republic,Social Media,SMB,57,True
2467,2024-04-22,Wallis and Futuna,Social Media,Mid Market,38,False
2468,2024-11-03,Colombia,Partner,SMB,24,True
2469,2024-11-02,Saint Lucia,Partner,SMB,35,False
2470,2024-05-20,Turks and Caicos Islands,Paid Ads,SMB,47,True
2471,2024-09-10,Antarctica (the territory South of 60 deg S),Partner,Mid Market,68,True
2472,2024-01-31,Lithuania,Partner,SMB,46,True
2473,2024-04-25,Estonia,Organic Search,Enterprise,42,True
2474,2024-09-06,Wallis and Futuna,Social Media,SMB,40,True
2475,2024-01-12,Lithuania,Paid Ads,SMB,74,True
2476,2024-12-13,Reunion,Social Media,Enterprise,70,True
2477,2024-07-19,Belize,Organic Search,SMB,56,True
2478,2024-05-24,Philippines,Referral,Mid Market,90,True
2479,2024-07-20,Canada,Organic Search,SMB,94,True
2480,2024-01-28,Barbados,Partner,SMB,40,True
2481,2024-10-22,Norway,Referral,SMB,81,True
2482,2024-05-29,France,Referral,SMB,45,False
2483,2024-11-29,New Zealand,Organic Search,SMB,93,True
2484,2024-02-22,Heard Island and McDonald Islands,Referral,SMB,74,True
2485,2024-12-13,Nicaragua,Referral,Enterprise,32,True
2486,2024-07-01,Mayotte,Social Media,SMB,26,False
2487,2024-03-01,Israel,Paid Ads,Mid Market,95,True
2488,2024-08-10,Solomon Islands,Referral,Mid Market,71,True
2489,2024-05-05,Somalia,Organic Search,SMB,70,True
2490,2024-09-07,Sweden,Partner,Mid Market,42,True
2491,2024-11-30,Guatemala,Social Media,Mid Market,31,False
2492,2024-08-25,Austria,Social Media,SMB,76,True
2493,2024-07-07,Dominican Republic,Organic Search,SMB,30,True
2494,2024-03-03,Greenland,Social Media,Mid Market,85,True
2495,2024-04-25,Kyrgyz Republic,Organic Search,SMB,93,False
2496,2024-09-02,Gibraltar,Partner,Mid Market,32,False
2497,2024-10-30,Guyana,Referral,SMB,75,True
2498,2024-06-01,Netherlands,Paid Ads,SMB,61,True
2499,2024-02-02,Turkey,Paid Ads,SMB,22,True
2500,2024-07-20,Algeria,Paid Ads,Mid Market,87,True
2501,2024-09-07,Iran,Organic Search,SMB,94,True
2502,2024-10-02,Moldova,Organic Search,Mid Market,46,True
2503,2024-12-03,Palau,Organic Search,SMB,96,True
2504,2024-12-21,Saint Helena,Referral,SMB,77,True
2505,2024-06-09,Equatorial Guinea,Organic Search,SMB,93,True
2506,2024-04-15,Tokelau,Referral,SMB,52,True
2507,2024-01-18,Bermuda,Organic Search,Enterprise,84,True
2508,2024-06-01,Korea,Partner,Enterprise,41,False
2509,2024-08-04,Faroe Islands,Organic Search,SMB,25,True
2510,2024-09-22,Ecuador,Partner,Mid Market,76,True
2511,2024-03-12,United Arab Emirates,Paid Ads,SMB,60,True
2512,2024-09-24,South Georgia and the South Sandwich Islands,Partner,Mid Market,85,True
2513,2024-04-17,Sweden,Organic Search,Mid Market,25,True
2514,2024-05-01,Turkmenistan,Organic Search,SMB,58,True
2515,2024-04-20,Spain,Referral,Mid Market,47,False
2516,2024-10-29,Sudan,Partner,SMB,99,True
2517,2024-08-04,Cape Verde,Organic Search,SMB,53,True
2518,2024-07-14,Lao People's Democratic Republic,Referral,SMB,30,False
2519,2024-05-10,Cocos (Keeling) Islands,Social Media,Enterprise,38,True
2520,2024-10-01,Peru,Referral,SMB,54,False
2521,2024-11-20,Belgium,Referral,Mid Market,92,False
2522,2024-12-02,Congo,Paid Ads,Mid Market,73,True
2523,2024-03-19,Morocco,Partner,Enterprise,75,True
2524,2024-07-13,Yemen,Organic Search,Enterprise,51,True
2525,2024-02-09,Belgium,Partner,SMB,34,True
2526,2024-12-16,Sudan,Paid Ads,SMB,62,True
2527,2024-11-23,Singapore,Organic Search,SMB,62,True
2528,2024-05-19,Yemen,Referral,Mid Market,48,True
2529,2024-05-20,Bangladesh,Organic Search,SMB,48,True
2530,2024-07-12,Trinidad and Tobago,Organic Search,Mid Market,35,True
2531,2024-03-30,Reunion,Paid Ads,Mid Market,59,True
2532,2024-10-28,Switzerland,Social Media,SMB,64,True
2533,2024-12-24,Burundi,Paid Ads,Mid Market,90,True
2534,2024-05-18,Kazakhstan,Paid Ads,SMB,26,True
2535,2024-03-28,Iran,Partner,Enterprise,69,True
2536,2024-04-02,Korea,Partner,Mid Market,88,True
2537,2024-10-09,Algeria,Paid Ads,Mid Market,71,True
2538,2024-09-01,Greenland,Paid Ads,SMB,21,False
2539,2024-12-17,Philippines,Paid Ads,Mid Market,36,True
2540,2024-03-14,Malawi,Social Media,SMB,54,False
2541,2024-01-28,Azerbaijan,Partner,Mid Market,51,False
2542,2024-12-13,Pitcairn Islands,Paid Ads,SMB,78,True
2543,2024-04-03,Senegal,Social Media,Enterprise,79,True
2544,2024-09-14,Angola,Partner,SMB,74,True
2545,2024-09-23,Niger,Referral,SMB,31,True
2546,2024-06-05,Ukraine,Social Media,Mid Market,31,True
2547,2024-11-20,Venezuela,Organic Search,SMB,50,True
2548,2024-02-17,Luxembourg,Referral,SMB,30,True
2549,2024-05-26,Kazakhstan,Paid Ads,Enterprise,21,False
2550,2024-08-05,Nigeria,Paid Ads,Enterprise,37,True
2551,2024-09-02,Ireland,Social Media,SMB,88,True
2552,2024-12-23,Ukraine,Organic Search,SMB,98,True
2553,2024-04-07,North Macedonia,Organic Search,Mid Market,88,True
2554,2024-06-25,Uruguay,Referral,Enterprise,87,True
2555,2024-12-16,New Zealand,Paid Ads,SMB,77,True
2556,2024-03-27,Hong Kong,Paid Ads,Enterprise,42,False
2557,2024-02-08,Brazil,Partner,Mid Market,85,True
2558,2024-06-29,Niue,Organic Search,SMB,68,False
2559,2024-03-28,Nepal,Partner,Enterprise,63,True
2560,2024-12-13,Iraq,Referral,Mid Market,35,False
2561,2024-05-28,Somalia,Partner,SMB,53,True
2562,2024-04-19,Philippines,Organic Search,Mid Market,92,True
2563,2024-07-20,Iran,Referral,Enterprise,85,True
2564,2024-01-19,Austria,Social Media,Mid Market,82,True
2565,2024-01-30,Taiwan,Partner,SMB,78,True
2566,2024-06-17,Wallis and Futuna,Partner,SMB,20,False
2567,2024-06-28,Hungary,Referral,SMB,21,False
2568,2024-02-21,Dominican Republic,Social Media,SMB,30,True
2569,2024-09-27,Guinea,Paid Ads,Mid Market,72,True
2570,2024-03-04,Monaco,Social Media,SMB,52,True
2571,2024-04-25,Malawi,Social Media,SMB,58,True
2572,2024-07-05,Eritrea,Social Media,Mid Market,88,True
2573,2024-05-17,Kuwait,Organic Search,Enterprise,76,True
2574,2024-03-23,Cambodia,Referral,SMB,75,True
2575,2024-01-03,Trinidad and Tobago,Partner,Mid Market,45,True
2576,2024-02-26,Romania,Referral,SMB,37,True
2577,2024-07-21,Svalbard & Jan Mayen Islands,Social Media,Mid Market,24,False
2578,2024-03-23,Chile,Referral,Enterprise,54,True
2579,2024-03-01,Sweden,Social Media,SMB,83,True
2580,2024-12-15,Timor-Leste,Referral,SMB,71,True
2581,2024-09-13,Afghanistan,Social Media,SMB,33,True
2582,2024-01-11,Cote d'Ivoire,Referral,SMB,84,True
2583,2024-01-07,Congo,Referral,SMB,63,True
2584,2024-08-07,Gambia,Paid Ads,Mid Market,75,False
2585,2024-09-02,Gibraltar,Partner,SMB,30,False
2586,2024-08-07,Uzbekistan,Referral,Mid Market,85,True
2587,2024-04-05,Jordan,Referral,SMB,34,False
2588,2024-05-14,Mali,Referral,Mid Market,74,True
2589,2024-04-11,Cape Verde,Social Media,Mid Market,33,True
2590,2024-12-24,Cambodia,Paid Ads,Mid Market,44,True
2591,2024-10-29,Georgia,Referral,SMB,36,True
2592,2024-07-24,Costa Rica,Organic Search,SMB,44,True
2593,2024-03-15,Iraq,Social Media,SMB,45,True
2594,2024-02-16,Albania,Organic Search,SMB,87,True
2595,2024-06-05,Taiwan,Referral,SMB,74,True
2596,2024-09-02,Cayman Islands,Organic Search,SMB,26,True
2597,2024-06-04,Benin,Organic Search,SMB,55,False
2598,2024-06-28,Svalbard & Jan Mayen Islands,Social Media,SMB,26,True
2599,2024-04-03,Estonia,Organic Search,SMB,61,True
2600,2024-04-18,Cayman Islands,Partner,SMB,97,False
2601,2024-02-21,Albania,Social Media,SMB,82,False
2602,2024-07-05,Poland,Partner,SMB,32,True
2603,2024-12-08,Svalbard & Jan Mayen Islands,Organic Search,Mid Market,36,True
2604,2024-06-18,Germany,Partner,Mid Market,66,False
2605,2024-10-28,Cuba,Paid Ads,Mid Market,50,True
2606,2024-11-28,Kenya,Partner,SMB,69,True
2607,2024-02-14,Botswana,Organic Search,SMB,97,True
2608,2024-03-02,Costa Rica,Organic Search,SMB,44,True
2609,2024-04-08,United States Minor Outlying Islands,Social Media,Enterprise,29,True
2610,2024-10-06,Chad,Paid Ads,SMB,80,True
2611,2024-04-13,Bulgaria,Paid Ads,Mid Market,25,False
2612,2024-03-06,Mexico,Referral,SMB,52,True
2613,2024-10-13,Latvia,Partner,Mid Market,77,True
2614,2024-11-18,Guinea-Bissau,Organic Search,Enterprise,28,False
2615,2024-09-04,United Kingdom,Social Media,SMB,84,True
2616,2024-01-12,Netherlands Antilles,Referral,SMB,36,False
2617,2024-05-28,Panama,Organic Search,Enterprise,27,True
2618,2024-12-21,Kiribati,Referral,Mid Market,70,True
2619,2024-09-10,Morocco,Paid Ads,Mid Market,29,False
2620,2024-03-25,Peru,Social Media,Mid Market,69,True
2621,2024-10-14,Poland,Social Media,SMB,54,True
2622,2024-04-15,Bolivia,Referral,SMB,93,True
2623,2024-04-21,Italy,Paid Ads,Mid Market,85,True
2624,2024-08-21,Ethiopia,Paid Ads,Mid Market,87,True
2625,2024-05-12,United States of America,Partner,Mid Market,57,True
2626,2024-12-28,North Macedonia,Partner,SMB,41,True
2627,2024-04-24,Sao Tome and Principe,Organic Search,SMB,57,True
2628,2024-01-21,Tajikistan,Referral,Enterprise,55,True
2629,2024-03-09,Chad,Partner,Mid Market,26,True
2630,2024-11-24,Svalbard & Jan Mayen Islands,Referral,Enterprise,46,True
2631,2024-09-30,Costa Rica,Organic Search,SMB,64,True
2632,2024-11-19,Vanuatu,Paid Ads,Enterprise,61,True
2633,2024-02-12,Saint Lucia,Paid Ads,SMB,37,True
2634,2024-07-28,Kazakhstan,Paid Ads,SMB,27,True
2635,2024-11-16,Hong Kong,Organic Search,Mid Market,48,True
2636,2024-05-23,Papua New Guinea,Referral,SMB,22,False
2637,2024-10-02,Hungary,Paid Ads,SMB,68,False
2638,2024-11-30,Somalia,Partner,Mid Market,97,True
2639,2024-10-09,Bahamas,Referral,Mid Market,48,True
2640,2024-06-15,Saudi Arabia,Partner,SMB,100,True
2641,2024-07-21,Ethiopia,Referral,SMB,75,True
2642,2024-07-07,Saint Barthelemy,Referral,Enterprise,31,True
2643,2024-09-10,United Arab Emirates,Referral,SMB,42,False
2644,2024-04-06,Norway,Paid Ads,SMB,43,True
2645,2024-11-27,San Marino,Partner,SMB,40,False
2646,2024-03-31,Korea,Social Media,Mid Market,44,True
2647,2024-02-05,Haiti,Referral,SMB,51,True
2648,2024-08-20,Sierra Leone,Social Media,SMB,87,True
2649,2024-03-11,Libyan Arab Jamahiriya,Organic Search,Mid Market,68,True
2650,2024-07-15,Sweden,Organic Search,SMB,21,True
2651,2024-11-25,Saint Pierre and Miquelon,Organic Search,SMB,30,False
2652,2024-05-17,Saudi Arabia,Referral,Enterprise,96,True
2653,2024-01-07,Guernsey,Organic Search,Enterprise,33,False
2654,2024-10-04,Guernsey,Partner,Mid Market,30,True
2655,2024-04-13,Lao People's Democratic Republic,Referral,SMB,92,True
2656,2024-08-15,Switzerland,Referral,SMB,81,True
2657,2024-03-20,Cape Verde,Referral,SMB,54,False
2658,2024-11-17,Australia,Paid Ads,SMB,25,True
2659,2024-02-22,Kazakhstan,Paid Ads,SMB,85,True
2660,2024-07-31,Malawi,Referral,SMB,48,True
2661,2024-01-13,Belgium,Referral,SMB,38,True
2662,2024-06-29,Montserrat,Partner,SMB,69,True
2663,2024-12-17,Seychelles,Organic Search,SMB,34,False
2664,2024-04-24,United States of America,Organic Search,Enterprise,56,True
2665,2024-07-01,Morocco,Organic Search,Mid Market,35,True
2666,2024-07-03,Cook Islands,Organic Search,Mid Market,97,True
2667,2024-03-18,Honduras,Referral,SMB,62,True
2668,2024-11-03,Qatar,Referral,Mid Market,39,False
2669,2024-12-07,Brunei Darussalam,Partner,Mid Market,56,True
2670,2024-06-27,Guinea-Bissau,Organic Search,SMB,83,True
2671,2024-12-04,Heard Island and McDonald Islands,Partner,Enterprise,29,True
2672,2024-01-02,Angola,Referral,Mid Market,38,True
2673,2024-06-12,Cape Verde,Referral,SMB,81,True
2674,2024-02-04,Saint Helena,Organic Search,SMB,55,True
2675,2024-03-15,Kuwait,Organic Search,SMB,36,True
2676,2024-04-03,Comoros,Social Media,SMB,83,True
2677,2024-08-05,Suriname,Social Media,Mid Market,72,True
2678,2024-11-04,Korea,Partner,SMB,51,True
2679,2024-07-15,Syrian Arab Republic,Social Media,SMB,88,True
2680,2024-09-30,Uruguay,Social Media,SMB,49,True
2681,2024-07-15,Saint Vincent and the Grenadines,Organic Search,SMB,73,False
2682,2024-09-26,Holy See (Vatican City State),Paid Ads,Mid Market,48,True
2683,2024-12-25,Egypt,Organic Search,SMB,20,True
2684,2024-04-14,South Georgia and the South Sandwich Islands,Organic Search,SMB,80,True
2685,2024-03-09,Guatemala,Organic Search,SMB,64,True
2686,2024-07-03,Haiti,Referral,SMB,38,False
2687,2024-10-09,Indonesia,Social Media,SMB,48,True
2688,2024-01-29,Burkina Faso,Referral,SMB,38,True
2689,2024-07-12,Peru,Organic Search,Mid Market,74,True
2690,2024-07-09,Iraq,Organic Search,Mid Market,94,True
2691,2024-02-07,Zambia,Social Media,Mid Market,40,True
2692,2024-01-16,Spain,Referral,SMB,30,False
2693,2024-05-05,France,Organic Search,SMB,73,True
2694,2024-03-17,American Samoa,Referral,SMB,37,True
2695,2024-09-27,Burundi,Partner,SMB,63,True
2696,2024-08-15,Cocos (Keeling) Islands,Organic Search,SMB,39,False
2697,2024-01-31,Benin,Organic Search,Mid Market,42,True
2698,2024-09-14,Cyprus,Referral,SMB,74,True
2699,2024-12-14,Japan,Social Media,SMB,53,False
2700,2024-10-19,Ireland,Paid Ads,SMB,49,True
2701,2024-08-04,French Southern Territories,Referral,SMB,31,True
2702,2024-09-24,Wallis and Futuna,Social Media,Enterprise,36,True
2703,2024-04-18,Pitcairn Islands,Social Media,Mid Market,48,True
2704,2024-07-19,Nicaragua,Referral,Mid Market,91,True
2705,2024-11-05,Swaziland,Organic Search,Mid Market,79,True
2706,2024-09-01,Dominican Republic,Partner,Mid Market,71,True
2707,2024-07-13,Hong Kong,Referral,SMB,67,True
2708,2024-11-27,Nigeria,Social Media,SMB,33,True
2709,2024-02-23,Syrian Arab Republic,Organic Search,SMB,62,False
2710,2024-01-15,Bermuda,Referral,SMB,89,True
2711,2024-02-24,Guyana,Organic Search,SMB,21,False
2712,2024-06-07,Kyrgyz Republic,Referral,SMB,24,False
2713,2024-05-03,Bosnia and Herzegovina,Partner,SMB,92,True
2714,2024-10-16,Sao Tome and Principe,Organic Search,SMB,81,True
2715,2024-01-24,Micronesia,Organic Search,SMB,59,True
2716,2024-01-05,Mozambique,Partner,Mid Market,70,True
2717,2024-09-13,Oman,Referral,SMB,70,True
2718,2024-07-01,Korea,Referral,Mid Market,32,False
2719,2024-06-18,Macao,Social Media,Mid Market,84,True
2720,2024-02-21,Japan,Paid Ads,Mid Market,39,True
2721,2024-01-13,Antigua and Barbuda,Paid Ads,Mid Market,81,True
2722,2024-10-27,Chile,Organic Search,SMB,39,True
2723,2024-12-15,Burkina Faso,Social Media,SMB,100,True
2724,2024-02-17,Guadeloupe,Referral,Mid Market,38,True
2725,2024-03-23,Niue,Paid Ads,SMB,97,True
2726,2024-11-29,Brazil,Paid Ads,Enterprise,63,False
2727,2024-08-17,Benin,Referral,SMB,66,True
2728,2024-11-15,Antigua and Barbuda,Social Media,SMB,69,True
2729,2024-05-02,Azerbaijan,Referral,Enterprise,97,True
2730,2024-02-08,Heard Island and McDonald Islands,Referral,SMB,83,True
2731,2024-02-19,Mexico,Organic Search,SMB,59,True
2732,2024-10-07,Benin,Organic Search,SMB,78,True
2733,2024-06-09,Nauru,Referral,Enterprise,40,True
2734,2024-02-04,Brazil,Partner,SMB,65,True
2735,2024-02-15,Montenegro,Organic Search,SMB,78,True
2736,2024-05-12,Cyprus,Social Media,Enterprise,76,False
2737,2024-11-28,Costa Rica,Referral,Enterprise,92,True
2738,2024-09-06,Kyrgyz Republic,Organic Search,SMB,56,True
2739,2024-07-24,Austria,Social Media,Mid Market,36,True
2740,2024-08-13,Syrian Arab Republic,Partner,SMB,99,True
2741,2024-06-09,Bolivia,Partner,SMB,72,True
2742,2024-09-16,Australia,Social Media,SMB,25,False
2743,2024-11-13,Belgium,Organic Search,Mid Market,51,True
2744,2024-12-24,Djibouti,Paid Ads,SMB,33,True
2745,2024-05-28,Sudan,Social Media,SMB,71,True
2746,2024-02-07,Korea,Referral,SMB,79,True
2747,2024-12-08,Saint Barthelemy,Organic Search,SMB,79,True
2748,2024-11-24,Turkey,Paid Ads,Enterprise,79,True
2749,2024-02-25,Bahrain,Organic Search,SMB,33,True
2750,2024-07-22,Chad,Social Media,SMB,62,True
2751,2024-02-03,Uzbekistan,Partner,SMB,97,True
2752,2024-09-05,Kuwait,Referral,Mid Market,80,True
2753,2024-02-28,Canada,Partner,SMB,89,True
2754,2024-03-20,United States Minor Outlying Islands,Social Media,SMB,47,False
2755,2024-06-12,Gabon,Paid Ads,SMB,96,True
2756,2024-07-13,Portugal,Organic Search,Enterprise,66,True
2757,2024-08-08,Suriname,Social Media,SMB,47,True
2758,2024-01-12,Honduras,Social Media,SMB,42,True
2759,2024-02-12,Saint Vincent and the Grenadines,Referral,SMB,71,False
2760,2024-02-11,Sierra Leone,Partner,Mid Market,77,True
2761,2024-08-02,Slovakia (Slovak Republic),Paid Ads,SMB,53,True
2762,2024-04-04,Saint Martin,Organic Search,SMB,74,True
2763,2024-06-24,Qatar,Partner,SMB,64,True
2764,2024-08-02,Kyrgyz Republic,Social Media,SMB,40,True
2765,2024-12-22,Bahamas,Social Media,SMB,93,True
2766,2024-07-18,Armenia,Organic Search,SMB,96,True
2767,2024-04-11,French Guiana,Organic Search,Mid Market,94,True
2768,2024-11-11,Angola,Referral,SMB,60,False
2769,2024-01-08,Liechtenstein,Referral,Mid Market,38,True
2770,2024-09-12,Angola,Partner,SMB,72,True
2771,2024-05-14,Switzerland,Paid Ads,Mid Market,77,True
2772,2024-03-05,Brazil,Social Media,Mid Market,94,True
2773,2024-02-19,Sierra Leone,Organic Search,SMB,44,True
2774,2024-08-03,Monaco,Paid Ads,Mid Market,96,True
2775,2024-07-12,Dominican Republic,Referral,SMB,44,False
2776,2024-12-13,Uganda,Paid Ads,Enterprise,67,True
2777,2024-07-05,Pitcairn Islands,Organic Search,SMB,59,True
2778,2024-09-14,Christmas Island,Organic Search,Mid Market,78,False
2779,2024-07-30,Niger,Social Media,SMB,89,True
2780,2024-08-06,Belgium,Paid Ads,Enterprise,62,True
2781,2024-02-28,Belarus,Referral,SMB,67,True
2782,2024-03-31,Liechtenstein,Paid Ads,SMB,89,True
2783,2024-08-11,Micronesia,Social Media,SMB,75,True
2784,2024-11-20,United States Minor Outlying Islands,Partner,Mid Market,32,True
2785,2024-02-14,Senegal,Organic Search,SMB,22,False
2786,2024-11-11,Falkland Islands (Malvinas),Social Media,SMB,99,True
2787,2024-10-05,Burundi,Organic Search,Mid Market,84,True
2788,2024-10-24,Namibia,Organic Search,Mid Market,73,True
2789,2024-04-18,Micronesia,Referral,Mid Market,90,True
2790,2024-07-14,Afghanistan,Organic Search,SMB,80,True
2791,2024-03-04,Wallis and Futuna,Partner,Enterprise,79,True
2792,2024-07-30,Heard Island and McDonald Islands,Social Media,SMB,67,True
2793,2024-04-24,Aruba,Paid Ads,SMB,53,True
2794,2024-06-06,Dominican Republic,Social Media,Mid Market,20,False
2795,2024-07-31,Suriname,Organic Search,SMB,39,True
2796,2024-07-10,Georgia,Paid Ads,Mid Market,96,True
2797,2024-06-11,Panama,Partner,SMB,93,True
2798,2024-08-08,Seychelles,Referral,SMB,70,True
2799,2024-04-08,Chile,Paid Ads,Mid Market,26,False
2800,2024-10-22,Haiti,Social Media,SMB,69,False
2801,2024-03-29,Saint Vincent and the Grenadines,Social Media,Enterprise,86,True
2802,2024-03-22,Norway,Social Media,SMB,36,False
2803,2024-09-15,Monaco,Organic Search,Mid Market,70,True
2804,2024-11-17,Liechtenstein,Partner,Mid Market,40,False
2805,2024-06-14,Turks and Caicos Islands,Referral,SMB,23,False
2806,2024-08-11,Micronesia,Organic Search,Mid Market,95,False
2807,2024-03-19,Tokelau,Organic Search,Mid Market,89,True
2808,2024-02-10,France,Paid Ads,SMB,36,True
2809,2024-08-20,Georgia,Partner,SMB,48,True
2810,2024-06-01,Belarus,Referral,SMB,51,True
2811,2024-07-12,United Arab Emirates,Partner,Mid Market,55,True
2812,2024-02-12,Falkland Islands (Malvinas),Referral,Mid Market,94,True
2813,2024-02-22,Georgia,Organic Search,SMB,96,True
2814,2024-03-03,Eritrea,Organic Search,SMB,53,False
2815,2024-04-02,Switzerland,Organic Search,SMB,66,True
2816,2024-04-16,Guyana,Social Media,SMB,22,False
2817,2024-07-30,Ethiopia,Organic Search,SMB,100,True
2818,2024-02-09,Chad,Referral,Mid Market,68,True
2819,2024-06-09,Ghana,Social Media,Mid Market,43,True
2820,2024-06-01,Tuvalu,Organic Search,Enterprise,92,True
2821,2024-11-19,Angola,Paid Ads,Mid Market,35,True
2822,2024-06-24,Tunisia,Partner,SMB,98,True
2823,2024-11-03,Greenland,Paid Ads,SMB,86,True
2824,2024-05-10,Afghanistan,Organic Search,SMB,23,False
2825,2024-10-01,Albania,Organic Search,SMB,39,True
2826,2024-04-20,United Kingdom,Partner,SMB,47,True
2827,2024-01-16,United Arab Emirates,Partner,SMB,30,False
2828,2024-12-20,Bahrain,Referral,SMB,81,True
2829,2024-04-12,Lao People's Democratic Republic,Organic Search,SMB,90,True
2830,2024-11-29,Papua New Guinea,Partner,SMB,83,True
2831,2024-08-11,Togo,Paid Ads,Enterprise,44,False
2832,2024-05-08,United Kingdom,Referral,SMB,55,True
2833,2024-07-20,Panama,Organic Search,SMB,95,False
2834,2024-06-08,Tanzania,Referral,Mid Market,82,True
2835,2024-08-09,Svalbard & Jan Mayen Islands,Social Media,SMB,54,True
2836,2024-06-12,Paraguay,Paid Ads,SMB,69,True
2837,2024-08-07,India,Referral,SMB,67,True
2838,2024-11-19,Ghana,Organic Search,SMB,24,False
2839,2024-09-18,Bolivia,Partner,SMB,57,True
2840,2024-11-05,Turks and Caicos Islands,Paid Ads,SMB,23,False
2841,2024-02-28,Cayman Islands,Referral,Mid Market,74,True
2842,2024-04-05,Palau,Partner,SMB,47,False
2843,2024-12-02,Gibraltar,Partner,SMB,60,True
2844,2024-03-03,Niue,Organic Search,SMB,21,True
2845,2024-06-17,Korea,Referral,SMB,61,True
2846,2024-04-29,Tonga,Paid Ads,SMB,56,True
2847,2024-11-04,Serbia,Referral,SMB,33,True
2848,2024-10-14,French Southern Territories,Partner,Mid Market,29,False
2849,2024-10-20,Equatorial Guinea,Social Media,Mid Market,75,True
2850,2024-06-11,Oman,Partner,SMB,26,True
2851,2024-09-09,Cyprus,Social Media,SMB,55,False
2852,2024-08-03,United Kingdom,Organic Search,SMB,41,False
2853,2024-11-03,Estonia,Partner,SMB,50,True
2854,2024-10-22,Netherlands Antilles,Organic Search,SMB,93,True
2855,2024-01-03,Reunion,Social Media,SMB,71,True
2856,2024-01-19,China,Paid Ads,Enterprise,25,False
2857,2024-06-21,Ecuador,Organic Search,SMB,32,False
2858,2024-07-31,San Marino,Partner,SMB,64,True
2859,2024-07-23,Montserrat,Organic Search,SMB,60,True
2860,2024-09-09,Nauru,Paid Ads,SMB,58,True
2861,2024-12-22,Micronesia,Social Media,SMB,35,True
2862,2024-07-10,Eritrea,Paid Ads,SMB,48,True
2863,2024-01-25,Azerbaijan,Organic Search,SMB,61,True
2864,2024-12-18,Indonesia,Social Media,SMB,31,False
2865,2024-04-07,Burkina Faso,Partner,Mid Market,88,True
2866,2024-01-03,Cyprus,Organic Search,SMB,25,True
2867,2024-02-26,Bermuda,Organic Search,Enterprise,29,False
2868,2024-05-15,Kenya,Partner,Mid Market,68,False
2869,2024-05-18,China,Referral,Enterprise,94,True
2870,2024-08-23,Russian Federation,Organic Search,SMB,38,True
2871,2024-10-26,Bhutan,Social Media,Mid Market,35,True
2872,2024-09-24,Tonga,Paid Ads,SMB,81,True
2873,2024-12-04,Equatorial Guinea,Social Media,Enterprise,61,False
2874,2024-09-04,Albania,Referral,SMB,57,True
2875,2024-12-30,Slovenia,Organic Search,SMB,51,True
2876,2024-12-03,Kazakhstan,Referral,Mid Market,29,True
2877,2024-09-10,Guyana,Organic Search,SMB,47,False
2878,2024-08-27,Bahrain,Social Media,SMB,33,False
2879,2024-06-23,New Zealand,Referral,Mid Market,87,True
2880,2024-09-20,Chile,Partner,Mid Market,59,True
2881,2024-12-28,Tanzania,Social Media,Mid Market,84,True
2882,2024-02-24,Saint Lucia,Referral,SMB,66,True
2883,2024-07-16,Tanzania,Social Media,Mid Market,85,True
2884,2024-04-13,Myanmar,Social Media,SMB,55,True
2885,2024-08-04,Greenland,Referral,Mid Market,93,True
2886,2024-11-27,Guyana,Organic Search,SMB,33,True
2887,2024-02-26,Saint Martin,Referral,SMB,78,False
2888,2024-04-05,Mauritius,Partner,SMB,87,True
2889,2024-08-19,Saint Lucia,Partner,SMB,90,True
2890,2024-02-13,Afghanistan,Partner,SMB,39,False
2891,2024-07-22,Palestinian Territory,Paid Ads,SMB,62,True
2892,2024-01-28,New Zealand,Social Media,SMB,32,False
2893,2024-01-26,Germany,Social Media,Mid Market,74,True
2894,2024-04-09,Uganda,Partner,SMB,42,False
2895,2024-10-31,Burundi,Partner,SMB,83,True
2896,2024-09-22,Guernsey,Social Media,SMB,26,False
2897,2024-11-26,Netherlands Antilles,Referral,Enterprise,48,True
2898,2024-02-28,Bermuda,Organic Search,Mid Market,93,True
2899,2024-05-16,Brazil,Referral,SMB,32,False
2900,2024-05-21,Comoros,Referral,Mid Market,71,True
2901,2024-07-19,Saint Vincent and the Grenadines,Social Media,SMB,54,True
2902,2024-09-10,Seychelles,Referral,SMB,46,True
2903,2024-06-26,Singapore,Partner,Mid Market,56,True
2904,2024-01-02,Canada,Organic Search,SMB,99,True
2905,2024-09-01,Swaziland,Partner,Mid Market,50,True
2906,2024-03-28,Pitcairn Islands,Partner,Mid Market,41,True
2907,2024-04-05,Nepal,Partner,Mid Market,38,True
2908,2024-01-07,Egypt,Social Media,SMB,22,True
2909,2024-03-31,Russian Federation,Partner,Mid Market,41,True
2910,2024-12-13,Montserrat,Organic Search,SMB,80,True
2911,2024-10-25,Tokelau,Organic Search,SMB,51,True
2912,2024-08-29,Botswana,Organic Search,SMB,22,False
2913,2024-10-17,Montenegro,Partner,Mid Market,87,True
2914,2024-09-14,Suriname,Referral,Mid Market,32,True
2915,2024-02-21,Nepal,Partner,Mid Market,62,True
2916,2024-08-19,Slovakia (Slovak Republic),Social Media,Mid Market,89,True
2917,2024-05-11,Netherlands,Social Media,SMB,78,True
2918,2024-01-07,Morocco,Partner,SMB,62,True
2919,2024-09-22,Christmas Island,Paid Ads,SMB,54,True
2920,2024-12-17,Colombia,Paid Ads,Mid Market,22,False
2921,2024-03-16,Indonesia,Social Media,Mid Market,38,True
2922,2024-07-01,Peru,Social Media,SMB,93,True
2923,2024-12-22,United Arab Emirates,Social Media,SMB,31,True
2924,2024-04-09,Canada,Social Media,Mid Market,55,True
2925,2024-11-16,Kyrgyz Republic,Paid Ads,Mid Market,77,True
2926,2024-09-26,Cayman Islands,Referral,SMB,64,True
2927,2024-06-18,Guinea-Bissau,Social Media,SMB,55,True
2928,2024-06-07,Faroe Islands,Referral,SMB,86,False
2929,2024-12-25,Comoros,Partner,Mid Market,35,True
2930,2024-08-09,Palestinian Territory,Social Media,SMB,64,True
2931,2024-05-27,Tanzania,Organic Search,Enterprise,83,True
2932,2024-12-16,Israel,Referral,SMB,39,False
2933,2024-09-24,Seychelles,Partner,Mid Market,40,True
2934,2024-06-04,Zimbabwe,Social Media,SMB,57,True
2935,2024-01-08,Indonesia,Social Media,SMB,56,True
2936,2024-10-30,Sudan,Organic Search,SMB,59,False
2937,2024-01-03,Korea,Social Media,SMB,20,True
2938,2024-01-26,Wallis and Futuna,Partner,SMB,56,True
2939,2024-09-14,Portugal,Paid Ads,SMB,31,False
2940,2024-12-31,Cuba,Partner,SMB,45,False
2941,2024-08-09,Nauru,Paid Ads,Enterprise,57,True
2942,2024-04-22,Uzbekistan,Organic Search,SMB,65,True
2943,2024-05-07,Tuvalu,Social Media,SMB,32,True
2944,2024-05-13,Thailand,Partner,SMB,42,True
2945,2024-10-15,Montserrat,Social Media,Mid Market,61,True
2946,2024-10-23,Algeria,Referral,Mid Market,45,True
2947,2024-05-08,Korea,Referral,SMB,45,True
2948,2024-06-03,Qatar,Partner,SMB,92,True
2949,2024-11-17,Cape Verde,Social Media,SMB,68,True
2950,2024-08-11,North Macedonia,Organic Search,SMB,76,True
2951,2024-12-21,Tuvalu,Partner,SMB,65,True
2952,2024-08-27,Armenia,Partner,SMB,73,True
2953,2024-07-29,Korea,Social Media,SMB,91,True
2954,2024-01-14,Saint Helena,Social Media,SMB,37,True
2955,2024-11-10,United States Virgin Islands,Partner,Mid Market,94,True
2956,2024-09-19,Switzerland,Partner,SMB,89,True
2957,2024-10-16,Papua New Guinea,Partner,SMB,70,True
2958,2024-03-05,Canada,Social Media,Mid Market,79,True
2959,2024-09-22,British Virgin Islands,Social Media,Mid Market,30,False
2960,2024-01-29,Belgium,Partner,Mid Market,33,True
2961,2024-06-19,Israel,Paid Ads,SMB,57,True
2962,2024-10-16,Niue,Social Media,Mid Market,27,True
2963,2024-03-03,Botswana,Paid Ads,Mid Market,26,True
2964,2024-12-25,Peru,Referral,SMB,91,True
2965,2024-09-10,Tanzania,Referral,SMB,39,True
2966,2024-06-03,Armenia,Partner,Mid Market,20,False
2967,2024-09-05,Moldova,Paid Ads,Mid Market,34,True
2968,2024-02-04,British Indian Ocean Territory (Chagos Archipelago),Organic Search,SMB,35,True
2969,2024-09-23,Saint Lucia,Organic Search,SMB,33,True
2970,2024-08-30,Greenland,Organic Search,Mid Market,76,True
2971,2024-07-19,Greece,Organic Search,Enterprise,58,True
2972,2024-07-26,Pakistan,Social Media,Enterprise,50,True
2973,2024-10-06,Bouvet Island (Bouvetoya),Partner,Mid Market,76,True
2974,2024-12-02,Lebanon,Paid Ads,SMB,38,True
2975,2024-11-21,Luxembourg,Organic Search,SMB,50,True
2976,2024-03-28,Liechtenstein,Paid Ads,Mid Market,89,True
2977,2024-04-12,Isle of Man,Social Media,SMB,57,True
2978,2024-12-07,United States of America,Organic Search,Enterprise,83,False
2979,2024-07-07,Isle of Man,Partner,SMB,33,True
2980,2024-08-25,Niue,Social Media,Mid Market,38,False
2981,2024-01-15,Benin,Partner,SMB,92,True
2982,2024-07-18,Zambia,Organic Search,SMB,24,True
2983,2024-11-26,Ethiopia,Paid Ads,SMB,65,False
2984,2024-03-12,Tanzania,Social Media,Mid Market,78,True
2985,2024-05-21,Greece,Organic Search,Enterprise,65,True
2986,2024-09-13,Israel,Paid Ads,SMB,87,True
2987,2024-07-18,Mauritius,Paid Ads,SMB,39,True
2988,2024-06-29,Djibouti,Paid Ads,SMB,37,False
2989,2024-05-22,Bahrain,Partner,Enterprise,28,True
2990,2024-11-26,Senegal,Social Media,SMB,80,True
2991,2024-11-06,Maldives,Referral,SMB,84,True
2992,2024-12-03,Sweden,Paid Ads,SMB,61,True
2993,2024-10-28,Lithuania,Paid Ads,SMB,99,True
2994,2024-07-25,Egypt,Organic Search,SMB,40,False
2995,2024-04-28,United Arab Emirates,Organic Search,Mid Market,83,True
2996,2024-12-13,Bulgaria,Social Media,SMB,49,True
2997,2024-05-01,Argentina,Organic Search,Mid Market,42,False
2998,2024-07-15,Holy See (Vatican City State),Social Media,Enterprise,27,True
2999,2024-11-09,Bahrain,Partner,SMB,29,True
3000,2024-08-14,South Georgia and the South Sandwich Islands,Partner,Mid Market,23,False
3001,2024-03-30,Saint Kitts and Nevis,Partner,SMB,77,True
3002,2024-07-12,Portugal,Referral,Enterprise,93,True
3003,2024-10-11,Indonesia,Referral,SMB,82,True
3004,2024-08-12,Costa Rica,Partner,SMB,40,False
3005,2024-08-10,Mayotte,Paid Ads,Mid Market,44,True
3006,2024-02-14,Canada,Paid Ads,SMB,32,True
3007,2024-04-14,Trinidad and Tobago,Organic Search,Mid Market,20,False
3008,2024-07-03,Gambia,Social Media,SMB,29,False
3009,2024-06-23,Germany,Referral,Mid Market,87,True
3010,2024-09-11,Turkmenistan,Referral,Mid Market,93,True
3011,2024-08-30,Czech Republic,Paid Ads,SMB,99,True
3012,2024-10-13,Sudan,Referral,Mid Market,76,False
3013,2024-08-06,Uruguay,Social Media,Mid Market,92,True
3014,2024-02-10,Kenya,Referral,Mid Market,58,True
3015,2024-02-21,Moldova,Organic Search,SMB,26,False
3016,2024-11-03,Cambodia,Paid Ads,SMB,48,True
3017,2024-05-28,Mozambique,Partner,SMB,65,True
3018,2024-02-04,Brunei Darussalam,Referral,Enterprise,29,True
3019,2024-09-30,Georgia,Paid Ads,SMB,86,True
3020,2024-11-08,Chad,Paid Ads,SMB,99,True
3021,2024-01-30,Liberia,Paid Ads,Mid Market,34,True
3022,2024-10-25,Reunion,Social Media,Enterprise,53,True
3023,2024-11-30,Vanuatu,Organic Search,SMB,73,True
3024,2024-05-13,Djibouti,Referral,SMB,27,False
3025,2024-03-12,Saint Martin,Referral,SMB,62,False
3026,2024-12-05,Moldova,Organic Search,SMB,29,True
3027,2024-10-15,Malta,Paid Ads,Mid Market,24,False
3028,2024-06-26,Slovakia (Slovak Republic),Organic Search,Enterprise,96,True
3029,2024-11-09,Saint Vincent and the Grenadines,Organic Search,Mid Market,81,True
3030,2024-03-07,Marshall Islands,Partner,Mid Market,33,True
3031,2024-01-19,Monaco,Social Media,SMB,64,False
3032,2024-08-08,Slovakia (Slovak Republic),Social Media,SMB,49,True
3033,2024-01-11,France,Organic Search,SMB,45,False
3034,2024-09-30,Rwanda,Paid Ads,Mid Market,22,True
3035,2024-10-09,Poland,Social Media,SMB,68,True
3036,2024-12-22,Mali,Referral,SMB,74,False
3037,2024-10-08,Cocos (Keeling) Islands,Referral,SMB,35,False
3038,2024-11-11,South Africa,Partner,SMB,63,True
3039,2024-08-11,Cyprus,Organic Search,SMB,31,False
3040,2024-10-28,Jamaica,Organic Search,SMB,88,True
3041,2024-10-17,Norfolk Island,Organic Search,Enterprise,21,True
3042,2024-05-07,Tunisia,Organic Search,SMB,36,True
3043,2024-08-12,Morocco,Referral,SMB,60,True
3044,2024-06-28,Slovakia (Slovak Republic),Paid Ads,Mid Market,51,False
3045,2024-05-29,North Macedonia,Referral,Mid Market,81,True
3046,2024-12-02,Saint Martin,Organic Search,Mid Market,29,True
3047,2024-05-08,Kuwait,Paid Ads,SMB,65,True
3048,2024-04-22,Bouvet Island (Bouvetoya),Social Media,Mid Market,66,True
3049,2024-10-09,United States of America,Partner,Mid Market,51,False
3050,2024-09-26,Fiji,Partner,SMB,89,True
3051,2024-09-14,Cyprus,Organic Search,SMB,72,True
3052,2024-12-27,Afghanistan,Paid Ads,SMB,30,True
3053,2024-04-14,Nigeria,Referral,Mid Market,86,True
3054,2024-04-28,Peru,Partner,Mid Market,46,True
3055,2024-03-03,Bosnia and Herzegovina,Partner,Mid Market,38,True
3056,2024-01-19,Belize,Referral,Mid Market,78,True
3057,2024-02-28,Saint Martin,Organic Search,SMB,24,True
3058,2024-05-18,Iceland,Partner,SMB,58,False
3059,2024-02-13,New Caledonia,Organic Search,SMB,98,True
3060,2024-07-15,Kazakhstan,Social Media,SMB,68,True
3061,2024-07-15,Western Sahara,Social Media,SMB,46,False
3062,2024-07-13,Hong Kong,Referral,Mid Market,88,True
3063,2024-01-27,Kiribati,Partner,SMB,64,True
3064,2024-01-14,Sierra Leone,Paid Ads,Mid Market,63,True
3065,2024-05-14,Colombia,Paid Ads,SMB,23,False
3066,2024-06-23,Algeria,Paid Ads,SMB,74,True
3067,2024-01-30,Thailand,Organic Search,SMB,56,True
3068,2024-09-30,Egypt,Social Media,SMB,92,True
3069,2024-09-22,Holy See (Vatican City State),Partner,SMB,68,True
3070,2024-08-27,Iran,Referral,SMB,21,True
3071,2024-05-23,Nicaragua,Partner,SMB,51,True
3072,2024-10-04,Iraq,Partner,SMB,70,True
3073,2024-01-20,Singapore,Paid Ads,SMB,54,False
3074,2024-12-03,Bosnia and Herzegovina,Partner,Mid Market,97,True
3075,2024-01-07,Antigua and Barbuda,Organic Search,SMB,61,True
3076,2024-05-15,Turkmenistan,Referral,SMB,22,False
3077,2024-08-13,Iran,Organic Search,SMB,65,True
3078,2024-09-02,Mongolia,Paid Ads,SMB,27,False
3079,2024-10-23,Georgia,Organic Search,SMB,98,True
3080,2024-10-09,Tonga,Partner,Enterprise,76,True
3081,2024-04-02,Bouvet Island (Bouvetoya),Partner,Mid Market,55,True
3082,2024-05-12,Saint Lucia,Social Media,SMB,100,True
3083,2024-03-30,Congo,Referral,Mid Market,26,True
3084,2024-04-29,Singapore,Organic Search,Mid Market,43,True
3085,2024-12-16,Uganda,Paid Ads,Mid Market,94,True
3086,2024-06-11,Kyrgyz Republic,Organic Search,SMB,49,False
3087,2024-02-01,Guernsey,Partner,Enterprise,22,False
3088,2024-12-13,Panama,Partner,SMB,25,True
3089,2024-11-03,Guadeloupe,Referral,SMB,29,False
3090,2024-09-16,Taiwan,Social Media,SMB,29,False
3091,2024-05-01,Cook Islands,Referral,SMB,67,True
3092,2024-12-14,Paraguay,Social Media,SMB,74,False
3093,2024-05-24,Montserrat,Referral,SMB,97,True
3094,2024-07-03,Peru,Partner,Enterprise,67,True
3095,2024-08-28,Papua New Guinea,Partner,Mid Market,40,True
3096,2024-07-07,Marshall Islands,Organic Search,SMB,39,True
3097,2024-10-29,Chad,Organic Search,SMB,47,True
3098,2024-06-09,New Caledonia,Paid Ads,Mid Market,85,True
3099,2024-10-24,Rwanda,Partner,Enterprise,68,True
3100,2024-10-25,Sudan,Organic Search,Mid Market,39,False
3101,2024-07-14,Wallis and Futuna,Organic Search,Enterprise,48,True
3102,2024-10-16,Jordan,Paid Ads,Enterprise,100,True
3103,2024-10-07,Grenada,Social Media,SMB,35,True
3104,2024-09-27,Romania,Organic Search,Mid Market,87,True
3105,2024-09-23,Tuvalu,Social Media,SMB,44,False
3106,2024-10-21,Yemen,Partner,Enterprise,62,True
3107,2024-05-04,Namibia,Partner,SMB,60,True
3108,2024-02-29,Slovenia,Referral,SMB,72,True
3109,2024-07-04,Sweden,Organic Search,SMB,84,True
3110,2024-02-09,Malaysia,Partner,Mid Market,97,True
3111,2024-04-27,Estonia,Social Media,Mid Market,49,False
3112,2024-10-18,Slovenia,Referral,Enterprise,51,True
3113,2024-07-27,American Samoa,Paid Ads,Mid Market,97,True
3114,2024-05-13,Guyana,Partner,SMB,35,False
3115,2024-02-11,Fiji,Social Media,SMB,38,True
3116,2024-10-21,Bermuda,Social Media,Mid Market,45,True
3117,2024-04-02,Pitcairn Islands,Social Media,SMB,35,True
3118,2024-08-02,Afghanistan,Partner,Mid Market,80,True
3119,2024-02-21,Denmark,Referral,Mid Market,75,True
3120,2024-01-13,Northern Mariana Islands,Referral,Enterprise,36,False
3121,2024-09-20,Saint Helena,Paid Ads,Enterprise,74,True
3122,2024-06-30,Puerto Rico,Referral,SMB,91,True
3123,2024-05-03,Qatar,Partner,SMB,63,False
3124,2024-10-29,Australia,Paid Ads,Mid Market,25,True
3125,2024-02-07,Ghana,Partner,Enterprise,72,True
3126,2024-11-18,Pitcairn Islands,Social Media,Mid Market,75,True
3127,2024-05-28,Micronesia,Social Media,Mid Market,43,True
3128,2024-10-28,Sierra Leone,Paid Ads,SMB,20,True
3129,2024-10-30,Dominican Republic,Paid Ads,SMB,78,True
3130,2024-07-13,United Kingdom,Partner,SMB,85,True
3131,2024-10-28,Central African Republic,Partner,Enterprise,32,True
3132,2024-04-28,Mexico,Partner,SMB,26,True
3133,2024-10-15,Cuba,Paid Ads,Mid Market,94,True
3134,2024-09-17,Hong Kong,Social Media,SMB,69,True
3135,2024-06-12,Honduras,Referral,Enterprise,25,False
3136,2024-04-17,Oman,Social Media,SMB,93,True
3137,2024-11-11,Saint Martin,Partner,SMB,56,True
3138,2024-03-25,Guinea-Bissau,Organic Search,SMB,82,False
3139,2024-08-12,Guernsey,Referral,Mid Market,56,True
3140,2024-05-12,Lebanon,Paid Ads,Mid Market,49,False
3141,2024-12-07,Luxembourg,Partner,SMB,46,True
3142,2024-10-09,Dominican Republic,Paid Ads,Mid Market,23,True
3143,2024-11-02,Isle of Man,Organic Search,Enterprise,89,True
3144,2024-10-02,Myanmar,Referral,SMB,23,True
3145,2024-07-08,Slovakia (Slovak Republic),Referral,SMB,93,False
3146,2024-08-06,Uganda,Social Media,SMB,78,True
3147,2024-05-31,Jordan,Organic Search,Mid Market,35,True
3148,2024-08-15,Palau,Social Media,SMB,31,True
3149,2024-03-11,Paraguay,Partner,Mid Market,34,True
3150,2024-06-30,Isle of Man,Organic Search,Mid Market,48,True
3151,2024-02-08,Hungary,Partner,SMB,62,False
3152,2024-05-21,North Macedonia,Social Media,Mid Market,85,True
3153,2024-12-10,Hungary,Organic Search,Mid Market,60,True
3154,2024-01-20,Morocco,Social Media,SMB,86,True
3155,2024-06-11,Lebanon,Referral,Mid Market,100,True
3156,2024-01-19,Netherlands,Organic Search,SMB,95,True
3157,2024-07-11,Denmark,Referral,Mid Market,53,True
3158,2024-08-28,Haiti,Referral,SMB,43,True
3159,2024-09-11,Chad,Partner,SMB,31,True
3160,2024-09-21,Libyan Arab Jamahiriya,Referral,SMB,28,True
3161,2024-09-08,Sweden,Paid Ads,Mid Market,42,True
3162,2024-01-20,Falkland Islands (Malvinas),Social Media,Mid Market,98,True
3163,2024-07-13,French Guiana,Paid Ads,SMB,64,True
3164,2024-09-04,Seychelles,Paid Ads,Mid Market,43,True
3165,2024-06-02,Suriname,Referral,Mid Market,82,True
3166,2024-09-07,Montenegro,Social Media,SMB,89,True
3167,2024-09-03,Slovenia,Partner,SMB,34,False
3168,2024-05-27,Fiji,Social Media,Enterprise,61,True
3169,2024-05-06,Kiribati,Social Media,SMB,79,True
3170,2024-06-12,Turks and Caicos Islands,Organic Search,SMB,70,True
3171,2024-12-26,Sao Tome and Principe,Referral,Mid Market,81,True
3172,2024-09-07,Dominica,Paid Ads,SMB,50,True
3173,2024-01-15,Chile,Partner,SMB,47,True
3174,2024-07-28,Botswana,Organic Search,SMB,61,True
3175,2024-05-13,Seychelles,Partner,SMB,76,True
3176,2024-08-05,Panama,Social Media,SMB,26,False
3177,2024-05-17,Thailand,Social Media,Mid Market,63,False
3178,2024-11-21,Monaco,Organic Search,SMB,72,True
3179,2024-04-23,Serbia,Paid Ads,Mid Market,88,False
3180,2024-04-15,Mayotte,Organic Search,Enterprise,98,True
3181,2024-11-08,Guernsey,Partner,SMB,89,True
3182,2024-01-11,Papua New Guinea,Organic Search,Mid Market,31,False
3183,2024-12-26,Isle of Man,Partner,Enterprise,90,True
3184,2024-02-02,Sweden,Organic Search,SMB,66,True
3185,2024-10-01,Iraq,Referral,Enterprise,88,True
3186,2024-07-21,Bangladesh,Referral,SMB,40,False
3187,2024-07-10,Bangladesh,Partner,SMB,90,True
3188,2024-05-07,Luxembourg,Organic Search,SMB,22,False
3189,2024-09-26,Solomon Islands,Organic Search,SMB,82,True
3190,2024-01-22,Trinidad and Tobago,Referral,SMB,23,True
3191,2024-04-27,Macao,Referral,SMB,35,False
3192,2024-07-12,Guatemala,Social Media,SMB,54,True
3193,2024-02-13,Cayman Islands,Organic Search,SMB,73,True
3194,2024-01-11,Uzbekistan,Organic Search,Mid Market,89,True
3195,2024-11-05,Guernsey,Referral,SMB,95,True
3196,2024-07-19,China,Referral,Mid Market,59,False
3197,2024-06-14,Angola,Social Media,SMB,22,True
3198,2024-06-03,Greece,Partner,SMB,32,True
3199,2024-05-15,Guinea-Bissau,Paid Ads,SMB,57,False
3200,2024-08-07,Togo,Organic Search,SMB,72,True
3201,2024-10-14,Trinidad and Tobago,Partner,SMB,88,True
3202,2024-09-16,Mali,Referral,SMB,83,True
3203,2024-07-20,China,Partner,Mid Market,33,True
3204,2024-08-19,South Africa,Referral,SMB,23,False
3205,2024-07-22,Uzbekistan,Referral,SMB,81,True
3206,2024-10-15,Yemen,Organic Search,Mid Market,62,True
3207,2024-03-14,Azerbaijan,Organic Search,SMB,41,True
3208,2024-04-16,Argentina,Social Media,SMB,30,False
3209,2024-03-13,Saint Pierre and Miquelon,Social Media,Mid Market,80,True
3210,2024-09-24,Latvia,Paid Ads,Mid Market,27,True
3211,2024-09-09,Solomon Islands,Partner,SMB,63,True
3212,2024-03-18,Mauritania,Organic Search,SMB,92,True
3213,2024-11-02,French Guiana,Social Media,Mid Market,54,True
3214,2024-12-19,Togo,Referral,Mid Market,82,False
3215,2024-10-06,Fiji,Social Media,SMB,50,True
3216,2024-06-13,Jamaica,Social Media,Mid Market,85,True
3217,2024-10-11,Norway,Organic Search,Enterprise,74,True
3218,2024-12-24,Niger,Organic Search,SMB,21,False
3219,2024-03-23,Cyprus,Paid Ads,Mid Market,41,True
3220,2024-04-11,Tunisia,Social Media,Mid Market,34,True
3221,2024-01-20,Hong Kong,Social Media,SMB,100,True
3222,2024-09-25,Lao People's Democratic Republic,Social Media,SMB,90,True
3223,2024-08-02,Tokelau,Social Media,SMB,35,True
3224,2024-08-10,Brunei Darussalam,Partner,Mid Market,54,True
3225,2024-09-24,Mongolia,Partner,Mid Market,67,True
3226,2024-10-15,French Southern Territories,Referral,SMB,86,True
3227,2024-12-16,Peru,Referral,Mid Market,67,True
3228,2024-09-22,Bahamas,Paid Ads,SMB,79,True
3229,2024-04-17,Bosnia and Herzegovina,Partner,Enterprise,37,False
3230,2024-03-25,Guinea,Paid Ads,Mid Market,80,True
3231,2024-01-06,Bahrain,Partner,SMB,39,True
3232,2024-08-28,French Guiana,Organic Search,Enterprise,20,True
3233,2024-06-08,Latvia,Referral,SMB,32,True
3234,2024-10-02,Mali,Social Media,SMB,27,True
3235,2024-11-15,Uzbekistan,Social Media,SMB,28,True
3236,2024-06-28,Bhutan,Paid Ads,Mid Market,64,True
3237,2024-11-17,Iraq,Organic Search,Enterprise,55,True
3238,2024-05-25,Jamaica,Social Media,SMB,59,True
3239,2024-07-07,Senegal,Paid Ads,Mid Market,52,False
3240,2024-10-14,Jamaica,Paid Ads,Mid Market,45,True
3241,2024-02-09,Benin,Paid Ads,SMB,47,False
3242,2024-05-23,Namibia,Referral,SMB,33,False
3243,2024-03-05,Congo,Paid Ads,SMB,69,True
3244,2024-06-18,Belize,Paid Ads,Mid Market,95,True
3245,2024-11-05,Kiribati,Partner,Enterprise,98,True
3246,2024-12-08,Sweden,Social Media,SMB,20,False
3247,2024-04-28,Honduras,Referral,SMB,98,True
3248,2024-03-16,Benin,Referral,SMB,20,False
3249,2024-06-14,Malawi,Organic Search,Mid Market,26,False
3250,2024-03-11,Sierra Leone,Paid Ads,Mid Market,74,True
3251,2024-12-06,Papua New Guinea,Social Media,SMB,84,True
3252,2024-03-01,Azerbaijan,Referral,SMB,68,False
3253,2024-07-16,Swaziland,Social Media,SMB,86,True
3254,2024-06-11,Egypt,Paid Ads,SMB,97,True
3255,2024-04-19,Zambia,Referral,Enterprise,55,True
3256,2024-12-30,Thailand,Referral,Mid Market,91,True
3257,2024-08-14,Brazil,Social Media,Mid Market,52,True
3258,2024-12-16,Antigua and Barbuda,Organic Search,SMB,75,True
3259,2024-11-29,Tonga,Partner,SMB,66,False
3260,2024-08-26,Micronesia,Partner,Mid Market,47,True
3261,2024-11-11,Brunei Darussalam,Paid Ads,Mid Market,44,True
3262,2024-07-14,United States Minor Outlying Islands,Partner,SMB,21,True
3263,2024-04-10,Gambia,Social Media,SMB,44,True
3264,2024-01-03,Montserrat,Paid Ads,SMB,32,True
3265,2024-07-07,French Southern Territories,Partner,SMB,21,True
3266,2024-11-06,Belarus,Partner,SMB,55,True
3267,2024-11-24,Vanuatu,Social Media,SMB,52,True
3268,2024-05-20,Seychelles,Organic Search,Enterprise,23,False
3269,2024-08-29,South Georgia and the South Sandwich Islands,Paid Ads,Mid Market,82,False
3270,2024-03-29,British Virgin Islands,Social Media,Mid Market,89,True
3271,2024-02-23,Kenya,Organic Search,SMB,98,True
3272,2024-12-31,Mali,Referral,Mid Market,42,False
3273,2024-03-08,Libyan Arab Jamahiriya,Organic Search,SMB,35,False
3274,2024-01-29,Lithuania,Social Media,Mid Market,27,False
3275,2024-06-09,Luxembourg,Organic Search,Mid Market,55,True
3276,2024-04-09,Kiribati,Paid Ads,Mid Market,62,True
3277,2024-12-10,Mauritius,Partner,Mid Market,41,False
3278,2024-10-27,Kuwait,Partner,SMB,71,True
3279,2024-08-01,Uzbekistan,Organic Search,SMB,84,True
3280,2024-03-16,New Caledonia,Partner,SMB,76,True
3281,2024-01-23,New Caledonia,Partner,Mid Market,84,True
3282,2024-07-28,Greece,Referral,Mid Market,20,True
3283,2024-06-08,North Macedonia,Partner,SMB,35,False
3284,2024-06-23,British Virgin Islands,Social Media,SMB,31,False
3285,2024-10-16,Egypt,Social Media,SMB,31,True
3286,2024-04-03,United Arab Emirates,Organic Search,SMB,95,True
3287,2024-11-16,Kazakhstan,Organic Search,Mid Market,21,False
3288,2024-04-21,Sierra Leone,Partner,SMB,51,True
3289,2024-06-06,Albania,Referral,Mid Market,36,True
3290,2024-06-07,Chad,Organic Search,SMB,56,True
3291,2024-04-01,Cuba,Partner,SMB,60,True
3292,2024-07-30,Guadeloupe,Referral,Mid Market,54,True
3293,2024-04-12,Syrian Arab Republic,Referral,Enterprise,53,True
3294,2024-12-23,Macao,Social Media,SMB,82,True
3295,2024-06-30,Tunisia,Paid Ads,SMB,86,True
3296,2024-08-18,Denmark,Referral,SMB,94,True
3297,2024-07-16,Greece,Referral,SMB,46,True
3298,2024-12-25,Poland,Social Media,SMB,56,True
3299,2024-04-16,Turkmenistan,Partner,Mid Market,84,True
3300,2024-10-09,British Virgin Islands,Partner,SMB,46,True
3301,2024-05-12,Uganda,Referral,SMB,24,False
3302,2024-02-29,Colombia,Paid Ads,Mid Market,43,True
3303,2024-08-31,Russian Federation,Referral,SMB,61,False
3304,2024-07-09,South Georgia and the South Sandwich Islands,Paid Ads,SMB,95,True
3305,2024-01-18,French Southern Territories,Partner,Mid Market,100,True
3306,2024-07-02,British Virgin Islands,Organic Search,SMB,80,True
3307,2024-06-20,Algeria,Partner,Mid Market,32,False
3308,2024-04-05,Turkey,Partner,SMB,79,True
3309,2024-10-06,Bahrain,Referral,Mid Market,76,True
3310,2024-11-11,Syrian Arab Republic,Social Media,SMB,75,False
3311,2024-07-23,Cayman Islands,Social Media,Mid Market,52,True
3312,2024-07-10,Yemen,Paid Ads,SMB,71,True
3313,2024-06-02,Palestinian Territory,Organic Search,Enterprise,49,True
3314,2024-09-16,Indonesia,Organic Search,SMB,54,True
3315,2024-10-22,Jersey,Social Media,SMB,40,True
3316,2024-09-19,Sierra Leone,Referral,Enterprise,96,False
3317,2024-12-23,Mauritius,Paid Ads,SMB,92,True
3318,2024-03-12,Canada,Referral,Mid Market,26,False
3319,2024-02-16,Latvia,Partner,Mid Market,38,True
3320,2024-06-26,Venezuela,Social Media,SMB,78,True
3321,2024-01-01,United States Minor Outlying Islands,Referral,SMB,42,True
3322,2024-06-03,Seychelles,Partner,SMB,50,True
3323,2024-04-14,Brazil,Social Media,SMB,51,True
3324,2024-03-19,Norway,Paid Ads,Mid Market,67,True
3325,2024-01-03,Benin,Social Media,SMB,32,False
3326,2024-08-29,Kuwait,Paid Ads,Mid Market,47,True
3327,2024-08-29,Yemen,Social Media,Mid Market,51,True
3328,2024-02-19,Puerto Rico,Social Media,SMB,37,False
3329,2024-07-23,Sierra Leone,Partner,Mid Market,74,True
3330,2024-11-01,Anguilla,Social Media,SMB,64,True
3331,2024-09-07,Malaysia,Paid Ads,SMB,97,True
3332,2024-04-01,Hong Kong,Referral,SMB,63,True
3333,2024-09-13,Jersey,Organic Search,Mid Market,70,False
3334,2024-02-09,Kyrgyz Republic,Referral,SMB,44,False
3335,2024-01-23,Armenia,Referral,SMB,31,True
3336,2024-06-22,Canada,Social Media,Mid Market,74,False
3337,2024-03-18,Somalia,Partner,SMB,81,True
3338,2024-01-18,Hong Kong,Partner,Enterprise,73,True
3339,2024-04-01,Rwanda,Referral,SMB,86,True
3340,2024-02-24,Italy,Social Media,Mid Market,64,True
3341,2024-12-17,Tanzania,Organic Search,Mid Market,71,False
3342,2024-01-07,Cuba,Referral,SMB,93,True
3343,2024-09-16,British Indian Ocean Territory (Chagos Archipelago),Social Media,Mid Market,21,True
3344,2024-09-05,Bangladesh,Social Media,SMB,26,False
3345,2024-06-04,Iceland,Social Media,SMB,34,True
3346,2024-11-05,Estonia,Social Media,SMB,80,True
3347,2024-12-30,Tonga,Partner,Mid Market,66,True
3348,2024-02-27,Korea,Referral,Enterprise,88,True
3349,2024-07-15,Namibia,Organic Search,SMB,63,True
3350,2024-12-28,Romania,Paid Ads,SMB,85,False
3351,2024-11-10,Gabon,Social Media,SMB,79,True
3352,2024-05-24,Eritrea,Organic Search,SMB,82,True
3353,2024-08-23,Dominica,Partner,SMB,96,True
3354,2024-12-17,Estonia,Partner,SMB,63,True
3355,2024-12-11,Madagascar,Partner,Mid Market,23,True
3356,2024-10-04,Norfolk Island,Partner,SMB,65,True
3357,2024-08-01,United States Minor Outlying Islands,Organic Search,SMB,58,False
3358,2024-11-21,Niue,Organic Search,SMB,65,True
3359,2024-01-19,Panama,Paid Ads,Mid Market,51,True
3360,2024-03-30,Mozambique,Organic Search,SMB,36,True
3361,2024-03-15,Cook Islands,Social Media,SMB,55,False
3362,2024-06-25,British Indian Ocean Territory (Chagos Archipelago),Social Media,Mid Market,51,True
3363,2024-09-25,Isle of Man,Paid Ads,SMB,29,True
3364,2024-06-16,Ethiopia,Partner,SMB,97,True
3365,2024-11-22,Morocco,Organic Search,SMB,30,True
3366,2024-06-21,Tuvalu,Partner,SMB,22,False
3367,2024-04-04,Isle of Man,Partner,Mid Market,30,True
3368,2024-08-09,Cuba,Organic Search,Mid Market,93,True
3369,2024-05-13,Malta,Partner,Mid Market,89,True
3370,2024-05-04,Tunisia,Organic Search,SMB,80,True
3371,2024-04-20,Iraq,Social Media,SMB,43,True
3372,2024-05-21,Mexico,Paid Ads,Mid Market,97,True
3373,2024-07-23,Sweden,Referral,Mid Market,54,False
3374,2024-01-03,Armenia,Social Media,SMB,73,True
3375,2024-12-02,Estonia,Referral,SMB,79,True
3376,2024-11-02,Algeria,Partner,SMB,48,False
3377,2024-01-10,Estonia,Partner,SMB,98,True
3378,2024-05-27,British Virgin Islands,Paid Ads,Mid Market,95,True
3379,2024-08-03,New Zealand,Paid Ads,SMB,69,False
3380,2024-08-31,Tuvalu,Paid Ads,SMB,63,False
3381,2024-06-12,Libyan Arab Jamahiriya,Partner,Mid Market,39,True
3382,2024-08-24,Falkland Islands (Malvinas),Social Media,SMB,41,True
3383,2024-12-10,Costa Rica,Social Media,SMB,24,True
3384,2024-12-04,British Indian Ocean Territory (Chagos Archipelago),Paid Ads,Enterprise,100,True
3385,2024-09-06,Vanuatu,Paid Ads,Enterprise,30,False
3386,2024-04-16,Uzbekistan,Paid Ads,SMB,57,True
3387,2024-06-10,Greece,Social Media,Mid Market,23,True
3388,2024-03-20,Guinea-Bissau,Paid Ads,SMB,99,True
3389,2024-06-29,Macao,Paid Ads,SMB,22,True
3390,2024-05-25,China,Paid Ads,Mid Market,50,False
3391,2024-07-11,Armenia,Paid Ads,SMB,97,True
3392,2024-03-04,Guernsey,Organic Search,SMB,47,False
3393,2024-02-26,Mauritania,Paid Ads,SMB,40,True
3394,2024-07-24,United States Minor Outlying Islands,Paid Ads,SMB,47,False
3395,2024-08-02,United Kingdom,Paid Ads,SMB,66,True
3396,2024-11-18,Macao,Organic Search,Mid Market,60,True
3397,2024-09-14,Central African Republic,Paid Ads,SMB,48,True
3398,2024-07-25,Nicaragua,Social Media,Mid Market,56,True
3399,2024-08-18,Gambia,Referral,Enterprise,42,True
3400,2024-07-23,Faroe Islands,Partner,SMB,62,True
3401,2024-08-25,Micronesia,Referral,Mid Market,32,True
3402,2024-07-15,Mongolia,Paid Ads,Mid Market,73,True
3403,2024-07-29,Namibia,Referral,Mid Market,99,True
3404,2024-04-24,Netherlands,Referral,Mid Market,84,True
3405,2024-02-11,Guam,Paid Ads,SMB,72,True
3406,2024-01-12,Saint Pierre and Miquelon,Partner,Mid Market,41,True
3407,2024-10-18,Latvia,Social Media,Mid Market,67,True
3408,2024-01-12,Vietnam,Paid Ads,Mid Market,69,True
3409,2024-10-09,Saint Vincent and the Grenadines,Paid Ads,Mid Market,40,True
3410,2024-08-22,British Indian Ocean Territory (Chagos Archipelago),Partner,Mid Market,50,True
3411,2024-03-30,Thailand,Social Media,Enterprise,45,True
3412,2024-06-14,Guernsey,Referral,SMB,23,True
3413,2024-04-15,Cayman Islands,Paid Ads,SMB,51,True
3414,2024-12-16,Zimbabwe,Paid Ads,SMB,50,True
3415,2024-03-31,Trinidad and Tobago,Social Media,SMB,34,False
3416,2024-11-05,Ireland,Partner,Mid Market,40,True
3417,2024-05-05,Pakistan,Social Media,Mid Market,28,False
3418,2024-01-04,Germany,Organic Search,Mid Market,72,True
3419,2024-09-23,Canada,Social Media,Mid Market,29,True
3420,2024-08-01,Italy,Partner,Mid Market,88,True
3421,2024-03-02,Afghanistan,Paid Ads,Mid Market,88,True
3422,2024-12-31,Panama,Organic Search,SMB,27,False
3423,2024-05-29,Comoros,Social Media,Mid Market,25,False
3424,2024-07-05,Belarus,Social Media,Mid Market,85,True
3425,2024-11-18,Cuba,Social Media,SMB,35,True
3426,2024-02-23,Serbia,Referral,Mid Market,94,True
3427,2024-02-27,Anguilla,Referral,SMB,63,True
3428,2024-03-13,Martinique,Referral,Mid Market,46,True
3429,2024-05-15,Taiwan,Organic Search,SMB,29,True
3430,2024-08-22,Grenada,Social Media,Mid Market,53,True
3431,2024-06-24,Micronesia,Partner,Mid Market,62,True
3432,2024-08-18,Ireland,Partner,SMB,96,True
3433,2024-01-19,Uganda,Referral,SMB,56,True
3434,2024-01-14,Montserrat,Referral,Mid Market,92,True
3435,2024-07-04,Mauritania,Partner,SMB,40,False
3436,2024-10-17,Yemen,Partner,SMB,76,True
3437,2024-12-10,French Guiana,Partner,SMB,36,False
3438,2024-03-16,New Caledonia,Paid Ads,SMB,69,True
3439,2024-05-11,Albania,Referral,SMB,47,True
3440,2024-10-25,Cape Verde,Partner,SMB,21,False
3441,2024-05-12,Iceland,Partner,Mid Market,86,True
3442,2024-07-26,Norfolk Island,Social Media,Mid Market,41,True
3443,2024-06-25,American Samoa,Referral,SMB,84,True
3444,2024-06-09,Chad,Paid Ads,SMB,82,True
3445,2024-11-27,Yemen,Referral,Mid Market,81,True
3446,2024-03-30,Nepal,Social Media,Mid Market,21,True
3447,2024-12-08,France,Organic Search,SMB,59,True
3448,2024-04-15,Ethiopia,Referral,SMB,97,True
3449,2024-03-02,British Virgin Islands,Referral,SMB,78,False
3450,2024-10-18,Yemen,Organic Search,Mid Market,87,True
3451,2024-04-26,Papua New Guinea,Referral,SMB,24,True
3452,2024-07-23,Cameroon,Organic Search,Enterprise,84,False
3453,2024-02-04,French Polynesia,Partner,SMB,88,True
3454,2024-10-02,Liechtenstein,Organic Search,Enterprise,27,True
3455,2024-08-16,Nauru,Paid Ads,SMB,51,True
3456,2024-05-11,Brazil,Referral,Mid Market,51,True
3457,2024-04-26,Guatemala,Social Media,SMB,97,True
3458,2024-05-16,Morocco,Paid Ads,SMB,44,False
3459,2024-02-02,Falkland Islands (Malvinas),Referral,SMB,27,True
3460,2024-04-16,Seychelles,Referral,SMB,94,True
3461,2024-09-01,Morocco,Social Media,SMB,26,True
3462,2024-06-12,Martinique,Organic Search,SMB,34,False
3463,2024-08-14,Ecuador,Organic Search,SMB,32,True
3464,2024-10-04,Tonga,Paid Ads,SMB,82,True
3465,2024-06-02,Taiwan,Paid Ads,SMB,75,True
3466,2024-02-27,Mayotte,Social Media,Mid Market,44,True
3467,2024-10-28,Algeria,Paid Ads,Mid Market,20,False
3468,2024-05-08,Bouvet Island (Bouvetoya),Social Media,Mid Market,83,True
3469,2024-11-19,Austria,Referral,SMB,81,True
3470,2024-09-20,Poland,Partner,Enterprise,58,True
3471,2024-05-15,Hungary,Paid Ads,SMB,55,True
3472,2024-12-13,Saint Helena,Paid Ads,SMB,100,True
3473,2024-08-13,Palau,Organic Search,Enterprise,43,True
3474,2024-09-06,Sweden,Organic Search,SMB,85,False
3475,2024-08-28,Cayman Islands,Social Media,SMB,28,True
3476,2024-08-09,Latvia,Partner,SMB,76,True
3477,2024-06-24,Guam,Paid Ads,Mid Market,44,True
3478,2024-02-25,Bouvet Island (Bouvetoya),Referral,SMB,84,True
3479,2024-06-05,Malta,Partner,Mid Market,80,True
3480,2024-02-22,Argentina,Partner,Enterprise,46,True
3481,2024-10-19,Lithuania,Referral,SMB,44,True
3482,2024-07-21,Ethiopia,Referral,Mid Market,98,True
3483,2024-12-05,Mauritius,Referral,SMB,86,True
3484,2024-08-30,Lebanon,Paid Ads,Mid Market,54,True
3485,2024-04-27,Niue,Partner,SMB,58,False
3486,2024-07-08,Belgium,Referral,SMB,65,True
3487,2024-06-10,Paraguay,Social Media,SMB,92,True
3488,2024-07-20,Bhutan,Social Media,SMB,71,True
3489,2024-01-29,French Guiana,Social Media,SMB,37,True
3490,2024-08-21,Jamaica,Partner,SMB,45,True
3491,2024-04-16,Lao People's Democratic Republic,Partner,SMB,67,True
3492,2024-01-13,British Virgin Islands,Partner,SMB,68,True
3493,2024-06-15,Honduras,Paid Ads,SMB,45,True
3494,2024-04-20,Falkland Islands (Malvinas),Paid Ads,SMB,55,True
3495,2024-02-24,Spain,Organic Search,SMB,61,True
3496,2024-09-02,Egypt,Paid Ads,SMB,25,False
3497,2024-12-03,Colombia,Social Media,Mid Market,82,True
3498,2024-05-07,Saudi Arabia,Partner,Enterprise,95,True
3499,2024-07-11,Indonesia,Organic Search,SMB,63,True
3500,2024-05-21,Grenada,Paid Ads,SMB,56,False
3501,2024-02-26,Sao Tome and Principe,Social Media,SMB,29,True
3502,2024-06-15,Philippines,Social Media,Mid Market,39,True
3503,2024-10-28,Luxembourg,Partner,SMB,91,True
3504,2024-02-15,Palestinian Territory,Social Media,SMB,93,True
3505,2024-10-06,Korea,Partner,SMB,57,False
3506,2024-12-19,Bangladesh,Organic Search,SMB,28,False
3507,2024-12-24,Dominica,Partner,Enterprise,66,True
3508,2024-08-16,Yemen,Referral,SMB,79,True
3509,2024-04-26,Iceland,Social Media,SMB,45,True
3510,2024-12-12,Lebanon,Partner,SMB,22,False
3511,2024-03-12,India,Organic Search,Mid Market,74,True
3512,2024-07-21,United States Virgin Islands,Social Media,Mid Market,87,False
3513,2024-01-31,Panama,Paid Ads,SMB,92,True
3514,2024-08-11,Slovenia,Organic Search,Enterprise,61,True
3515,2024-10-02,Sierra Leone,Social Media,SMB,62,True
3516,2024-11-20,Tajikistan,Organic Search,Mid Market,92,True
3517,2024-02-17,Solomon Islands,Paid Ads,Mid Market,88,True
3518,2024-03-22,Pitcairn Islands,Paid Ads,Mid Market,31,True
3519,2024-10-20,Peru,Social Media,Mid Market,44,False
3520,2024-02-07,Bangladesh,Social Media,Mid Market,79,False
3521,2024-08-19,Macao,Referral,Mid Market,29,False
3522,2024-04-03,Guadeloupe,Paid Ads,SMB,87,True
3523,2024-12-20,San Marino,Social Media,Mid Market,71,True
3524,2024-10-21,Russian Federation,Partner,SMB,69,True
3525,2024-01-10,Portugal,Organic Search,SMB,74,True
3526,2024-03-18,Faroe Islands,Partner,Mid Market,94,False
3527,2024-12-11,Svalbard & Jan Mayen Islands,Partner,SMB,45,False
3528,2024-10-21,Croatia,Partner,Mid Market,93,True
3529,2024-03-19,British Indian Ocean Territory (Chagos Archipelago),Referral,Mid Market,46,True
3530,2024-06-06,Mozambique,Referral,SMB,88,True
3531,2024-11-04,Nepal,Organic Search,Mid Market,89,True
3532,2024-06-27,Suriname,Organic Search,SMB,60,True
3533,2024-04-27,Dominica,Referral,SMB,40,True
3534,2024-08-05,Russian Federation,Partner,SMB,47,False
3535,2024-06-30,Brunei Darussalam,Organic Search,SMB,76,True
3536,2024-03-04,Tokelau,Social Media,SMB,46,True
3537,2024-07-13,Antigua and Barbuda,Organic Search,SMB,71,True
3538,2024-04-11,Iraq,Referral,Mid Market,95,True
3539,2024-03-04,Malaysia,Organic Search,Enterprise,84,True
3540,2024-10-23,New Zealand,Paid Ads,SMB,46,False
3541,2024-03-02,Namibia,Social Media,Mid Market,65,True
3542,2024-06-11,Chile,Social Media,SMB,31,False
3543,2024-09-16,Thailand,Partner,SMB,85,True
3544,2024-02-27,Isle of Man,Social Media,SMB,68,False
3545,2024-08-03,Andorra,Social Media,Enterprise,32,True
3546,2024-06-30,Guernsey,Partner,Enterprise,28,False
3547,2024-08-10,Belgium,Partner,SMB,30,False
3548,2024-11-29,United Arab Emirates,Social Media,Mid Market,22,False
3549,2024-05-20,Rwanda,Partner,SMB,51,False
3550,2024-03-31,Andorra,Paid Ads,SMB,86,True
3551,2024-03-20,Jersey,Referral,Mid Market,24,False
3552,2024-02-01,Sweden,Paid Ads,Mid Market,57,True
3553,2024-07-09,Bouvet Island (Bouvetoya),Paid Ads,SMB,40,False
3554,2024-08-02,Mauritius,Referral,SMB,86,True
3555,2024-03-18,Cuba,Referral,SMB,34,True
3556,2024-03-24,Barbados,Organic Search,SMB,59,True
3557,2024-07-25,South Africa,Partner,Enterprise,53,True
3558,2024-11-14,Mauritania,Partner,SMB,23,False
3559,2024-06-18,San Marino,Organic Search,Mid Market,24,True
3560,2024-03-14,Latvia,Social Media,SMB,68,True
3561,2024-11-02,Mauritania,Paid Ads,SMB,32,False
3562,2024-01-08,United States Minor Outlying Islands,Partner,Mid Market,31,True
3563,2024-08-02,Cook Islands,Organic Search,SMB,80,True
3564,2024-08-25,Spain,Social Media,Mid Market,88,True
3565,2024-08-13,Guadeloupe,Referral,Mid Market,20,True
3566,2024-06-08,Namibia,Social Media,SMB,52,True
3567,2024-03-06,Cote d'Ivoire,Partner,Mid Market,66,True
3568,2024-11-10,North Macedonia,Organic Search,SMB,93,True
3569,2024-04-10,Poland,Referral,SMB,36,True
3570,2024-03-14,Netherlands,Referral,Mid Market,32,False
3571,2024-07-25,Jamaica,Partner,Mid Market,33,False
3572,2024-05-07,Guernsey,Referral,SMB,58,False
3573,2024-06-17,Kenya,Social Media,Mid Market,86,True
3574,2024-09-21,Bosnia and Herzegovina,Paid Ads,Enterprise,54,True
3575,2024-03-08,Belgium,Partner,SMB,38,True
3576,2024-10-23,Moldova,Organic Search,Mid Market,69,True
3577,2024-11-19,Timor-Leste,Organic Search,Mid Market,43,True
3578,2024-01-08,Canada,Referral,Mid Market,50,False
3579,2024-03-23,Haiti,Social Media,SMB,93,True
3580,2024-09-03,Iran,Social Media,Mid Market,44,True
3581,2024-11-17,United Arab Emirates,Paid Ads,SMB,47,True
3582,2024-08-20,Netherlands,Paid Ads,SMB,76,True
3583,2024-03-01,Liberia,Partner,Mid Market,85,True
3584,2024-06-21,Cook Islands,Partner,Enterprise,43,False
3585,2024-05-10,Mauritius,Partner,Mid Market,82,True
3586,2024-10-08,Timor-Leste,Social Media,Mid Market,63,True
3587,2024-09-22,Chad,Partner,SMB,66,True
3588,2024-08-06,Portugal,Organic Search,Enterprise,36,True
3589,2024-02-18,Belgium,Referral,Enterprise,34,False
3590,2024-03-02,Ireland,Paid Ads,Mid Market,36,True
3591,2024-06-26,Comoros,Partner,SMB,90,True
3592,2024-02-12,Cook Islands,Paid Ads,SMB,85,True
3593,2024-04-09,Palau,Referral,Mid Market,48,True
3594,2024-01-09,French Polynesia,Referral,Mid Market,65,True
3595,2024-09-26,France,Paid Ads,Mid Market,92,True
3596,2024-09-28,Guatemala,Paid Ads,SMB,88,True
3597,2024-07-04,Svalbard & Jan Mayen Islands,Paid Ads,SMB,87,True
3598,2024-03-26,Bosnia and Herzegovina,Partner,SMB,41,True
3599,2024-11-21,Oman,Paid Ads,SMB,39,True
3600,2024-10-03,United States of America,Paid Ads,SMB,45,True
3601,2024-05-22,Hong Kong,Organic Search,Enterprise,71,False
3602,2024-05-31,United Kingdom,Social Media,Enterprise,73,True
3603,2024-08-31,Switzerland,Social Media,SMB,58,False
3604,2024-01-01,Tanzania,Organic Search,SMB,91,True
3605,2024-12-08,United States of America,Partner,SMB,98,True
3606,2024-10-31,San Marino,Organic Search,SMB,72,True
3607,2024-03-12,Netherlands,Referral,SMB,40,False
3608,2024-05-04,Svalbard & Jan Mayen Islands,Social Media,Mid Market,73,True
3609,2024-07-19,Panama,Paid Ads,SMB,64,True
3610,2024-02-06,Israel,Referral,Enterprise,55,True
3611,2024-03-12,Saint Pierre and Miquelon,Social Media,SMB,94,False
3612,2024-12-10,Honduras,Referral,SMB,38,True
3613,2024-12-10,Italy,Partner,Mid Market,21,True
3614,2024-11-22,Turkmenistan,Organic Search,SMB,87,True
3615,2024-02-22,Ireland,Paid Ads,SMB,76,True
3616,2024-06-01,Sierra Leone,Organic Search,SMB,98,True
3617,2024-08-20,United States of America,Referral,SMB,63,True
3618,2024-05-19,Kyrgyz Republic,Organic Search,SMB,52,True
3619,2024-02-27,Saint Vincent and the Grenadines,Social Media,SMB,41,True
3620,2024-12-29,Slovenia,Social Media,Mid Market,48,True
3621,2024-09-24,Azerbaijan,Organic Search,SMB,97,True
3622,2024-11-02,Senegal,Partner,SMB,83,True
3623,2024-12-25,Saint Pierre and Miquelon,Social Media,SMB,33,False
3624,2024-05-23,Falkland Islands (Malvinas),Partner,Enterprise,85,False
3625,2024-06-17,Hong Kong,Social Media,Mid Market,52,True
3626,2024-07-01,Lesotho,Organic Search,SMB,82,True
3627,2024-05-04,Korea,Paid Ads,SMB,95,True
3628,2024-08-10,Norfolk Island,Partner,SMB,82,True
3629,2024-10-14,Saint Pierre and Miquelon,Paid Ads,Mid Market,68,True
3630,2024-11-06,Saint Pierre and Miquelon,Paid Ads,Mid Market,68,True
3631,2024-01-22,Barbados,Paid Ads,SMB,32,False
3632,2024-10-21,Syrian Arab Republic,Organic Search,SMB,50,True
3633,2024-07-03,Iraq,Paid Ads,Mid Market,97,True
3634,2024-08-03,Dominica,Social Media,Mid Market,25,True
3635,2024-06-26,Falkland Islands (Malvinas),Social Media,Mid Market,93,True
3636,2024-09-24,Uzbekistan,Organic Search,Enterprise,100,True
3637,2024-08-09,Sri Lanka,Organic Search,SMB,43,True
3638,2024-01-13,Mexico,Partner,SMB,72,True
3639,2024-01-15,Pitcairn Islands,Social Media,Mid Market,52,True
3640,2024-07-02,Faroe Islands,Partner,SMB,51,True
3641,2024-05-21,French Guiana,Social Media,Mid Market,61,True
3642,2024-08-22,Honduras,Partner,Mid Market,40,False
3643,2024-04-17,Swaziland,Paid Ads,Mid Market,90,True
3644,2024-11-27,Cambodia,Partner,Mid Market,64,True
3645,2024-03-29,South Africa,Social Media,Mid Market,62,True
3646,2024-06-29,Cape Verde,Paid Ads,SMB,49,False
3647,2024-06-11,Iran,Partner,SMB,31,False
3648,2024-11-23,Tajikistan,Social Media,SMB,83,True
3649,2024-11-23,Netherlands Antilles,Referral,Mid Market,45,True
3650,2024-05-15,Lesotho,Social Media,SMB,76,True
3651,2024-07-04,Senegal,Referral,Enterprise,61,True
3652,2024-01-09,Suriname,Organic Search,SMB,59,True
3653,2024-09-16,Afghanistan,Paid Ads,SMB,91,True
3654,2024-10-02,Mali,Referral,SMB,29,True
3655,2024-04-11,Puerto Rico,Organic Search,SMB,96,False
3656,2024-12-05,Paraguay,Social Media,Mid Market,38,True
3657,2024-06-23,Kyrgyz Republic,Paid Ads,SMB,37,True
3658,2024-07-16,Marshall Islands,Organic Search,Mid Market,57,True
3659,2024-11-10,Philippines,Paid Ads,Enterprise,61,True
3660,2024-04-25,Greece,Social Media,Mid Market,51,True
3661,2024-10-07,Saudi Arabia,Referral,Mid Market,55,True
3662,2024-01-14,Botswana,Social Media,SMB,48,True
3663,2024-05-05,Tanzania,Referral,SMB,47,True
3664,2024-03-15,Greece,Organic Search,SMB,22,True
3665,2024-11-09,Guatemala,Social Media,Mid Market,73,True
3666,2024-10-11,Mauritania,Paid Ads,Enterprise,44,True
3667,2024-07-30,Cape Verde,Referral,Mid Market,94,True
3668,2024-07-23,Uruguay,Paid Ads,Mid Market,69,True
3669,2024-05-13,Switzerland,Partner,Mid Market,53,False
3670,2024-08-08,Cook Islands,Partner,SMB,50,False
3671,2024-06-12,Myanmar,Paid Ads,SMB,37,False
3672,2024-06-13,Suriname,Referral,Mid Market,94,True
3673,2024-03-06,Tokelau,Organic Search,Enterprise,84,True
3674,2024-12-28,Slovakia (Slovak Republic),Social Media,SMB,33,False
3675,2024-11-05,Cameroon,Referral,Mid Market,90,True
3676,2024-04-24,Georgia,Social Media,SMB,26,True
3677,2024-08-23,Netherlands,Paid Ads,SMB,95,True
3678,2024-08-11,Belgium,Organic Search,Enterprise,41,True
3679,2024-01-12,Cyprus,Paid Ads,SMB,27,True
3680,2024-06-26,Latvia,Social Media,Mid Market,38,False
3681,2024-02-02,Cayman Islands,Partner,SMB,55,True
3682,2024-10-18,Malawi,Partner,Enterprise,23,False
3683,2024-12-31,Canada,Paid Ads,SMB,37,False
3684,2024-07-21,Solomon Islands,Referral,Mid Market,59,True
3685,2024-10-02,Korea,Partner,SMB,92,True
3686,2024-09-17,Uruguay,Social Media,SMB,89,True
3687,2024-12-14,Cambodia,Paid Ads,SMB,20,False
3688,2024-11-08,Brazil,Organic Search,Mid Market,65,False
3689,2024-10-27,Monaco,Organic Search,Mid Market,29,True
3690,2024-11-10,Saint Helena,Organic Search,SMB,40,True
3691,2024-04-09,Samoa,Referral,Enterprise,42,True
3692,2024-04-02,Mauritania,Organic Search,Mid Market,83,True
3693,2024-03-02,Kazakhstan,Partner,SMB,71,True
3694,2024-10-20,India,Social Media,Mid Market,68,True
3695,2024-12-22,Switzerland,Social Media,SMB,63,True
3696,2024-04-03,Tunisia,Organic Search,SMB,42,True
3697,2024-12-28,Saint Martin,Social Media,Mid Market,83,True
3698,2024-02-16,Christmas Island,Referral,SMB,45,True
3699,2024-04-26,Nepal,Partner,Enterprise,30,True
3700,2024-06-22,Paraguay,Social Media,Mid Market,87,True
3701,2024-05-11,Qatar,Organic Search,Mid Market,27,False
3702,2024-10-12,Slovenia,Organic Search,Mid Market,32,False
3703,2024-03-27,Netherlands Antilles,Organic Search,Enterprise,87,True
3704,2024-01-07,Chad,Organic Search,SMB,59,False
3705,2024-01-15,Trinidad and Tobago,Paid Ads,SMB,28,True
3706,2024-03-29,Portugal,Referral,Mid Market,83,False
3707,2024-04-03,Benin,Paid Ads,SMB,64,True
3708,2024-02-19,Angola,Referral,SMB,93,True
3709,2024-03-31,Liberia,Social Media,Mid Market,42,True
3710,2024-09-16,United States of America,Referral,Mid Market,76,True
3711,2024-01-16,Fiji,Paid Ads,SMB,88,True
3712,2024-03-02,Hungary,Partner,Enterprise,33,False
3713,2024-06-27,Comoros,Referral,SMB,41,False
3714,2024-02-21,Tuvalu,Social Media,SMB,39,True
3715,2024-11-09,Morocco,Partner,Enterprise,90,True
3716,2024-07-18,Pitcairn Islands,Social Media,Enterprise,90,True
3717,2024-02-03,Indonesia,Partner,SMB,38,True
3718,2024-05-02,Mauritania,Social Media,SMB,71,True
3719,2024-01-22,Mozambique,Partner,SMB,81,True
3720,2024-12-03,Rwanda,Paid Ads,SMB,86,True
3721,2024-02-16,Falkland Islands (Malvinas),Partner,Enterprise,92,True
3722,2024-10-21,Belize,Paid Ads,SMB,89,True
3723,2024-11-25,Sudan,Referral,SMB,37,True
3724,2024-08-17,Jamaica,Referral,SMB,100,True
3725,2024-08-06,Belgium,Social Media,SMB,30,False
3726,2024-09-08,Uzbekistan,Organic Search,SMB,61,False
3727,2024-10-14,Sweden,Social Media,Mid Market,59,True
3728,2024-09-11,Tajikistan,Partner,Mid Market,27,True
3729,2024-09-27,Croatia,Organic Search,SMB,31,True
3730,2024-06-06,Singapore,Paid Ads,Mid Market,93,True
3731,2024-10-04,Dominican Republic,Referral,Mid Market,26,True
3732,2024-09-30,Burundi,Organic Search,SMB,58,False
3733,2024-07-16,Argentina,Referral,SMB,88,True
3734,2024-01-27,South Georgia and the South Sandwich Islands,Social Media,Mid Market,87,True
3735,2024-04-01,Greece,Paid Ads,SMB,25,True
3736,2024-04-19,United Kingdom,Organic Search,SMB,43,True
3737,2024-04-23,Senegal,Partner,SMB,46,True
3738,2024-09-10,Eritrea,Referral,SMB,98,True
3739,2024-01-08,British Virgin Islands,Organic Search,Enterprise,46,True
3740,2024-12-18,Lebanon,Organic Search,Enterprise,20,False
3741,2024-05-03,Slovenia,Partner,Enterprise,69,True
3742,2024-04-26,Saudi Arabia,Partner,Enterprise,71,True
3743,2024-01-23,Indonesia,Referral,SMB,51,False
3744,2024-11-14,Malta,Partner,Mid Market,74,True
3745,2024-12-14,Croatia,Paid Ads,Mid Market,100,True
3746,2024-06-07,Macao,Referral,Enterprise,54,True
3747,2024-07-28,Moldova,Organic Search,SMB,72,True
3748,2024-07-12,Turks and Caicos Islands,Partner,Mid Market,44,True
3749,2024-09-06,Austria,Partner,Mid Market,100,True
3750,2024-12-20,Brunei Darussalam,Social Media,SMB,77,False
3751,2024-03-06,Tokelau,Referral,SMB,34,True
3752,2024-02-29,South Africa,Referral,Enterprise,82,False
3753,2024-02-04,Honduras,Referral,SMB,41,True
3754,2024-05-11,Antarctica (the territory South of 60 deg S),Social Media,SMB,56,True
3755,2024-05-25,Timor-Leste,Paid Ads,SMB,35,True
3756,2024-07-21,Svalbard & Jan Mayen Islands,Referral,Enterprise,91,True
3757,2024-09-11,Kazakhstan,Referral,SMB,24,True
3758,2024-08-28,Chad,Social Media,SMB,49,False
3759,2024-01-20,Jamaica,Social Media,SMB,28,True
3760,2024-05-03,Barbados,Social Media,Mid Market,76,False
3761,2024-03-14,Sri Lanka,Social Media,SMB,25,False
3762,2024-12-05,Palestinian Territory,Paid Ads,Mid Market,44,False
3763,2024-04-17,Azerbaijan,Partner,SMB,21,True
3764,2024-03-19,Antigua and Barbuda,Partner,Mid Market,52,False
3765,2024-03-30,Togo,Partner,SMB,27,False
3766,2024-07-19,Saint Helena,Social Media,SMB,57,True
3767,2024-09-15,Timor-Leste,Organic Search,SMB,100,True
3768,2024-04-09,Serbia,Partner,Mid Market,76,True
3769,2024-01-13,Mauritius,Social Media,SMB,51,True
3770,2024-11-04,Mauritania,Paid Ads,SMB,40,True
3771,2024-03-14,Saint Barthelemy,Paid Ads,Enterprise,27,False
3772,2024-02-27,Kyrgyz Republic,Organic Search,SMB,88,True
3773,2024-01-09,Dominican Republic,Paid Ads,Mid Market,61,False
3774,2024-07-08,Chad,Organic Search,SMB,33,True
3775,2024-12-16,Slovenia,Referral,SMB,20,True
3776,2024-10-15,Palau,Organic Search,Mid Market,92,True
3777,2024-03-02,Luxembourg,Referral,Mid Market,24,True
3778,2024-10-15,Kiribati,Paid Ads,SMB,80,True
3779,2024-10-19,Ecuador,Social Media,SMB,98,True
3780,2024-07-17,South Africa,Social Media,Enterprise,50,True
3781,2024-12-15,Reunion,Social Media,Mid Market,64,True
3782,2024-11-21,Fiji,Social Media,SMB,39,False
3783,2024-08-20,Libyan Arab Jamahiriya,Paid Ads,Mid Market,48,True
3784,2024-03-14,Saint Kitts and Nevis,Partner,Mid Market,42,True
3785,2024-07-17,Cameroon,Partner,Mid Market,67,True
3786,2024-01-11,Dominica,Social Media,Mid Market,38,True
3787,2024-01-22,Bahrain,Social Media,SMB,89,True
3788,2024-04-26,Turks and Caicos Islands,Social Media,SMB,100,True
3789,2024-06-29,Bahrain,Referral,Enterprise,73,True
3790,2024-08-01,Madagascar,Social Media,Mid Market,76,True
3791,2024-07-17,Saint Pierre and Miquelon,Social Media,SMB,61,True
3792,2024-12-06,Belize,Social Media,SMB,87,True
3793,2024-04-15,Tajikistan,Referral,SMB,44,False
3794,2024-10-18,Isle of Man,Referral,Enterprise,99,True
3795,2024-07-05,Kiribati,Social Media,SMB,72,True
3796,2024-07-10,Bosnia and Herzegovina,Partner,SMB,38,True
3797,2024-08-28,Moldova,Organic Search,SMB,77,True
3798,2024-06-02,Czech Republic,Paid Ads,SMB,45,False
3799,2024-04-21,Hungary,Partner,SMB,40,True
3800,2024-12-03,Mexico,Social Media,Enterprise,75,True
3801,2024-04-02,Montserrat,Social Media,SMB,46,True
3802,2024-07-16,Lebanon,Paid Ads,Mid Market,54,True
3803,2024-12-14,Cyprus,Paid Ads,Mid Market,71,True
3804,2024-10-21,Malta,Referral,SMB,60,False
3805,2024-08-27,Iceland,Referral,Mid Market,36,True
3806,2024-09-06,Chad,Partner,Mid Market,98,True
3807,2024-09-28,Gambia,Organic Search,Mid Market,28,False
3808,2024-02-13,Mozambique,Organic Search,SMB,26,True
3809,2024-06-18,Lithuania,Organic Search,SMB,65,True
3810,2024-04-13,Cape Verde,Referral,Enterprise,59,True
3811,2024-02-03,Mauritius,Partner,Mid Market,60,True
3812,2024-10-25,Lebanon,Social Media,SMB,42,True
3813,2024-05-28,Cyprus,Partner,SMB,91,True
3814,2024-03-22,Philippines,Referral,SMB,35,False
3815,2024-09-29,Gibraltar,Paid Ads,SMB,91,True
3816,2024-10-09,Libyan Arab Jamahiriya,Social Media,Mid Market,55,True
3817,2024-12-19,Bouvet Island (Bouvetoya),Referral,Enterprise,38,True
3818,2024-08-15,Tuvalu,Organic Search,Mid Market,37,True
3819,2024-07-14,Somalia,Social Media,SMB,41,True
3820,2024-01-11,Saint Kitts and Nevis,Paid Ads,Mid Market,66,True
3821,2024-08-13,Benin,Paid Ads,SMB,77,True
3822,2024-01-11,Nepal,Social Media,Enterprise,92,True
3823,2024-06-25,French Southern Territories,Partner,Enterprise,67,False
3824,2024-02-05,Tokelau,Referral,SMB,58,False
3825,2024-12-12,Armenia,Social Media,Enterprise,34,True
3826,2024-12-08,Eritrea,Referral,Enterprise,61,False
3827,2024-05-29,New Zealand,Organic Search,SMB,83,False
3828,2024-01-09,Saint Kitts and Nevis,Paid Ads,Mid Market,73,True
3829,2024-03-27,Armenia,Partner,Mid Market,44,True
3830,2024-09-19,Panama,Partner,Enterprise,23,True
3831,2024-09-07,Western Sahara,Partner,Enterprise,26,True
3832,2024-11-28,Belize,Referral,Mid Market,53,True
3833,2024-08-17,Belarus,Social Media,SMB,54,True
3834,2024-12-02,French Southern Territories,Social Media,Mid Market,62,True
3835,2024-10-09,Uzbekistan,Organic Search,SMB,99,True
3836,2024-01-06,Antigua and Barbuda,Paid Ads,SMB,68,True
3837,2024-04-12,Micronesia,Social Media,SMB,24,True
3838,2024-12-21,Guinea-Bissau,Partner,Mid Market,62,True
3839,2024-07-06,Saint Martin,Paid Ads,Mid Market,74,True
3840,2024-07-27,Senegal,Partner,SMB,64,True
3841,2024-05-13,France,Paid Ads,SMB,56,True
3842,2024-05-16,Nicaragua,Organic Search,Enterprise,30,False
3843,2024-12-07,Cambodia,Partner,Mid Market,34,True
3844,2024-01-12,Liberia,Referral,Mid Market,33,False
3845,2024-05-04,Norfolk Island,Organic Search,SMB,28,False
3846,2024-03-19,Northern Mariana Islands,Paid Ads,Mid Market,31,True
3847,2024-02-08,Dominican Republic,Organic Search,Mid Market,63,True
3848,2024-11-12,Western Sahara,Organic Search,SMB,100,True
3849,2024-08-23,Northern Mariana Islands,Partner,Mid Market,33,True
3850,2024-11-09,Dominican Republic,Organic Search,SMB,37,True
3851,2024-04-12,Cambodia,Organic Search,SMB,31,False
3852,2024-01-02,Reunion,Social Media,Mid Market,49,True
3853,2024-04-17,Guyana,Organic Search,Mid Market,69,True
3854,2024-06-13,Syrian Arab Republic,Paid Ads,SMB,45,False
3855,2024-12-28,Martinique,Social Media,Mid Market,43,True
3856,2024-08-28,Malawi,Partner,Mid Market,95,True
3857,2024-02-01,Syrian Arab Republic,Social Media,SMB,20,False
3858,2024-02-10,Saint Lucia,Referral,Enterprise,53,True
3859,2024-03-14,United States Minor Outlying Islands,Paid Ads,SMB,44,False
3860,2024-12-24,Saint Helena,Organic Search,Mid Market,29,True
3861,2024-04-06,Tonga,Referral,Mid Market,49,True
3862,2024-03-24,Angola,Social Media,Mid Market,95,True
3863,2024-05-31,Bhutan,Paid Ads,SMB,56,True
3864,2024-04-21,Ghana,Social Media,SMB,64,False
3865,2024-05-03,Liechtenstein,Paid Ads,SMB,52,True
3866,2024-05-24,Chad,Referral,SMB,28,True
3867,2024-09-09,Nauru,Partner,Enterprise,27,False
3868,2024-11-13,Slovakia (Slovak Republic),Social Media,SMB,77,True
3869,2024-01-07,Morocco,Organic Search,SMB,66,True
3870,2024-12-23,Pakistan,Paid Ads,Mid Market,28,False
3871,2024-10-18,Central African Republic,Partner,Mid Market,60,True
3872,2024-08-18,Australia,Partner,Mid Market,81,True
3873,2024-07-08,Cote d'Ivoire,Social Media,SMB,82,True
3874,2024-06-09,Mali,Paid Ads,Enterprise,44,True
3875,2024-04-26,Norway,Paid Ads,SMB,65,True
3876,2024-07-28,Somalia,Social Media,Mid Market,61,True
3877,2024-07-25,American Samoa,Social Media,Mid Market,79,True
3878,2024-08-19,Kuwait,Referral,SMB,69,True
3879,2024-08-02,Mongolia,Organic Search,Mid Market,60,True
3880,2024-07-14,Sierra Leone,Referral,SMB,21,True
3881,2024-08-10,Libyan Arab Jamahiriya,Referral,SMB,43,True
3882,2024-04-21,Kenya,Organic Search,SMB,80,True
3883,2024-03-17,Yemen,Partner,SMB,22,True
3884,2024-09-11,Austria,Social Media,SMB,90,True
3885,2024-05-22,Ghana,Referral,SMB,97,True
3886,2024-09-12,Jordan,Social Media,SMB,40,True
3887,2024-09-06,Poland,Organic Search,SMB,33,False
3888,2024-02-04,Jersey,Partner,Mid Market,97,True
3889,2024-05-28,Belize,Referral,SMB,83,True
3890,2024-04-20,Denmark,Social Media,SMB,59,True
3891,2024-11-19,Malta,Referral,SMB,59,True
3892,2024-12-16,Cote d'Ivoire,Paid Ads,SMB,35,True
3893,2024-11-02,Sao Tome and Principe,Referral,SMB,63,True
3894,2024-07-10,Ecuador,Referral,SMB,80,True
3895,2024-02-02,Tokelau,Organic Search,SMB,73,True
3896,2024-05-06,Saint Lucia,Referral,Enterprise,49,False
3897,2024-06-09,Russian Federation,Social Media,Mid Market,91,True
3898,2024-06-23,Turkmenistan,Paid Ads,Mid Market,44,False
3899,2024-03-06,Cyprus,Partner,Mid Market,93,True
3900,2024-04-27,Papua New Guinea,Paid Ads,Mid Market,51,True
3901,2024-09-07,Venezuela,Paid Ads,SMB,22,True
3902,2024-06-09,American Samoa,Paid Ads,Mid Market,69,False
3903,2024-03-16,Philippines,Paid Ads,SMB,87,True
3904,2024-09-08,Reunion,Social Media,Mid Market,54,True
3905,2024-02-04,Czech Republic,Social Media,SMB,44,False
3906,2024-05-21,Western Sahara,Referral,SMB,27,False
3907,2024-08-30,Kyrgyz Republic,Referral,SMB,20,False
3908,2024-06-16,Heard Island and McDonald Islands,Partner,Mid Market,81,True
3909,2024-10-14,Congo,Referral,Mid Market,60,True
3910,2024-09-05,Greenland,Partner,Mid Market,88,True
3911,2024-04-12,Comoros,Referral,Enterprise,96,True
3912,2024-11-05,Eritrea,Organic Search,SMB,27,False
3913,2024-04-09,North Macedonia,Paid Ads,Mid Market,56,True
3914,2024-05-07,Namibia,Social Media,SMB,21,False
3915,2024-06-01,Sudan,Partner,SMB,57,False
3916,2024-01-13,Heard Island and McDonald Islands,Organic Search,Mid Market,73,True
3917,2024-02-10,Brazil,Partner,SMB,38,True
3918,2024-08-16,Antarctica (the territory South of 60 deg S),Social Media,SMB,96,True
3919,2024-08-15,Bermuda,Partner,SMB,55,False
3920,2024-08-21,Saint Lucia,Partner,SMB,97,True
3921,2024-08-20,Syrian Arab Republic,Partner,SMB,36,True
3922,2024-06-14,Pitcairn Islands,Organic Search,SMB,61,True
3923,2024-10-09,Russian Federation,Social Media,SMB,60,True
3924,2024-07-11,Iraq,Paid Ads,SMB,75,False
3925,2024-11-26,Barbados,Partner,SMB,61,True
3926,2024-11-09,Pitcairn Islands,Organic Search,Mid Market,61,True
3927,2024-10-16,Latvia,Paid Ads,SMB,85,True
3928,2024-01-29,New Caledonia,Referral,SMB,28,True
3929,2024-03-12,Botswana,Referral,SMB,40,False
3930,2024-12-31,Serbia,Referral,SMB,66,True
3931,2024-07-01,Suriname,Partner,SMB,63,True
3932,2024-02-05,Guadeloupe,Social Media,SMB,27,False
3933,2024-09-25,Tokelau,Social Media,Mid Market,70,True
3934,2024-12-21,Senegal,Referral,SMB,31,True
3935,2024-04-16,Puerto Rico,Social Media,SMB,53,True
3936,2024-04-26,Liberia,Referral,SMB,91,True
3937,2024-01-13,Senegal,Organic Search,Mid Market,48,True
3938,2024-09-02,Timor-Leste,Organic Search,SMB,49,True
3939,2024-03-19,Guadeloupe,Referral,SMB,61,True
3940,2024-07-17,Lithuania,Social Media,SMB,57,True
3941,2024-09-09,Mali,Organic Search,Mid Market,73,True
3942,2024-10-08,Somalia,Organic Search,SMB,95,True
3943,2024-01-19,Western Sahara,Referral,SMB,82,True
3944,2024-01-04,Pitcairn Islands,Partner,Mid Market,94,True
3945,2024-07-07,Spain,Paid Ads,Mid Market,41,False
3946,2024-07-22,Congo,Referral,SMB,20,False
3947,2024-11-17,Cape Verde,Paid Ads,SMB,91,True
3948,2024-07-10,Brazil,Paid Ads,SMB,45,True
3949,2024-11-07,Mayotte,Partner,SMB,61,True
3950,2024-05-13,Nigeria,Social Media,SMB,56,True
3951,2024-08-19,South Georgia and the South Sandwich Islands,Organic Search,SMB,85,True
3952,2024-07-26,Saint Lucia,Referral,SMB,25,True
3953,2024-07-17,Japan,Organic Search,Mid Market,46,True
3954,2024-04-12,Algeria,Paid Ads,Mid Market,58,True
3955,2024-12-19,Vietnam,Referral,Mid Market,58,False
3956,2024-07-03,India,Social Media,SMB,100,False
3957,2024-04-27,Guinea,Paid Ads,Mid Market,52,False
3958,2024-04-21,Burundi,Paid Ads,SMB,21,True
3959,2024-04-20,Iran,Referral,Mid Market,46,True
3960,2024-09-12,Bosnia and Herzegovina,Social Media,Mid Market,78,True
3961,2024-07-19,El Salvador,Paid Ads,Mid Market,82,True
3962,2024-09-02,Samoa,Paid Ads,SMB,51,True
3963,2024-02-09,New Zealand,Paid Ads,SMB,20,True
3964,2024-01-16,Costa Rica,Paid Ads,SMB,21,True
3965,2024-05-20,Sri Lanka,Organic Search,SMB,68,True
3966,2024-10-17,Zimbabwe,Referral,SMB,67,True
3967,2024-04-20,Ecuador,Referral,Enterprise,67,True
3968,2024-02-08,Nepal,Partner,SMB,22,False
3969,2024-06-01,China,Organic Search,Mid Market,58,True
3970,2024-03-13,Kenya,Partner,SMB,46,False
3971,2024-03-02,Cambodia,Organic Search,Mid Market,80,True
3972,2024-03-30,Bosnia and Herzegovina,Organic Search,SMB,50,False
3973,2024-08-21,Saint Kitts and Nevis,Paid Ads,Mid Market,54,True
3974,2024-05-18,Angola,Organic Search,Mid Market,81,True
3975,2024-02-02,Kenya,Referral,SMB,70,True
3976,2024-12-13,Liberia,Social Media,SMB,83,True
3977,2024-08-09,Saint Vincent and the Grenadines,Social Media,SMB,21,True
3978,2024-10-22,Uzbekistan,Organic Search,Mid Market,55,True
3979,2024-12-29,Armenia,Partner,Mid Market,45,True
3980,2024-05-16,Macao,Organic Search,Mid Market,44,True
3981,2024-04-30,Australia,Social Media,Mid Market,25,True
3982,2024-10-15,Japan,Social Media,SMB,82,True
3983,2024-04-28,Bahamas,Organic Search,SMB,31,True
3984,2024-11-02,Montenegro,Partner,SMB,80,True
3985,2024-10-05,Bangladesh,Referral,SMB,67,False
3986,2024-10-09,Chile,Paid Ads,SMB,64,True
3987,2024-07-27,Uzbekistan,Referral,SMB,67,True
3988,2024-08-27,Reunion,Partner,Mid Market,38,False
3989,2024-12-10,Montenegro,Social Media,Mid Market,72,True
3990,2024-07-03,New Caledonia,Social Media,SMB,52,True
3991,2024-03-11,Uzbekistan,Partner,Enterprise,79,True
3992,2024-08-18,Iceland,Paid Ads,Mid Market,41,False
3993,2024-01-22,Slovakia (Slovak Republic),Partner,SMB,100,True
3994,2024-03-15,Sao Tome and Principe,Paid Ads,SMB,100,True
3995,2024-03-22,Bouvet Island (Bouvetoya),Paid Ads,SMB,46,True
3996,2024-12-20,Costa Rica,Social Media,SMB,73,True
3997,2024-02-27,Kiribati,Paid Ads,SMB,86,False
3998,2024-02-23,Qatar,Paid Ads,SMB,90,True
3999,2024-12-06,Kuwait,Referral,Mid Market,62,False
4000,2024-09-07,Mozambique,Organic Search,SMB,67,False
4001,2024-10-07,Uganda,Social Media,SMB,70,True
4002,2024-04-22,Ghana,Paid Ads,SMB,72,False
4003,2024-12-18,Malta,Organic Search,SMB,78,False
4004,2024-03-20,Andorra,Referral,Mid Market,84,True
4005,2024-02-25,Saudi Arabia,Social Media,SMB,29,True
4006,2024-12-21,Guyana,Partner,SMB,71,True
4007,2024-06-04,Tajikistan,Referral,SMB,32,True
4008,2024-04-07,Zimbabwe,Organic Search,SMB,57,True
4009,2024-03-02,Oman,Referral,SMB,29,True
4010,2024-02-04,Korea,Partner,SMB,35,False
4011,2024-08-04,Kuwait,Partner,Mid Market,21,False
4012,2024-12-23,Latvia,Paid Ads,SMB,69,False
4013,2024-07-10,Benin,Referral,SMB,99,False
4014,2024-10-28,Estonia,Social Media,Mid Market,95,True
4015,2024-01-22,Korea,Social Media,Enterprise,83,False
4016,2024-06-12,Cyprus,Partner,SMB,80,True
4017,2024-07-15,Guinea,Paid Ads,Mid Market,74,True
4018,2024-12-18,French Guiana,Paid Ads,Mid Market,64,True
4019,2024-12-16,Saint Vincent and the Grenadines,Social Media,Enterprise,68,True
4020,2024-01-20,Ethiopia,Social Media,Mid Market,31,False
4021,2024-08-31,Zambia,Partner,SMB,30,True
4022,2024-05-05,Iceland,Organic Search,SMB,63,True
4023,2024-05-03,Holy See (Vatican City State),Paid Ads,Enterprise,24,False
4024,2024-06-14,Ireland,Partner,SMB,77,True
4025,2024-04-20,French Southern Territories,Paid Ads,SMB,21,True
4026,2024-12-16,Norway,Referral,SMB,23,True
4027,2024-09-16,Saudi Arabia,Social Media,SMB,43,True
4028,2024-08-25,China,Partner,Mid Market,69,True
4029,2024-10-01,Faroe Islands,Organic Search,SMB,35,True
4030,2024-12-23,British Indian Ocean Territory (Chagos Archipelago),Paid Ads,SMB,77,True
4031,2024-05-30,Bahrain,Referral,SMB,96,True
4032,2024-06-18,Central African Republic,Social Media,SMB,39,False
4033,2024-02-09,Benin,Referral,SMB,51,True
4034,2024-01-03,Monaco,Social Media,Mid Market,42,True
4035,2024-07-11,Mayotte,Organic Search,SMB,48,True
4036,2024-06-23,Sierra Leone,Paid Ads,Mid Market,49,True
4037,2024-12-31,Montserrat,Social Media,Mid Market,34,True
4038,2024-02-21,Saint Barthelemy,Referral,SMB,97,True
4039,2024-10-15,Kiribati,Organic Search,SMB,66,True
4040,2024-12-23,Congo,Social Media,SMB,87,True
4041,2024-12-21,Guadeloupe,Partner,Mid Market,33,False
4042,2024-08-02,Micronesia,Social Media,SMB,75,True
4043,2024-10-12,Denmark,Social Media,SMB,31,True
4044,2024-05-14,Mayotte,Partner,SMB,84,True
4045,2024-05-04,Sweden,Referral,SMB,40,True
4046,2024-02-14,Australia,Paid Ads,SMB,45,True
4047,2024-08-16,Holy See (Vatican City State),Paid Ads,SMB,53,True
4048,2024-09-01,Korea,Organic Search,Enterprise,43,False
4049,2024-10-25,Dominica,Social Media,SMB,25,True
4050,2024-04-28,Cote d'Ivoire,Referral,SMB,37,True
4051,2024-12-25,Cocos (Keeling) Islands,Social Media,SMB,27,True
4052,2024-09-18,Bangladesh,Organic Search,SMB,54,True
4053,2024-10-26,Paraguay,Paid Ads,SMB,37,True
4054,2024-06-12,Niger,Referral,Mid Market,47,True
4055,2024-04-06,Gabon,Social Media,SMB,47,True
4056,2024-02-20,Kenya,Referral,SMB,100,True
4057,2024-10-04,Burkina Faso,Organic Search,SMB,36,False
4058,2024-09-18,Kyrgyz Republic,Referral,Mid Market,28,True
4059,2024-09-01,Saint Pierre and Miquelon,Paid Ads,Enterprise,29,False
4060,2024-10-16,Antigua and Barbuda,Referral,SMB,72,True
4061,2024-11-16,New Caledonia,Partner,Enterprise,53,True
4062,2024-07-27,Cayman Islands,Organic Search,Mid Market,25,False
4063,2024-06-13,Tunisia,Social Media,SMB,67,True
4064,2024-07-19,Marshall Islands,Social Media,Mid Market,48,True
4065,2024-03-06,Guadeloupe,Social Media,Mid Market,85,True
4066,2024-07-27,United States Minor Outlying Islands,Referral,SMB,86,True
4067,2024-05-27,Bolivia,Social Media,Mid Market,75,True
4068,2024-11-03,Singapore,Organic Search,SMB,91,True
4069,2024-02-13,Burundi,Referral,Mid Market,25,False
4070,2024-07-08,Saint Vincent and the Grenadines,Partner,SMB,79,True
4071,2024-11-28,Mayotte,Partner,SMB,88,True
4072,2024-11-05,Faroe Islands,Partner,Enterprise,80,True
4073,2024-09-18,Cook Islands,Social Media,SMB,95,True
4074,2024-12-21,Marshall Islands,Paid Ads,Enterprise,97,True
4075,2024-11-02,Samoa,Paid Ads,SMB,63,True
4076,2024-02-16,Antigua and Barbuda,Social Media,Enterprise,88,True
4077,2024-09-21,United Arab Emirates,Paid Ads,Mid Market,52,True
4078,2024-11-18,Algeria,Partner,Enterprise,56,False
4079,2024-10-31,Jordan,Paid Ads,SMB,61,True
4080,2024-05-02,United States of America,Paid Ads,SMB,59,True
4081,2024-04-08,Guinea,Partner,SMB,72,False
4082,2024-05-22,China,Partner,SMB,44,False
4083,2024-11-09,Poland,Referral,Mid Market,57,False
4084,2024-04-07,Vanuatu,Partner,Mid Market,90,True
4085,2024-06-13,Jersey,Referral,Mid Market,94,True
4086,2024-09-23,Cayman Islands,Referral,SMB,57,True
4087,2024-11-22,Angola,Referral,SMB,63,True
4088,2024-04-03,Kazakhstan,Social Media,SMB,70,True
4089,2024-09-04,Bulgaria,Partner,Enterprise,78,True
4090,2024-10-02,Albania,Partner,SMB,97,False
4091,2024-02-06,Kazakhstan,Partner,SMB,68,True
4092,2024-10-08,Guinea,Social Media,SMB,44,True
4093,2024-05-10,Saudi Arabia,Social Media,SMB,90,False
4094,2024-10-25,Suriname,Partner,SMB,73,True
4095,2024-04-11,Thailand,Partner,SMB,74,True
4096,2024-11-17,Argentina,Social Media,SMB,80,True
4097,2024-08-11,Belize,Social Media,SMB,37,True
4098,2024-04-02,Brazil,Organic Search,SMB,26,True
4099,2024-01-22,Italy,Organic Search,SMB,90,True
4100,2024-10-01,Comoros,Partner,SMB,32,True
4101,2024-12-17,Maldives,Social Media,SMB,92,True
4102,2024-01-31,Finland,Organic Search,SMB,99,True
4103,2024-05-21,Gabon,Partner,SMB,49,True
4104,2024-04-22,Argentina,Paid Ads,Mid Market,54,True
4105,2024-10-09,Nepal,Partner,Mid Market,39,True
4106,2024-01-12,Uruguay,Paid Ads,SMB,48,True
4107,2024-03-28,Armenia,Social Media,SMB,98,True
4108,2024-01-09,Jersey,Referral,SMB,98,True
4109,2024-05-18,Colombia,Social Media,SMB,51,True
4110,2024-07-27,Gabon,Referral,SMB,98,True
4111,2024-03-25,Malta,Referral,Enterprise,55,True
4112,2024-02-24,Burundi,Organic Search,SMB,59,True
4113,2024-08-10,El Salvador,Paid Ads,Mid Market,69,True
4114,2024-08-16,Ireland,Referral,SMB,30,False
4115,2024-07-28,Morocco,Social Media,SMB,69,True
4116,2024-11-10,Bermuda,Social Media,SMB,54,True
4117,2024-04-15,Trinidad and Tobago,Social Media,SMB,87,True
4118,2024-06-24,Denmark,Partner,SMB,84,True
4119,2024-11-11,Montenegro,Social Media,Mid Market,97,True
4120,2024-04-15,Lao People's Democratic Republic,Partner,SMB,29,True
4121,2024-11-03,Somalia,Social Media,SMB,71,True
4122,2024-04-16,Bermuda,Referral,SMB,71,True
4123,2024-05-20,Zimbabwe,Referral,Mid Market,49,True
4124,2024-07-13,Colombia,Paid Ads,Mid Market,23,True
4125,2024-12-17,Chad,Paid Ads,SMB,28,False
4126,2024-08-19,Canada,Organic Search,SMB,64,True
4127,2024-07-03,India,Social Media,SMB,75,True
4128,2024-08-16,Korea,Social Media,SMB,52,True
4129,2024-06-27,Svalbard & Jan Mayen Islands,Referral,SMB,53,True
4130,2024-09-02,Syrian Arab Republic,Referral,SMB,94,True
4131,2024-11-26,Azerbaijan,Paid Ads,SMB,45,True
4132,2024-01-19,Tanzania,Social Media,SMB,49,True
4133,2024-02-16,Papua New Guinea,Referral,SMB,90,True
4134,2024-01-26,Algeria,Partner,SMB,52,True
4135,2024-08-19,Cambodia,Referral,SMB,75,True
4136,2024-05-22,Saint Helena,Referral,SMB,59,False
4137,2024-03-26,Canada,Paid Ads,SMB,31,False
4138,2024-11-13,Korea,Organic Search,SMB,42,True
4139,2024-05-27,Heard Island and McDonald Islands,Paid Ads,SMB,74,True
4140,2024-03-26,New Zealand,Referral,SMB,45,True
4141,2024-11-04,Australia,Organic Search,SMB,32,True
4142,2024-05-17,Haiti,Referral,SMB,79,False
4143,2024-10-10,Cote d'Ivoire,Partner,Mid Market,39,True
4144,2024-09-30,Rwanda,Referral,SMB,21,False
4145,2024-06-15,United States of America,Referral,Mid Market,85,True
4146,2024-01-11,Iran,Paid Ads,SMB,27,True
4147,2024-07-20,Micronesia,Referral,SMB,80,True
4148,2024-03-20,Niger,Referral,SMB,97,True
4149,2024-07-07,Moldova,Paid Ads,Mid Market,79,True
4150,2024-05-05,Saint Lucia,Social Media,SMB,34,True
4151,2024-12-31,Maldives,Referral,SMB,97,False
4152,2024-01-22,Finland,Organic Search,Enterprise,37,True
4153,2024-01-01,Malta,Partner,SMB,82,True
4154,2024-12-12,Bangladesh,Social Media,SMB,71,True
4155,2024-09-25,Algeria,Social Media,Enterprise,86,True
4156,2024-06-30,Gambia,Paid Ads,SMB,71,True
4157,2024-05-08,Argentina,Paid Ads,Enterprise,41,True
4158,2024-09-14,Bulgaria,Social Media,SMB,24,True
4159,2024-04-15,Albania,Organic Search,SMB,67,True
4160,2024-06-01,Bulgaria,Organic Search,Mid Market,72,True
4161,2024-07-14,Sudan,Social Media,SMB,23,False
4162,2024-06-10,Spain,Social Media,SMB,22,False
4163,2024-04-20,French Guiana,Social Media,Mid Market,38,True
4164,2024-08-18,Netherlands,Paid Ads,Mid Market,37,False
4165,2024-11-28,Tajikistan,Partner,SMB,38,True
4166,2024-01-09,Burkina Faso,Referral,Enterprise,52,False
4167,2024-09-06,United States Minor Outlying Islands,Social Media,SMB,79,True
4168,2024-07-09,Cote d'Ivoire,Referral,SMB,73,True
4169,2024-01-27,Pakistan,Referral,Enterprise,32,False
4170,2024-05-31,Aruba,Partner,SMB,79,True
4171,2024-07-16,San Marino,Social Media,SMB,57,True
4172,2024-06-30,Montenegro,Paid Ads,SMB,25,True
4173,2024-09-02,New Caledonia,Organic Search,SMB,44,True
4174,2024-06-07,Northern Mariana Islands,Paid Ads,SMB,32,True
4175,2024-03-15,Philippines,Paid Ads,SMB,23,False
4176,2024-09-17,Saint Lucia,Referral,Mid Market,67,False
4177,2024-01-13,Cook Islands,Social Media,SMB,98,True
4178,2024-08-23,Ethiopia,Partner,Mid Market,56,True
4179,2024-07-07,Bhutan,Organic Search,Mid Market,94,True
4180,2024-03-04,Congo,Social Media,Mid Market,75,True
4181,2024-09-20,Canada,Organic Search,Mid Market,90,True
4182,2024-10-16,Bolivia,Paid Ads,SMB,39,True
4183,2024-07-12,Portugal,Partner,Mid Market,76,True
4184,2024-11-21,Colombia,Partner,SMB,45,True
4185,2024-02-17,Saint Kitts and Nevis,Paid Ads,SMB,70,False
4186,2024-04-22,Lao People's Democratic Republic,Organic Search,SMB,21,False
4187,2024-03-09,Bouvet Island (Bouvetoya),Referral,SMB,44,False
4188,2024-08-01,Trinidad and Tobago,Referral,SMB,92,True
4189,2024-05-10,Sweden,Referral,SMB,28,True
4190,2024-03-24,United States Virgin Islands,Organic Search,SMB,81,True
4191,2024-02-03,Sudan,Referral,SMB,41,True
4192,2024-12-10,Czech Republic,Social Media,SMB,78,True
4193,2024-06-24,United States Virgin Islands,Paid Ads,Mid Market,67,True
4194,2024-08-28,Isle of Man,Partner,SMB,90,True
4195,2024-06-18,Liechtenstein,Partner,SMB,95,True
4196,2024-09-23,Saint Helena,Partner,Mid Market,51,True
4197,2024-04-25,Benin,Organic Search,SMB,54,True
4198,2024-06-17,Dominica,Paid Ads,SMB,71,True
4199,2024-01-27,Tuvalu,Paid Ads,SMB,52,True
4200,2024-02-24,Gibraltar,Referral,SMB,48,True
4201,2024-05-07,Saint Martin,Social Media,Enterprise,32,True
4202,2024-12-23,Palau,Paid Ads,SMB,72,True
4203,2024-07-23,Moldova,Social Media,SMB,58,True
4204,2024-02-11,Timor-Leste,Referral,SMB,81,True
4205,2024-12-05,India,Organic Search,Mid Market,27,True
4206,2024-08-11,Panama,Social Media,Mid Market,39,True
4207,2024-07-31,Jamaica,Social Media,Enterprise,62,True
4208,2024-07-08,Uruguay,Organic Search,SMB,82,True
4209,2024-09-08,Ireland,Social Media,SMB,71,True
4210,2024-08-08,Mayotte,Referral,SMB,98,True
4211,2024-03-25,Myanmar,Partner,SMB,61,False
4212,2024-10-30,Tokelau,Social Media,Mid Market,32,True
4213,2024-02-12,Honduras,Organic Search,Mid Market,21,True
4214,2024-03-17,Russian Federation,Paid Ads,SMB,31,True
4215,2024-12-23,Tunisia,Referral,Enterprise,20,True
4216,2024-08-29,Malawi,Referral,SMB,57,True
4217,2024-07-06,Central African Republic,Partner,Mid Market,31,True
4218,2024-01-21,Dominican Republic,Referral,Mid Market,62,True
4219,2024-02-21,Cook Islands,Organic Search,Enterprise,30,True
4220,2024-01-21,Libyan Arab Jamahiriya,Paid Ads,SMB,44,True
4221,2024-03-28,China,Social Media,Mid Market,82,True
4222,2024-02-25,Tokelau,Partner,SMB,98,True
4223,2024-09-26,Niger,Organic Search,Mid Market,56,True
4224,2024-03-11,Montserrat,Organic Search,SMB,53,False
4225,2024-03-21,Kyrgyz Republic,Paid Ads,SMB,97,True
4226,2024-04-24,Hungary,Partner,SMB,63,True
4227,2024-12-06,Brunei Darussalam,Referral,Mid Market,77,True
4228,2024-07-02,Myanmar,Paid Ads,SMB,71,True
4229,2024-08-02,United Kingdom,Referral,Mid Market,59,True
4230,2024-12-07,Philippines,Partner,SMB,79,True
4231,2024-03-17,Bermuda,Referral,SMB,27,True
4232,2024-10-27,Bermuda,Organic Search,SMB,77,True
4233,2024-03-05,Dominica,Referral,Mid Market,56,True
4234,2024-06-19,Austria,Partner,SMB,81,True
4235,2024-08-10,Trinidad and Tobago,Social Media,SMB,90,True
4236,2024-10-27,Taiwan,Partner,Enterprise,46,False
4237,2024-08-30,Australia,Organic Search,SMB,70,True
4238,2024-04-08,Bosnia and Herzegovina,Partner,SMB,24,True
4239,2024-05-09,Malaysia,Social Media,SMB,83,True
4240,2024-08-25,Anguilla,Social Media,Mid Market,61,False
4241,2024-08-18,Gibraltar,Referral,Mid Market,74,True
4242,2024-12-03,Bahrain,Partner,Enterprise,92,True
4243,2024-12-24,Marshall Islands,Referral,SMB,41,True
4244,2024-05-08,Antigua and Barbuda,Social Media,SMB,62,True
4245,2024-03-16,Syrian Arab Republic,Organic Search,Mid Market,50,True
4246,2024-09-19,Philippines,Paid Ads,SMB,55,True
4247,2024-04-13,Vietnam,Referral,SMB,21,False
4248,2024-11-19,Canada,Partner,Mid Market,98,True
4249,2024-07-09,Greece,Partner,SMB,81,True
4250,2024-09-13,Congo,Referral,SMB,62,False
4251,2024-12-14,Cook Islands,Paid Ads,SMB,70,True
4252,2024-09-27,Dominica,Paid Ads,Mid Market,98,True
4253,2024-04-10,San Marino,Social Media,Mid Market,25,False
4254,2024-08-20,British Indian Ocean Territory (Chagos Archipelago),Paid Ads,SMB,88,True
4255,2024-08-21,Cyprus,Organic Search,SMB,22,False
4256,2024-07-27,Qatar,Paid Ads,Mid Market,28,True
4257,2024-08-30,United Kingdom,Social Media,Enterprise,97,True
4258,2024-10-19,Ireland,Referral,Enterprise,95,True
4259,2024-04-24,Saint Pierre and Miquelon,Social Media,SMB,24,True
4260,2024-04-27,Samoa,Paid Ads,SMB,53,True
4261,2024-01-03,Congo,Paid Ads,SMB,48,True
4262,2024-08-18,Serbia,Referral,SMB,75,True
4263,2024-01-25,Wallis and Futuna,Organic Search,Mid Market,55,True
4264,2024-10-01,Micronesia,Paid Ads,Enterprise,22,False
4265,2024-09-13,Vietnam,Partner,Mid Market,26,True
4266,2024-09-11,Cameroon,Paid Ads,SMB,90,True
4267,2024-05-27,Germany,Organic Search,Mid Market,69,True
4268,2024-10-14,Singapore,Partner,SMB,45,True
4269,2024-01-08,Dominica,Social Media,SMB,51,False
4270,2024-09-02,Montserrat,Organic Search,SMB,53,True
4271,2024-03-27,Slovenia,Partner,Mid Market,73,True
4272,2024-03-23,Trinidad and Tobago,Social Media,SMB,40,False
4273,2024-07-04,Cape Verde,Organic Search,Mid Market,56,True
4274,2024-06-07,United States Minor Outlying Islands,Paid Ads,Mid Market,28,True
4275,2024-02-09,Turkmenistan,Referral,Mid Market,20,False
4276,2024-05-02,Micronesia,Organic Search,Mid Market,54,True
4277,2024-04-01,Italy,Organic Search,Mid Market,63,True
4278,2024-03-03,Dominica,Paid Ads,Mid Market,88,True
4279,2024-08-26,Kazakhstan,Paid Ads,SMB,98,True
4280,2024-05-22,San Marino,Organic Search,SMB,31,True
4281,2024-06-29,Turkey,Referral,SMB,44,True
4282,2024-10-06,Saint Martin,Partner,Mid Market,99,True
4283,2024-02-14,Palau,Organic Search,SMB,63,True
4284,2024-03-23,Korea,Paid Ads,Mid Market,88,True
4285,2024-04-09,Costa Rica,Social Media,Enterprise,100,True
4286,2024-06-28,Rwanda,Organic Search,SMB,69,False
4287,2024-08-09,Belize,Organic Search,Mid Market,71,False
4288,2024-04-18,Serbia,Referral,SMB,81,True
4289,2024-10-27,New Zealand,Organic Search,Enterprise,49,True
4290,2024-12-02,Namibia,Social Media,SMB,78,True
4291,2024-07-17,Bouvet Island (Bouvetoya),Partner,Mid Market,45,False
4292,2024-01-22,Belgium,Organic Search,SMB,20,True
4293,2024-10-19,Equatorial Guinea,Partner,SMB,67,True
4294,2024-11-28,Nauru,Partner,SMB,20,False
4295,2024-06-10,Dominica,Social Media,SMB,32,False
4296,2024-10-31,Libyan Arab Jamahiriya,Paid Ads,SMB,34,False
4297,2024-10-30,Guam,Referral,SMB,90,True
4298,2024-10-09,Congo,Partner,SMB,24,True
4299,2024-11-22,Liberia,Partner,SMB,88,True
4300,2024-08-05,Burundi,Partner,SMB,33,True
4301,2024-01-29,Central African Republic,Partner,Mid Market,37,True
4302,2024-12-22,Dominican Republic,Partner,Mid Market,39,True
4303,2024-05-23,Sri Lanka,Partner,Mid Market,29,True
4304,2024-09-28,Guinea,Partner,SMB,59,True
4305,2024-06-02,Puerto Rico,Social Media,SMB,56,True
4306,2024-06-16,Bahrain,Referral,Mid Market,37,True
4307,2024-09-25,Burkina Faso,Paid Ads,SMB,32,True
4308,2024-07-04,Montenegro,Organic Search,SMB,53,True
4309,2024-06-19,Norfolk Island,Partner,Mid Market,43,False
4310,2024-10-22,Guyana,Referral,SMB,30,True
4311,2024-04-28,Mauritania,Organic Search,SMB,90,True
4312,2024-10-04,United Arab Emirates,Organic Search,Mid Market,90,True
4313,2024-10-22,Belgium,Paid Ads,SMB,90,True
4314,2024-12-02,French Polynesia,Partner,SMB,71,True
4315,2024-01-21,Montserrat,Partner,Enterprise,73,True
4316,2024-02-17,Gabon,Partner,SMB,26,False
4317,2024-03-11,Bhutan,Organic Search,SMB,95,True
4318,2024-01-03,Kuwait,Organic Search,Mid Market,25,True
4319,2024-08-28,Iraq,Partner,SMB,33,False
4320,2024-05-15,Tunisia,Referral,SMB,91,True
4321,2024-05-06,Iraq,Organic Search,SMB,43,True
4322,2024-11-28,Uzbekistan,Paid Ads,Mid Market,33,True
4323,2024-11-18,Senegal,Organic Search,SMB,36,True
4324,2024-03-27,Eritrea,Paid Ads,SMB,72,True
4325,2024-01-03,Congo,Paid Ads,Mid Market,93,True
4326,2024-04-06,Kenya,Social Media,SMB,27,True
4327,2024-08-08,Estonia,Referral,Mid Market,69,True
4328,2024-04-08,Montserrat,Paid Ads,SMB,37,True
4329,2024-07-26,Afghanistan,Paid Ads,SMB,94,True
4330,2024-05-27,Kazakhstan,Partner,SMB,35,False
4331,2024-12-27,Andorra,Social Media,SMB,97,True
4332,2024-09-11,Namibia,Organic Search,Enterprise,71,False
4333,2024-10-29,Saint Lucia,Referral,Mid Market,36,True
4334,2024-10-22,Saudi Arabia,Referral,Mid Market,94,True
4335,2024-03-02,Aruba,Referral,SMB,25,False
4336,2024-04-28,British Virgin Islands,Referral,Mid Market,29,True
4337,2024-12-16,Nepal,Social Media,SMB,47,True
4338,2024-05-21,Japan,Organic Search,SMB,46,False
4339,2024-02-26,Niue,Organic Search,SMB,63,True
4340,2024-04-15,New Zealand,Social Media,SMB,35,True
4341,2024-07-07,Uganda,Partner,Enterprise,68,False
4342,2024-12-03,Brunei Darussalam,Paid Ads,Mid Market,76,True
4343,2024-12-05,British Virgin Islands,Referral,Mid Market,38,False
4344,2024-04-15,Indonesia,Social Media,SMB,51,True
4345,2024-09-07,Slovakia (Slovak Republic),Social Media,Enterprise,75,True
4346,2024-01-26,Turkey,Partner,SMB,79,True
4347,2024-03-22,Aruba,Organic Search,Mid Market,27,False
4348,2024-08-22,Indonesia,Paid Ads,SMB,72,True
4349,2024-02-26,Mali,Partner,SMB,55,True
4350,2024-03-31,Paraguay,Social Media,Mid Market,80,True
4351,2024-09-28,United States Virgin Islands,Organic Search,SMB,64,True
4352,2024-06-04,Eritrea,Referral,SMB,55,True
4353,2024-09-01,Honduras,Social Media,SMB,81,True
4354,2024-04-22,Macao,Social Media,Enterprise,22,False
4355,2024-04-30,Madagascar,Social Media,SMB,90,True
4356,2024-09-17,Cayman Islands,Referral,SMB,67,True
4357,2024-09-24,Chile,Partner,Mid Market,54,False
4358,2024-12-03,Cuba,Paid Ads,Mid Market,71,True
4359,2024-01-11,Antarctica (the territory South of 60 deg S),Organic Search,SMB,33,True
4360,2024-05-03,Israel,Partner,SMB,51,False
4361,2024-12-08,Antigua and Barbuda,Paid Ads,Mid Market,93,True
4362,2024-09-28,Equatorial Guinea,Referral,Mid Market,87,True
4363,2024-01-02,Zimbabwe,Referral,Enterprise,61,True
4364,2024-12-19,Denmark,Paid Ads,SMB,63,True
4365,2024-01-01,Norway,Social Media,SMB,33,False
4366,2024-06-05,Estonia,Social Media,SMB,54,True
4367,2024-10-27,Macao,Referral,Mid Market,97,True
4368,2024-10-16,Iceland,Paid Ads,SMB,68,True
4369,2024-08-29,Micronesia,Paid Ads,SMB,51,True
4370,2024-06-15,French Southern Territories,Organic Search,Mid Market,65,False
4371,2024-08-29,Antarctica (the territory South of 60 deg S),Referral,SMB,83,True
4372,2024-04-26,South Georgia and the South Sandwich Islands,Social Media,Enterprise,22,True
4373,2024-12-19,Bhutan,Organic Search,SMB,37,True
4374,2024-04-28,Christmas Island,Social Media,Mid Market,46,True
4375,2024-08-27,Anguilla,Social Media,SMB,29,False
4376,2024-02-22,Guinea,Paid Ads,SMB,37,False
4377,2024-04-23,Mali,Referral,SMB,32,True
4378,2024-01-19,Tunisia,Partner,SMB,95,True
4379,2024-07-28,Germany,Organic Search,Enterprise,95,True
4380,2024-08-18,Namibia,Referral,SMB,50,True
4381,2024-11-09,United Kingdom,Organic Search,SMB,52,True
4382,2024-11-02,French Polynesia,Paid Ads,Mid Market,50,False
4383,2024-01-23,Lebanon,Social Media,Mid Market,89,True
4384,2024-03-26,Paraguay,Organic Search,Enterprise,82,False
4385,2024-04-20,Italy,Social Media,Mid Market,32,False
4386,2024-02-15,Tonga,Paid Ads,SMB,93,True
4387,2024-05-22,Guinea,Organic Search,SMB,64,True
4388,2024-07-01,Samoa,Social Media,SMB,41,True
4389,2024-01-14,Honduras,Organic Search,Enterprise,93,True
4390,2024-01-11,Sudan,Partner,SMB,40,False
4391,2024-04-29,Slovakia (Slovak Republic),Organic Search,Mid Market,45,True
4392,2024-04-17,United Kingdom,Referral,SMB,78,True
4393,2024-02-01,Netherlands Antilles,Social Media,SMB,37,True
4394,2024-01-17,Faroe Islands,Organic Search,Mid Market,46,True
4395,2024-07-06,Korea,Partner,Mid Market,75,True
4396,2024-03-19,San Marino,Organic Search,Mid Market,40,True
4397,2024-08-30,United Kingdom,Social Media,SMB,67,True
4398,2024-01-18,Saudi Arabia,Paid Ads,SMB,73,True
4399,2024-02-25,Dominican Republic,Organic Search,Mid Market,47,True
4400,2024-02-07,Afghanistan,Referral,SMB,75,True
4401,2024-04-27,Papua New Guinea,Referral,SMB,86,True
4402,2024-12-31,British Indian Ocean Territory (Chagos Archipelago),Paid Ads,Mid Market,87,True
4403,2024-10-29,Sweden,Paid Ads,Enterprise,77,True
4404,2024-03-21,Cote d'Ivoire,Paid Ads,SMB,92,True
4405,2024-04-20,Burundi,Social Media,SMB,98,True
4406,2024-08-15,Syrian Arab Republic,Partner,SMB,97,True
4407,2024-04-19,Taiwan,Organic Search,SMB,57,True
4408,2024-07-11,Cameroon,Paid Ads,SMB,31,True
4409,2024-10-24,Cocos (Keeling) Islands,Organic Search,Mid Market,36,True
4410,2024-01-28,Ireland,Referral,Mid Market,88,True
4411,2024-02-27,Ethiopia,Paid Ads,SMB,94,True
4412,2024-12-30,Cyprus,Referral,SMB,43,True
4413,2024-10-02,Switzerland,Referral,Mid Market,50,True
4414,2024-01-26,Netherlands,Paid Ads,Mid Market,89,True
4415,2024-02-07,Lithuania,Referral,SMB,30,True
4416,2024-06-22,Nepal,Paid Ads,SMB,53,True
4417,2024-05-13,Guinea-Bissau,Partner,SMB,42,True
4418,2024-01-23,Serbia,Social Media,SMB,46,True
4419,2024-03-12,Niger,Referral,Mid Market,31,True
4420,2024-09-22,United Arab Emirates,Referral,Mid Market,29,True
4421,2024-08-04,Kiribati,Paid Ads,SMB,61,True
4422,2024-08-23,Holy See (Vatican City State),Referral,Mid Market,63,False
4423,2024-01-16,Saudi Arabia,Organic Search,Mid Market,23,False
4424,2024-12-06,Svalbard & Jan Mayen Islands,Organic Search,Mid Market,23,True
4425,2024-02-12,Mauritania,Partner,SMB,94,True
4426,2024-02-11,China,Organic Search,Mid Market,81,False
4427,2024-02-20,Burundi,Social Media,Mid Market,88,True
4428,2024-11-27,Yemen,Partner,SMB,100,True
4429,2024-11-05,Palestinian Territory,Organic Search,Mid Market,65,True
4430,2024-06-09,Russian Federation,Social Media,Mid Market,84,True
4431,2024-11-26,Kyrgyz Republic,Partner,Mid Market,53,True
4432,2024-03-22,Angola,Organic Search,SMB,38,True
4433,2024-11-03,Micronesia,Paid Ads,SMB,56,True
4434,2024-09-08,Greenland,Paid Ads,Enterprise,29,True
4435,2024-03-18,New Zealand,Referral,Mid Market,56,True
4436,2024-09-13,Ireland,Paid Ads,Mid Market,60,True
4437,2024-07-13,Anguilla,Social Media,SMB,75,True
4438,2024-08-27,Philippines,Organic Search,SMB,26,True
4439,2024-01-02,Liberia,Partner,Mid Market,68,True
4440,2024-06-25,Australia,Partner,SMB,86,True
4441,2024-05-20,Netherlands Antilles,Paid Ads,SMB,68,True
4442,2024-10-15,Hungary,Organic Search,SMB,39,False
4443,2024-05-17,Kuwait,Paid Ads,SMB,61,True
4444,2024-07-08,Congo,Organic Search,SMB,41,True
4445,2024-10-22,Barbados,Social Media,Mid Market,90,True
4446,2024-12-31,Barbados,Organic Search,Mid Market,26,True
4447,2024-07-27,Spain,Referral,SMB,97,True
4448,2024-11-10,Heard Island and McDonald Islands,Paid Ads,SMB,65,True
4449,2024-01-09,Yemen,Paid Ads,Mid Market,87,True
4450,2024-04-04,Nauru,Referral,SMB,54,True
4451,2024-01-25,United States of America,Organic Search,Mid Market,52,True
4452,2024-09-27,Guadeloupe,Organic Search,Mid Market,87,True
4453,2024-01-03,Serbia,Partner,Mid Market,53,True
4454,2024-11-25,Gabon,Referral,SMB,80,True
4455,2024-09-12,Nigeria,Referral,SMB,68,True
4456,2024-04-06,Macao,Paid Ads,Mid Market,71,True
4457,2024-05-17,Saudi Arabia,Referral,SMB,28,True
4458,2024-03-13,Greenland,Social Media,Mid Market,57,True
4459,2024-03-28,Cyprus,Paid Ads,SMB,59,True
4460,2024-07-27,Zimbabwe,Partner,SMB,51,False
4461,2024-08-02,Cayman Islands,Referral,SMB,87,True
4462,2024-08-08,Finland,Referral,SMB,52,False
4463,2024-02-12,Norfolk Island,Social Media,Mid Market,69,True
4464,2024-05-29,British Virgin Islands,Social Media,SMB,67,False
4465,2024-05-28,Korea,Organic Search,SMB,49,True
4466,2024-12-11,British Indian Ocean Territory (Chagos Archipelago),Partner,SMB,43,True
4467,2024-05-30,Liberia,Referral,Enterprise,22,True
4468,2024-12-08,Holy See (Vatican City State),Organic Search,SMB,59,True
4469,2024-07-29,Mali,Partner,Mid Market,85,False
4470,2024-10-21,Saint Martin,Paid Ads,SMB,22,False
4471,2024-04-25,Saint Helena,Organic Search,SMB,91,False
4472,2024-12-23,Turkmenistan,Paid Ads,SMB,55,True
4473,2024-06-18,Nepal,Referral,SMB,27,True
4474,2024-12-10,Denmark,Partner,SMB,27,True
4475,2024-05-29,Trinidad and Tobago,Referral,SMB,47,True
4476,2024-04-16,Brunei Darussalam,Partner,SMB,87,False
4477,2024-05-11,Afghanistan,Paid Ads,SMB,35,True
4478,2024-07-21,Reunion,Referral,Mid Market,33,False
4479,2024-02-16,Guadeloupe,Organic Search,Mid Market,78,True
4480,2024-09-26,Finland,Social Media,Mid Market,35,True
4481,2024-10-05,Christmas Island,Organic Search,Mid Market,45,True
4482,2024-05-03,Papua New Guinea,Paid Ads,SMB,45,True
4483,2024-09-09,Latvia,Referral,SMB,61,False
4484,2024-04-25,Norway,Organic Search,Mid Market,24,True
4485,2024-02-09,Antigua and Barbuda,Organic Search,Enterprise,98,True
4486,2024-09-15,Poland,Social Media,Mid Market,61,True
4487,2024-07-18,Singapore,Organic Search,SMB,84,True
4488,2024-07-27,Haiti,Paid Ads,Mid Market,87,True
4489,2024-01-05,Djibouti,Organic Search,Enterprise,46,True
4490,2024-01-14,Angola,Organic Search,SMB,62,False
4491,2024-07-31,Turks and Caicos Islands,Organic Search,SMB,96,True
4492,2024-09-25,South Georgia and the South Sandwich Islands,Organic Search,SMB,68,True
4493,2024-06-19,Somalia,Social Media,Mid Market,83,True
4494,2024-05-15,Finland,Partner,Mid Market,96,True
4495,2024-03-02,Saint Martin,Social Media,Enterprise,99,True
4496,2024-12-14,Trinidad and Tobago,Referral,SMB,98,True
4497,2024-06-26,Western Sahara,Referral,Mid Market,29,True
4498,2024-06-08,Slovakia (Slovak Republic),Paid Ads,SMB,35,True
4499,2024-09-26,Algeria,Paid Ads,SMB,89,True
4500,2024-05-29,Barbados,Referral,SMB,87,True
4501,2024-09-01,Nepal,Partner,Mid Market,95,True
4502,2024-03-12,Bermuda,Social Media,SMB,40,True
4503,2024-04-20,Haiti,Paid Ads,Mid Market,38,True
4504,2024-02-07,China,Referral,SMB,62,True
4505,2024-06-21,Samoa,Social Media,SMB,52,False
4506,2024-01-19,Botswana,Partner,SMB,88,True
4507,2024-07-27,Dominican Republic,Organic Search,Mid Market,100,True
4508,2024-01-11,France,Partner,SMB,70,True
4509,2024-08-07,Azerbaijan,Social Media,Enterprise,25,True
4510,2024-09-22,Japan,Organic Search,SMB,36,False
4511,2024-08-06,Micronesia,Organic Search,Enterprise,44,True
4512,2024-01-29,Belize,Paid Ads,Mid Market,66,True
4513,2024-07-18,United States Virgin Islands,Social Media,Mid Market,31,True
4514,2024-01-14,Gambia,Social Media,SMB,78,False
4515,2024-02-07,Australia,Partner,Enterprise,47,False
4516,2024-02-21,Saint Barthelemy,Referral,Mid Market,52,True
4517,2024-06-23,Ethiopia,Partner,SMB,75,True
4518,2024-09-17,Korea,Paid Ads,SMB,93,True
4519,2024-02-25,Malta,Social Media,Mid Market,82,True
4520,2024-08-05,Luxembourg,Paid Ads,Mid Market,38,True
4521,2024-11-14,El Salvador,Referral,Enterprise,53,True
4522,2024-05-28,Congo,Organic Search,SMB,58,True
4523,2024-10-10,Nicaragua,Organic Search,Mid Market,77,True
4524,2024-04-09,Korea,Partner,SMB,81,True
4525,2024-12-07,Sao Tome and Principe,Paid Ads,Mid Market,87,True
4526,2024-03-10,Afghanistan,Social Media,SMB,49,True
4527,2024-11-26,Germany,Partner,Mid Market,35,True
4528,2024-01-28,Saint Martin,Organic Search,Mid Market,77,True
4529,2024-12-19,Congo,Organic Search,Mid Market,26,False
4530,2024-09-16,Sao Tome and Principe,Partner,Enterprise,94,True
4531,2024-12-28,Russian Federation,Organic Search,Mid Market,56,False
4532,2024-10-20,Armenia,Referral,Enterprise,77,True
4533,2024-05-10,Honduras,Paid Ads,Mid Market,71,True
4534,2024-11-02,Ethiopia,Paid Ads,Mid Market,100,True
4535,2024-08-03,Algeria,Paid Ads,SMB,68,True
4536,2024-12-02,Ecuador,Partner,Mid Market,97,True
4537,2024-11-03,Bosnia and Herzegovina,Social Media,SMB,86,True
4538,2024-05-31,Kyrgyz Republic,Referral,SMB,66,True
4539,2024-10-23,Mauritius,Social Media,Mid Market,92,True
4540,2024-05-07,Morocco,Referral,SMB,33,True
4541,2024-05-30,Pitcairn Islands,Organic Search,Mid Market,59,True
4542,2024-10-18,Bhutan,Paid Ads,Mid Market,44,True
4543,2024-03-30,Martinique,Referral,SMB,48,True
4544,2024-05-30,Lithuania,Referral,Mid Market,75,True
4545,2024-07-25,Estonia,Paid Ads,SMB,27,True
4546,2024-07-27,Slovenia,Paid Ads,Mid Market,91,True
4547,2024-08-30,India,Referral,SMB,35,True
4548,2024-08-22,Bermuda,Social Media,Enterprise,23,False
4549,2024-11-24,Australia,Social Media,SMB,47,True
4550,2024-06-07,Libyan Arab Jamahiriya,Paid Ads,Enterprise,49,True
4551,2024-09-23,Namibia,Paid Ads,SMB,97,True
4552,2024-07-04,French Southern Territories,Referral,Mid Market,86,True
4553,2024-03-11,Botswana,Paid Ads,Mid Market,56,True
4554,2024-01-02,Sao Tome and Principe,Partner,Enterprise,35,True
4555,2024-03-13,United States Minor Outlying Islands,Paid Ads,Mid Market,63,True
4556,2024-01-16,Bermuda,Paid Ads,Mid Market,38,True
4557,2024-07-26,Moldova,Paid Ads,Mid Market,89,True
4558,2024-12-12,Bahrain,Referral,SMB,54,False
4559,2024-02-17,French Guiana,Paid Ads,SMB,68,True
4560,2024-06-25,Burundi,Social Media,Mid Market,47,True
4561,2024-01-08,Palau,Paid Ads,SMB,74,True
4562,2024-02-20,Austria,Referral,Mid Market,87,True
4563,2024-06-09,Liberia,Paid Ads,SMB,35,True
4564,2024-05-08,Fiji,Referral,Mid Market,71,True
4565,2024-10-04,Hong Kong,Referral,SMB,59,True
4566,2024-09-17,Haiti,Partner,Mid Market,25,False
4567,2024-01-16,Slovenia,Referral,SMB,48,True
4568,2024-01-01,Northern Mariana Islands,Organic Search,Mid Market,85,True
4569,2024-08-10,Netherlands Antilles,Paid Ads,SMB,69,True
4570,2024-02-02,Jersey,Organic Search,SMB,69,True
4571,2024-09-14,Dominica,Referral,SMB,44,True
4572,2024-11-09,Uzbekistan,Partner,Mid Market,23,True
4573,2024-01-25,Spain,Organic Search,SMB,27,True
4574,2024-11-09,Swaziland,Partner,SMB,100,True
4575,2024-11-06,Tokelau,Organic Search,Mid Market,61,True
4576,2024-01-28,Morocco,Social Media,SMB,42,True
4577,2024-11-18,Estonia,Paid Ads,SMB,94,True
4578,2024-08-14,Djibouti,Social Media,Mid Market,26,False
4579,2024-07-07,Bahrain,Referral,Mid Market,54,True
4580,2024-01-09,Grenada,Social Media,SMB,96,True
4581,2024-05-24,Latvia,Social Media,SMB,77,True
4582,2024-03-12,Nepal,Social Media,Mid Market,72,True
4583,2024-12-09,Madagascar,Referral,SMB,64,False
4584,2024-01-10,Tanzania,Paid Ads,Mid Market,82,True
4585,2024-11-16,Croatia,Social Media,Enterprise,26,False
4586,2024-03-23,Western Sahara,Paid Ads,Mid Market,97,True
4587,2024-02-04,Western Sahara,Partner,SMB,87,True
4588,2024-12-11,Saint Kitts and Nevis,Paid Ads,SMB,44,True
4589,2024-04-11,Thailand,Referral,SMB,31,False
4590,2024-03-08,Saint Lucia,Partner,SMB,41,False
4591,2024-04-13,Denmark,Partner,Enterprise,71,True
4592,2024-02-25,Moldova,Social Media,SMB,30,True
4593,2024-08-25,Liechtenstein,Organic Search,SMB,41,True
4594,2024-12-13,Pakistan,Organic Search,SMB,40,True
4595,2024-01-01,Jordan,Social Media,SMB,74,True
4596,2024-05-01,Russian Federation,Paid Ads,Enterprise,60,True
4597,2024-03-08,Iran,Social Media,SMB,93,True
4598,2024-06-25,Palau,Social Media,SMB,47,True
4599,2024-08-17,Guinea,Organic Search,Mid Market,89,True
4600,2024-05-31,South Georgia and the South Sandwich Islands,Partner,SMB,26,False
4601,2024-03-27,French Polynesia,Paid Ads,SMB,38,True
4602,2024-07-21,Puerto Rico,Partner,SMB,32,True
4603,2024-08-08,Iraq,Partner,SMB,26,True
4604,2024-05-01,Cook Islands,Social Media,SMB,52,True
4605,2024-02-22,American Samoa,Social Media,SMB,33,True
4606,2024-03-13,Cambodia,Social Media,Mid Market,83,True
4607,2024-12-07,Yemen,Paid Ads,SMB,43,True
4608,2024-02-08,Korea,Organic Search,Mid Market,31,False
4609,2024-09-08,Cook Islands,Paid Ads,SMB,43,True
4610,2024-02-22,Trinidad and Tobago,Referral,SMB,73,True
4611,2024-03-28,United States of America,Paid Ads,SMB,82,True
4612,2024-12-17,Lesotho,Paid Ads,SMB,74,False
4613,2024-04-28,Saudi Arabia,Paid Ads,SMB,34,True
4614,2024-09-20,Holy See (Vatican City State),Referral,SMB,60,True
4615,2024-07-28,Algeria,Organic Search,SMB,93,True
4616,2024-08-18,Bahrain,Organic Search,SMB,95,True
4617,2024-10-05,Malawi,Social Media,SMB,35,False
4618,2024-08-20,Papua New Guinea,Social Media,Mid Market,71,True
4619,2024-09-11,Mozambique,Referral,Enterprise,86,True
4620,2024-03-16,Northern Mariana Islands,Organic Search,SMB,20,True
4621,2024-07-11,Kuwait,Paid Ads,SMB,41,False
4622,2024-04-02,Spain,Referral,Mid Market,61,True
4623,2024-12-11,Cambodia,Referral,SMB,70,True
4624,2024-12-13,Togo,Partner,SMB,62,True
4625,2024-10-03,Saint Lucia,Social Media,Enterprise,53,True
4626,2024-07-26,Guatemala,Paid Ads,SMB,29,False
4627,2024-09-24,Canada,Referral,SMB,93,True
4628,2024-03-12,Djibouti,Partner,SMB,78,True
4629,2024-10-31,Luxembourg,Organic Search,SMB,88,True
4630,2024-12-15,India,Partner,SMB,99,True
4631,2024-11-07,Myanmar,Paid Ads,SMB,89,True
4632,2024-01-09,Kenya,Referral,SMB,24,True
4633,2024-06-18,Belgium,Organic Search,Enterprise,49,True
4634,2024-12-05,Saudi Arabia,Paid Ads,SMB,96,True
4635,2024-12-20,Cape Verde,Partner,SMB,57,True
4636,2024-11-27,Netherlands,Referral,SMB,97,True
4637,2024-06-21,Bosnia and Herzegovina,Paid Ads,SMB,100,True
4638,2024-02-03,Denmark,Organic Search,SMB,77,False
4639,2024-11-16,South Africa,Paid Ads,SMB,24,False
4640,2024-12-21,Dominican Republic,Social Media,SMB,42,True
4641,2024-04-30,Qatar,Paid Ads,SMB,69,False
4642,2024-09-01,Martinique,Referral,SMB,43,False
4643,2024-01-14,Iceland,Paid Ads,SMB,68,True
4644,2024-02-09,Venezuela,Paid Ads,SMB,100,True
4645,2024-12-05,Suriname,Social Media,SMB,88,True
4646,2024-09-09,British Indian Ocean Territory (Chagos Archipelago),Social Media,SMB,99,True
4647,2024-10-21,Senegal,Social Media,SMB,39,True
4648,2024-03-07,Kenya,Partner,SMB,45,True
4649,2024-09-09,Netherlands,Organic Search,Mid Market,88,True
4650,2024-06-11,Holy See (Vatican City State),Paid Ads,SMB,43,True
4651,2024-12-15,Czech Republic,Referral,SMB,54,True
4652,2024-01-16,Guinea-Bissau,Partner,Mid Market,69,True
4653,2024-07-14,Norway,Paid Ads,SMB,78,True
4654,2024-10-18,Saint Martin,Organic Search,SMB,35,False
4655,2024-03-26,Benin,Partner,Mid Market,42,False
4656,2024-06-24,Turkmenistan,Partner,SMB,43,True
4657,2024-09-25,Nepal,Social Media,SMB,70,True
4658,2024-04-10,Romania,Referral,SMB,98,True
4659,2024-05-30,Iceland,Referral,Mid Market,37,False
4660,2024-12-15,Saint Vincent and the Grenadines,Paid Ads,Mid Market,54,True
4661,2024-07-19,Yemen,Referral,Mid Market,44,True
4662,2024-10-06,Malaysia,Paid Ads,Enterprise,63,True
4663,2024-07-26,Slovakia (Slovak Republic),Referral,SMB,61,True
4664,2024-04-05,Brunei Darussalam,Paid Ads,Mid Market,81,True
4665,2024-04-01,Macao,Partner,SMB,93,True
4666,2024-03-28,Mayotte,Social Media,Enterprise,48,True
4667,2024-12-21,Slovenia,Referral,SMB,97,False
4668,2024-12-17,Rwanda,Partner,SMB,84,True
4669,2024-02-24,Guinea,Paid Ads,Mid Market,67,True
4670,2024-07-06,Jamaica,Organic Search,Enterprise,82,False
4671,2024-09-22,Libyan Arab Jamahiriya,Partner,Enterprise,91,True
4672,2024-06-15,Haiti,Organic Search,Mid Market,82,True
4673,2024-12-14,New Caledonia,Partner,Mid Market,48,False
4674,2024-01-04,Argentina,Referral,SMB,99,True
4675,2024-03-02,Brunei Darussalam,Paid Ads,Mid Market,29,False
4676,2024-02-27,El Salvador,Social Media,SMB,41,False
4677,2024-01-25,Burundi,Referral,SMB,62,True
4678,2024-10-24,Mozambique,Referral,SMB,24,True
4679,2024-02-14,Burkina Faso,Partner,SMB,59,True
4680,2024-02-15,Bhutan,Partner,SMB,33,True
4681,2024-06-16,New Zealand,Partner,SMB,47,True
4682,2024-03-29,Kiribati,Partner,Mid Market,47,True
4683,2024-08-02,Nicaragua,Social Media,Mid Market,87,True
4684,2024-02-19,Armenia,Referral,Mid Market,77,True
4685,2024-06-11,Hong Kong,Organic Search,SMB,99,True
4686,2024-05-16,Saint Pierre and Miquelon,Referral,Mid Market,33,False
4687,2024-05-25,Tonga,Organic Search,SMB,65,True
4688,2024-03-31,Seychelles,Social Media,SMB,87,True
4689,2024-03-03,Cook Islands,Paid Ads,SMB,91,True
4690,2024-01-31,Thailand,Paid Ads,Mid Market,36,False
4691,2024-09-01,Slovenia,Organic Search,SMB,36,False
4692,2024-04-30,Rwanda,Paid Ads,SMB,64,True
4693,2024-07-24,Thailand,Referral,Mid Market,62,True
4694,2024-10-12,Mali,Social Media,SMB,61,True
4695,2024-10-25,Cameroon,Paid Ads,SMB,77,True
4696,2024-10-02,Costa Rica,Social Media,SMB,41,True
4697,2024-03-11,Benin,Social Media,Mid Market,85,True
4698,2024-06-21,Sri Lanka,Partner,SMB,63,True
4699,2024-10-28,Nauru,Social Media,Enterprise,60,True
4700,2024-12-30,Maldives,Paid Ads,SMB,84,True
4701,2024-03-06,Egypt,Partner,Enterprise,35,True
4702,2024-02-12,Finland,Social Media,Enterprise,23,False
4703,2024-03-10,Netherlands Antilles,Organic Search,Mid Market,25,False
4704,2024-03-20,Montenegro,Partner,SMB,49,True
4705,2024-10-27,Korea,Referral,SMB,50,True
4706,2024-03-08,Gibraltar,Organic Search,Mid Market,60,False
4707,2024-02-05,Anguilla,Referral,SMB,63,True
4708,2024-09-03,Liechtenstein,Organic Search,SMB,74,True
4709,2024-10-11,Namibia,Referral,Mid Market,56,True
4710,2024-06-04,Honduras,Partner,Mid Market,87,True
4711,2024-11-11,Isle of Man,Social Media,SMB,99,True
4712,2024-09-08,Paraguay,Referral,SMB,48,True
4713,2024-08-04,Guinea,Social Media,Mid Market,76,True
4714,2024-05-29,Western Sahara,Social Media,SMB,20,True
4715,2024-03-07,Jordan,Partner,Mid Market,41,False
4716,2024-07-07,Equatorial Guinea,Partner,SMB,28,False
4717,2024-09-26,Nigeria,Referral,Mid Market,42,True
4718,2024-12-28,Korea,Paid Ads,Mid Market,33,True
4719,2024-03-09,Montserrat,Referral,Mid Market,36,True
4720,2024-04-12,Sao Tome and Principe,Paid Ads,SMB,20,False
4721,2024-11-16,Iran,Partner,Mid Market,27,True
4722,2024-07-12,Yemen,Organic Search,Mid Market,86,True
4723,2024-05-05,Lao People's Democratic Republic,Social Media,SMB,40,False
4724,2024-04-14,Saint Barthelemy,Paid Ads,SMB,23,True
4725,2024-09-29,Bahamas,Referral,Mid Market,71,True
4726,2024-09-22,French Southern Territories,Organic Search,Mid Market,42,False
4727,2024-04-02,Albania,Partner,SMB,61,True
4728,2024-05-13,Sierra Leone,Partner,SMB,54,True
4729,2024-09-04,Mauritania,Referral,SMB,93,True
4730,2024-01-17,Bangladesh,Partner,SMB,31,True
4731,2024-09-18,Pakistan,Social Media,SMB,90,True
4732,2024-05-03,Bulgaria,Organic Search,SMB,90,True
4733,2024-04-03,British Indian Ocean Territory (Chagos Archipelago),Social Media,Enterprise,80,True
4734,2024-03-30,Timor-Leste,Organic Search,SMB,47,True
4735,2024-04-11,Paraguay,Social Media,Mid Market,47,False
4736,2024-10-16,Dominica,Paid Ads,Enterprise,23,True
4737,2024-06-15,Belize,Referral,SMB,93,True
4738,2024-10-17,Tajikistan,Paid Ads,SMB,72,True
4739,2024-03-28,Tanzania,Organic Search,Mid Market,61,False
4740,2024-12-02,French Southern Territories,Paid Ads,SMB,58,True
4741,2024-04-30,Switzerland,Paid Ads,SMB,50,False
4742,2024-03-26,Belarus,Partner,Mid Market,51,True
4743,2024-10-22,Brunei Darussalam,Paid Ads,SMB,91,True
4744,2024-06-06,Czech Republic,Partner,SMB,82,True
4745,2024-11-26,Nigeria,Social Media,Mid Market,83,True
4746,2024-04-22,Kuwait,Referral,Mid Market,57,True
4747,2024-05-06,Barbados,Organic Search,SMB,53,True
4748,2024-05-09,Germany,Paid Ads,Mid Market,83,True
4749,2024-11-08,Palestinian Territory,Organic Search,SMB,77,True
4750,2024-11-05,Botswana,Paid Ads,SMB,43,True
4751,2024-10-19,British Indian Ocean Territory (Chagos Archipelago),Referral,SMB,40,False
4752,2024-01-29,Montserrat,Partner,SMB,96,True
4753,2024-08-27,Grenada,Paid Ads,Enterprise,34,True
4754,2024-04-19,Dominican Republic,Social Media,Mid Market,61,False
4755,2024-03-11,Venezuela,Paid Ads,Enterprise,86,True
4756,2024-05-04,Albania,Referral,SMB,32,False
4757,2024-03-09,Algeria,Partner,SMB,26,True
4758,2024-10-07,Grenada,Referral,SMB,25,False
4759,2024-05-15,Qatar,Paid Ads,SMB,79,True
4760,2024-09-22,United Kingdom,Paid Ads,SMB,92,True
4761,2024-08-12,Kuwait,Partner,Mid Market,67,False
4762,2024-12-07,United Arab Emirates,Paid Ads,SMB,50,True
4763,2024-11-22,Guinea-Bissau,Paid Ads,SMB,27,False
4764,2024-01-21,Congo,Referral,SMB,58,True
4765,2024-04-30,Faroe Islands,Social Media,Mid Market,93,True
4766,2024-10-20,Ecuador,Partner,SMB,28,False
4767,2024-06-26,Burundi,Referral,Enterprise,93,False
4768,2024-02-17,Jordan,Organic Search,Mid Market,93,True
4769,2024-03-26,Lithuania,Paid Ads,Mid Market,23,True
4770,2024-02-17,Andorra,Partner,SMB,55,True
4771,2024-11-30,Philippines,Paid Ads,SMB,98,False
4772,2024-04-10,Eritrea,Organic Search,SMB,80,True
4773,2024-02-12,Iran,Referral,Mid Market,83,True
4774,2024-02-17,Antarctica (the territory South of 60 deg S),Paid Ads,Enterprise,38,True
4775,2024-07-22,South Georgia and the South Sandwich Islands,Organic Search,Mid Market,39,True
4776,2024-02-29,Vietnam,Referral,SMB,78,True
4777,2024-07-28,Switzerland,Social Media,Mid Market,37,True
4778,2024-01-28,Guinea-Bissau,Organic Search,Mid Market,31,True
4779,2024-02-29,South Georgia and the South Sandwich Islands,Organic Search,SMB,33,False
4780,2024-03-07,Northern Mariana Islands,Referral,SMB,99,True
4781,2024-01-17,Mexico,Social Media,SMB,63,True
4782,2024-12-04,French Guiana,Paid Ads,Mid Market,51,True
4783,2024-04-11,Puerto Rico,Paid Ads,Mid Market,47,True
4784,2024-01-19,India,Partner,SMB,75,True
4785,2024-07-13,Australia,Partner,SMB,21,True
4786,2024-12-04,Serbia,Referral,SMB,58,True
4787,2024-09-23,Nigeria,Organic Search,SMB,56,True
4788,2024-03-31,Zambia,Organic Search,SMB,22,False
4789,2024-10-12,Northern Mariana Islands,Social Media,Mid Market,37,True
4790,2024-06-21,Austria,Organic Search,SMB,61,True
4791,2024-03-09,Kuwait,Referral,SMB,68,True
4792,2024-03-06,Latvia,Organic Search,Mid Market,95,True
4793,2024-04-09,Albania,Partner,Enterprise,64,True
4794,2024-07-13,Greece,Organic Search,Mid Market,20,True
4795,2024-04-19,Nauru,Paid Ads,SMB,36,False
4796,2024-12-21,Yemen,Paid Ads,SMB,22,False
4797,2024-02-19,Korea,Referral,Enterprise,35,False
4798,2024-03-13,Italy,Partner,SMB,65,True
4799,2024-10-08,Cameroon,Partner,SMB,69,True
4800,2024-06-06,Saint Martin,Referral,SMB,23,False
4801,2024-05-12,Cote d'Ivoire,Organic Search,Mid Market,39,True
4802,2024-01-14,Korea,Referral,Enterprise,26,True
4803,2024-08-04,Dominican Republic,Organic Search,SMB,40,False
4804,2024-09-02,Serbia,Referral,SMB,55,True
4805,2024-01-31,Ghana,Referral,SMB,27,True
4806,2024-08-14,Panama,Organic Search,SMB,95,True
4807,2024-01-12,French Southern Territories,Social Media,SMB,36,True
4808,2024-05-24,Iceland,Paid Ads,Mid Market,33,True
4809,2024-06-24,Gibraltar,Partner,SMB,40,True
4810,2024-12-16,Switzerland,Organic Search,SMB,56,False
4811,2024-01-17,Andorra,Referral,SMB,22,False
4812,2024-11-11,Austria,Partner,Enterprise,71,True
4813,2024-09-11,Greece,Paid Ads,Enterprise,77,True
4814,2024-07-07,Seychelles,Social Media,Mid Market,59,True
4815,2024-11-14,Aruba,Organic Search,SMB,95,True
4816,2024-12-12,Spain,Partner,SMB,74,False
4817,2024-03-29,Honduras,Referral,SMB,33,True
4818,2024-03-11,Guinea-Bissau,Partner,SMB,20,True
4819,2024-02-26,Oman,Organic Search,SMB,35,True
4820,2024-09-20,Jordan,Organic Search,SMB,23,True
4821,2024-07-30,Guatemala,Paid Ads,SMB,77,True
4822,2024-07-23,Faroe Islands,Partner,Mid Market,31,True
4823,2024-09-07,Panama,Referral,SMB,25,False
4824,2024-10-05,Christmas Island,Organic Search,SMB,66,False
4825,2024-08-17,Congo,Organic Search,SMB,23,True
4826,2024-02-25,Christmas Island,Partner,Mid Market,79,True
4827,2024-02-13,Armenia,Referral,SMB,72,True
4828,2024-08-19,Tuvalu,Organic Search,SMB,79,True
4829,2024-12-30,Panama,Referral,SMB,26,False
4830,2024-05-27,Malawi,Partner,Enterprise,55,True
4831,2024-09-08,Ghana,Partner,SMB,71,True
4832,2024-03-30,Australia,Organic Search,Mid Market,23,True
4833,2024-01-09,Tokelau,Paid Ads,SMB,64,False
4834,2024-09-29,Timor-Leste,Paid Ads,Mid Market,77,False
4835,2024-08-06,Sierra Leone,Social Media,SMB,83,True
4836,2024-01-16,Finland,Referral,SMB,20,True
4837,2024-06-19,Timor-Leste,Referral,Enterprise,45,True
4838,2024-11-06,Cote d'Ivoire,Social Media,SMB,76,True
4839,2024-05-10,Belize,Social Media,Mid Market,75,True
4840,2024-03-17,Saint Kitts and Nevis,Organic Search,SMB,28,False
4841,2024-09-25,Belarus,Referral,Mid Market,80,True
4842,2024-01-10,Albania,Organic Search,SMB,54,True
4843,2024-07-25,Pakistan,Social Media,SMB,59,True
4844,2024-06-18,Gibraltar,Paid Ads,SMB,28,True
4845,2024-02-29,Ghana,Organic Search,SMB,82,True
4846,2024-12-07,Mongolia,Social Media,SMB,52,True
4847,2024-01-20,Bouvet Island (Bouvetoya),Organic Search,Mid Market,53,True
4848,2024-10-26,Burundi,Referral,SMB,90,True
4849,2024-02-04,Christmas Island,Paid Ads,Mid Market,100,True
4850,2024-12-22,Ghana,Partner,SMB,60,True
4851,2024-05-07,Andorra,Organic Search,SMB,42,True
4852,2024-01-22,Puerto Rico,Partner,Mid Market,84,False
4853,2024-01-20,United States Minor Outlying Islands,Paid Ads,SMB,96,True
4854,2024-09-11,Kuwait,Social Media,Mid Market,87,True
4855,2024-09-09,Namibia,Referral,Mid Market,45,True
4856,2024-08-25,Austria,Paid Ads,SMB,35,True
4857,2024-07-31,Korea,Social Media,Mid Market,57,True
4858,2024-02-22,Serbia,Social Media,Enterprise,32,True
4859,2024-03-17,Cyprus,Referral,SMB,26,False
4860,2024-09-05,Nicaragua,Social Media,SMB,51,True
4861,2024-04-29,Wallis and Futuna,Referral,Mid Market,75,True
4862,2024-04-03,Aruba,Referral,Mid Market,85,True
4863,2024-12-08,Gibraltar,Paid Ads,SMB,94,True
4864,2024-10-18,Andorra,Organic Search,Enterprise,77,True
4865,2024-01-08,Saint Kitts and Nevis,Organic Search,Mid Market,53,True
4866,2024-03-25,New Zealand,Social Media,Mid Market,37,True
4867,2024-01-14,India,Referral,SMB,85,True
4868,2024-08-23,Panama,Paid Ads,Mid Market,33,False
4869,2024-02-15,Gabon,Social Media,SMB,40,True
4870,2024-12-04,Grenada,Organic Search,Mid Market,100,True
4871,2024-05-12,Burkina Faso,Organic Search,Mid Market,89,True
4872,2024-02-12,Monaco,Referral,SMB,98,False
4873,2024-10-19,Macao,Paid Ads,SMB,94,True
4874,2024-08-17,South Africa,Referral,Mid Market,30,True
4875,2024-08-15,Guinea,Organic Search,Mid Market,88,True
4876,2024-09-14,Guernsey,Paid Ads,Enterprise,85,True
4877,2024-01-16,Mozambique,Organic Search,Enterprise,71,True
4878,2024-05-13,Iceland,Partner,SMB,40,True
4879,2024-03-02,Trinidad and Tobago,Social Media,Enterprise,65,True
4880,2024-09-24,Slovakia (Slovak Republic),Paid Ads,Mid Market,49,True
4881,2024-10-19,Iran,Social Media,Enterprise,67,True
4882,2024-08-12,Mauritius,Organic Search,SMB,27,True
4883,2024-01-14,Korea,Partner,SMB,73,True
4884,2024-08-30,Monaco,Partner,SMB,31,False
4885,2024-04-02,Iran,Referral,SMB,30,True
4886,2024-06-02,Solomon Islands,Paid Ads,SMB,30,False
4887,2024-03-21,Guatemala,Paid Ads,Mid Market,95,True
4888,2024-05-18,Saint Lucia,Referral,SMB,74,False
4889,2024-10-13,Russian Federation,Paid Ads,SMB,70,False
4890,2024-10-23,Paraguay,Social Media,Mid Market,26,True
4891,2024-05-16,New Zealand,Organic Search,SMB,49,True
4892,2024-12-31,Nigeria,Organic Search,SMB,31,True
4893,2024-10-24,Central African Republic,Social Media,SMB,74,True
4894,2024-01-23,Jordan,Social Media,Mid Market,51,True
4895,2024-03-31,Nicaragua,Social Media,SMB,90,True
4896,2024-10-12,Moldova,Referral,SMB,68,True
4897,2024-06-30,Iceland,Organic Search,Mid Market,78,True
4898,2024-10-24,Guinea-Bissau,Social Media,SMB,25,True
4899,2024-11-05,Kuwait,Social Media,Mid Market,56,False
4900,2024-11-08,Sudan,Social Media,SMB,51,True
4901,2024-05-15,Hungary,Paid Ads,SMB,54,True
4902,2024-08-19,Afghanistan,Paid Ads,SMB,28,True
4903,2024-08-15,United States Minor Outlying Islands,Organic Search,SMB,63,True
4904,2024-02-22,Tonga,Social Media,SMB,65,True
4905,2024-10-23,Armenia,Referral,Mid Market,72,True
4906,2024-05-20,Turkey,Paid Ads,SMB,20,False
4907,2024-09-14,Kenya,Paid Ads,Enterprise,48,True
4908,2024-05-16,Luxembourg,Paid Ads,SMB,84,True
4909,2024-04-26,Nepal,Paid Ads,SMB,75,True
4910,2024-03-11,France,Partner,SMB,39,False
4911,2024-09-26,Mozambique,Social Media,Mid Market,28,False
4912,2024-08-05,Guatemala,Organic Search,Mid Market,28,True
4913,2024-02-15,Benin,Partner,SMB,34,False
4914,2024-10-27,Luxembourg,Referral,SMB,96,True
4915,2024-11-23,Gabon,Referral,Enterprise,46,True
4916,2024-12-31,Morocco,Social Media,SMB,47,True
4917,2024-08-31,Mayotte,Social Media,Mid Market,63,True
4918,2024-04-05,Saint Pierre and Miquelon,Referral,SMB,52,True
4919,2024-06-13,Belarus,Paid Ads,SMB,71,True
4920,2024-06-19,Kiribati,Organic Search,Enterprise,66,True
4921,2024-05-22,Norway,Partner,SMB,53,False
4922,2024-03-04,Libyan Arab Jamahiriya,Paid Ads,SMB,60,False
4923,2024-11-28,Qatar,Organic Search,Mid Market,57,True
4924,2024-05-20,Ecuador,Organic Search,Mid Market,73,False
4925,2024-07-24,Guadeloupe,Organic Search,SMB,81,True
4926,2024-02-03,Japan,Paid Ads,SMB,53,True
4927,2024-10-31,Serbia,Paid Ads,SMB,89,True
4928,2024-11-18,Montserrat,Organic Search,SMB,20,True
4929,2024-07-24,British Indian Ocean Territory (Chagos Archipelago),Social Media,Mid Market,38,True
4930,2024-02-19,Northern Mariana Islands,Partner,SMB,54,True
4931,2024-07-30,Myanmar,Paid Ads,Mid Market,33,False
4932,2024-04-25,Paraguay,Partner,Mid Market,70,True
4933,2024-11-16,Guinea,Social Media,Enterprise,89,True
4934,2024-08-04,Jamaica,Paid Ads,Mid Market,99,True
4935,2024-05-07,Colombia,Paid Ads,SMB,99,True
4936,2024-10-08,Italy,Social Media,SMB,84,True
4937,2024-07-14,Sierra Leone,Paid Ads,SMB,31,True
4938,2024-06-16,Gabon,Partner,SMB,60,True
4939,2024-12-03,New Caledonia,Organic Search,SMB,98,True
4940,2024-03-10,Vietnam,Paid Ads,Mid Market,27,True
4941,2024-12-17,Saudi Arabia,Social Media,Enterprise,51,True
4942,2024-12-22,Bosnia and Herzegovina,Social Media,Mid Market,25,True
4943,2024-06-28,Suriname,Organic Search,SMB,30,True
4944,2024-08-04,Ecuador,Organic Search,SMB,96,True
4945,2024-10-02,Turkey,Paid Ads,Mid Market,46,False
4946,2024-08-03,Bouvet Island (Bouvetoya),Partner,SMB,36,True
4947,2024-02-21,Vietnam,Paid Ads,SMB,61,True
4948,2024-07-09,Ghana,Paid Ads,SMB,82,True
4949,2024-01-04,Eritrea,Organic Search,SMB,93,False
4950,2024-06-03,Romania,Referral,SMB,94,True
4951,2024-05-08,Guadeloupe,Referral,SMB,68,True
4952,2024-07-11,Madagascar,Partner,Mid Market,91,True
4953,2024-11-10,Netherlands,Social Media,SMB,72,True
4954,2024-01-26,Honduras,Partner,Mid Market,53,True
4955,2024-03-23,Greenland,Organic Search,Mid Market,59,True
4956,2024-06-10,Korea,Social Media,Mid Market,82,True
4957,2024-08-14,Spain,Partner,SMB,23,True
4958,2024-10-19,Hong Kong,Social Media,Mid Market,59,True
4959,2024-06-12,Mayotte,Referral,SMB,84,True
4960,2024-11-07,Congo,Organic Search,SMB,51,True
4961,2024-07-08,Korea,Partner,Mid Market,68,True
4962,2024-03-07,Puerto Rico,Referral,Mid Market,63,True
4963,2024-12-24,Bouvet Island (Bouvetoya),Partner,SMB,70,True
4964,2024-11-19,Nicaragua,Partner,Mid Market,64,True
4965,2024-04-27,Romania,Organic Search,SMB,74,True
4966,2024-03-23,Afghanistan,Referral,SMB,39,True
4967,2024-05-30,Korea,Referral,Enterprise,77,True
4968,2024-08-07,France,Social Media,Mid Market,80,False
4969,2024-06-08,Thailand,Social Media,SMB,60,True
4970,2024-11-09,Netherlands Antilles,Organic Search,SMB,33,True
4971,2024-02-10,Lesotho,Referral,SMB,32,True
4972,2024-02-17,Bhutan,Partner,Enterprise,84,True
4973,2024-05-08,Benin,Paid Ads,Mid Market,69,True
4974,2024-01-31,Portugal,Organic Search,Mid Market,88,True
4975,2024-01-08,Croatia,Organic Search,SMB,86,True
4976,2024-07-21,Saint Barthelemy,Social Media,Mid Market,91,False
4977,2024-03-06,Congo,Referral,Mid Market,42,True
4978,2024-10-22,India,Paid Ads,Mid Market,65,True
4979,2024-08-15,Cuba,Organic Search,Enterprise,54,True
4980,2024-08-16,Ukraine,Referral,Enterprise,72,True
4981,2024-05-14,New Caledonia,Referral,Mid Market,74,True
4982,2024-02-08,New Zealand,Referral,Mid Market,41,False
4983,2024-01-28,Nicaragua,Referral,SMB,49,True
4984,2024-09-02,Grenada,Partner,SMB,64,True
4985,2024-12-22,Kazakhstan,Paid Ads,Mid Market,88,True
4986,2024-01-25,Sao Tome and Principe,Social Media,SMB,41,False
4987,2024-07-07,Denmark,Partner,Enterprise,42,False
4988,2024-06-07,Egypt,Referral,SMB,91,True
4989,2024-12-21,Cyprus,Referral,SMB,52,True
4990,2024-07-04,Slovakia (Slovak Republic),Partner,SMB,74,True
4991,2024-05-10,Chad,Partner,Mid Market,56,True
4992,2024-11-29,Central African Republic,Social Media,SMB,38,True
4993,2024-04-10,Germany,Organic Search,SMB,44,True
4994,2024-03-19,Vanuatu,Social Media,SMB,88,True
4995,2024-11-10,Northern Mariana Islands,Social Media,Mid Market,99,True
4996,2024-02-13,Comoros,Social Media,SMB,70,True
4997,2024-04-15,Bouvet Island (Bouvetoya),Referral,Mid Market,41,True
4998,2024-09-07,Pitcairn Islands,Referral,SMB,91,True
4999,2024-10-02,Gibraltar,Social Media,Mid Market,29,True
5000,2024-08-31,Brunei Darussalam,Partner,Mid Market,89,True
5001,2024-02-01,Uruguay,Organic Search,Mid Market,69,True
5002,2024-05-06,Nigeria,Organic Search,SMB,44,False
5003,2024-01-17,Slovenia,Social Media,Mid Market,49,True
5004,2024-06-15,Finland,Paid Ads,SMB,38,True
5005,2024-05-16,Falkland Islands (Malvinas),Paid Ads,Mid Market,62,True
5006,2024-04-27,Angola,Partner,SMB,33,True
5007,2024-09-20,Fiji,Organic Search,Mid Market,70,True
5008,2024-08-13,Maldives,Social Media,SMB,85,True
5009,2024-02-04,Mexico,Social Media,SMB,42,True
5010,2024-05-22,Moldova,Partner,SMB,66,True
5011,2024-05-13,Ghana,Partner,SMB,88,True
5012,2024-04-17,Cayman Islands,Paid Ads,Mid Market,28,False
5013,2024-08-31,Jordan,Paid Ads,Mid Market,77,True
5014,2024-12-26,Marshall Islands,Paid Ads,SMB,61,True
5015,2024-05-03,Puerto Rico,Paid Ads,SMB,88,True
5016,2024-08-21,Guinea,Paid Ads,SMB,52,True
5017,2024-10-02,Australia,Social Media,Mid Market,92,True
5018,2024-10-23,Ecuador,Social Media,Enterprise,87,False
5019,2024-09-20,Myanmar,Referral,Mid Market,96,True
5020,2024-02-01,Myanmar,Partner,Enterprise,60,True
5021,2024-09-03,Palau,Paid Ads,Mid Market,81,True
5022,2024-02-23,Saint Lucia,Partner,Mid Market,37,True
5023,2024-05-09,Northern Mariana Islands,Social Media,SMB,31,True
5024,2024-11-02,Egypt,Paid Ads,Mid Market,68,True
5025,2024-12-29,Italy,Partner,SMB,36,True
5026,2024-04-14,United States of America,Paid Ads,Mid Market,95,True
5027,2024-08-18,Heard Island and McDonald Islands,Referral,SMB,50,True
5028,2024-10-17,Switzerland,Organic Search,SMB,34,True
5029,2024-11-26,Uruguay,Paid Ads,SMB,70,True
5030,2024-03-21,Benin,Paid Ads,SMB,42,True
5031,2024-09-21,South Georgia and the South Sandwich Islands,Paid Ads,Enterprise,93,True
5032,2024-10-12,Saint Helena,Referral,SMB,35,True
5033,2024-01-23,Belarus,Organic Search,SMB,49,False
5034,2024-03-30,Switzerland,Organic Search,SMB,86,True
5035,2024-07-16,Timor-Leste,Social Media,SMB,34,True
5036,2024-01-24,Mauritania,Organic Search,SMB,100,True
5037,2024-11-01,Mauritania,Paid Ads,Enterprise,81,True
5038,2024-07-16,Bolivia,Organic Search,SMB,30,True
5039,2024-05-31,Egypt,Referral,SMB,31,True
5040,2024-05-27,Mauritania,Organic Search,Enterprise,50,False
5041,2024-10-10,Senegal,Partner,Enterprise,51,False
5042,2024-11-24,Bangladesh,Organic Search,SMB,26,False
5043,2024-09-04,Cape Verde,Partner,SMB,90,True
5044,2024-11-24,Lesotho,Referral,SMB,59,True
5045,2024-07-28,Madagascar,Paid Ads,SMB,32,True
5046,2024-01-18,Singapore,Organic Search,SMB,22,True
5047,2024-08-22,Marshall Islands,Social Media,Enterprise,20,True
5048,2024-07-08,Afghanistan,Partner,Enterprise,95,True
5049,2024-07-13,Bahrain,Social Media,Mid Market,62,True
5050,2024-01-11,Slovenia,Organic Search,SMB,69,True
5051,2024-08-04,Burkina Faso,Partner,SMB,21,False
5052,2024-11-27,Niger,Social Media,Enterprise,58,True
5053,2024-02-14,Martinique,Organic Search,Mid Market,48,True
5054,2024-05-24,Belize,Organic Search,Mid Market,89,True
5055,2024-06-14,Algeria,Organic Search,SMB,95,True
5056,2024-05-17,Latvia,Paid Ads,SMB,86,True
5057,2024-11-10,Ecuador,Organic Search,SMB,91,False
5058,2024-04-09,Lebanon,Social Media,SMB,45,True
5059,2024-05-30,Tanzania,Paid Ads,SMB,88,True
5060,2024-10-17,Canada,Paid Ads,Mid Market,40,False
5061,2024-07-17,Turks and Caicos Islands,Paid Ads,SMB,21,False
5062,2024-09-27,Singapore,Referral,SMB,91,True
5063,2024-10-11,Netherlands,Paid Ads,Mid Market,92,True
5064,2024-03-01,Morocco,Social Media,SMB,82,True
5065,2024-11-10,Madagascar,Organic Search,SMB,67,True
5066,2024-10-29,Sweden,Social Media,SMB,78,True
5067,2024-02-09,Namibia,Paid Ads,SMB,68,True
5068,2024-01-12,Isle of Man,Paid Ads,SMB,22,True
5069,2024-02-14,British Indian Ocean Territory (Chagos Archipelago),Referral,SMB,65,False
5070,2024-08-20,Central African Republic,Paid Ads,SMB,43,False
5071,2024-07-13,Portugal,Organic Search,SMB,30,False
5072,2024-10-10,French Guiana,Organic Search,Mid Market,93,True
5073,2024-07-07,Jamaica,Referral,Enterprise,79,True
5074,2024-07-03,Armenia,Partner,SMB,35,True
5075,2024-08-23,New Zealand,Social Media,SMB,31,False
5076,2024-12-09,Myanmar,Referral,SMB,69,True
5077,2024-11-04,Iran,Referral,Mid Market,32,False
5078,2024-10-04,Libyan Arab Jamahiriya,Paid Ads,SMB,31,True
5079,2024-11-07,Peru,Paid Ads,SMB,37,False
5080,2024-08-11,Pitcairn Islands,Partner,SMB,38,True
5081,2024-11-04,Trinidad and Tobago,Social Media,SMB,95,True
5082,2024-02-08,Belgium,Social Media,SMB,53,True
5083,2024-07-06,Liberia,Partner,Enterprise,33,False
5084,2024-10-10,Antigua and Barbuda,Partner,Mid Market,67,True
5085,2024-09-05,Guyana,Organic Search,SMB,84,True
5086,2024-03-05,Gabon,Organic Search,Mid Market,38,False
5087,2024-03-05,Gambia,Partner,SMB,20,False
5088,2024-12-29,Bahrain,Paid Ads,SMB,26,False
5089,2024-02-02,Tuvalu,Social Media,SMB,63,True
5090,2024-07-28,Norway,Partner,Enterprise,78,True
5091,2024-03-28,Armenia,Referral,Mid Market,55,True
5092,2024-08-28,Korea,Referral,SMB,91,True
5093,2024-11-08,Trinidad and Tobago,Partner,Mid Market,55,True
5094,2024-01-03,Afghanistan,Organic Search,SMB,86,True
5095,2024-11-29,Denmark,Paid Ads,SMB,53,True
5096,2024-08-19,Pakistan,Referral,SMB,73,True
5097,2024-02-07,Ireland,Social Media,Enterprise,89,True
5098,2024-07-10,Monaco,Organic Search,SMB,27,True
5099,2024-06-28,Costa Rica,Paid Ads,Mid Market,27,True
5100,2024-02-16,United States Minor Outlying Islands,Organic Search,SMB,20,False
5101,2024-11-08,New Zealand,Referral,Mid Market,33,True
5102,2024-12-02,Costa Rica,Organic Search,SMB,74,True
5103,2024-02-11,Venezuela,Organic Search,Mid Market,49,True
5104,2024-08-13,Cook Islands,Organic Search,Mid Market,37,True
5105,2024-04-12,Hong Kong,Organic Search,SMB,29,True
5106,2024-08-08,Cambodia,Paid Ads,SMB,21,True
5107,2024-01-03,South Africa,Social Media,SMB,31,False
5108,2024-09-15,Marshall Islands,Paid Ads,Mid Market,91,True
5109,2024-12-30,Macao,Partner,Mid Market,49,True
5110,2024-11-26,Cyprus,Referral,Mid Market,86,True
5111,2024-08-27,Nauru,Social Media,SMB,93,True
5112,2024-04-19,Comoros,Social Media,SMB,96,True
5113,2024-05-11,Fiji,Partner,Enterprise,34,False
5114,2024-07-30,Saint Vincent and the Grenadines,Organic Search,Enterprise,85,True
5115,2024-03-13,Belize,Social Media,SMB,59,True
5116,2024-10-02,Zimbabwe,Organic Search,SMB,29,True
5117,2024-01-19,British Virgin Islands,Partner,SMB,39,False
5118,2024-06-29,Tuvalu,Paid Ads,Mid Market,71,True
5119,2024-04-23,Benin,Referral,SMB,57,True
5120,2024-04-19,Pakistan,Partner,SMB,87,True
5121,2024-05-03,San Marino,Partner,Mid Market,39,False
5122,2024-08-03,Iceland,Paid Ads,SMB,54,False
5123,2024-10-06,Papua New Guinea,Social Media,SMB,74,True
5124,2024-08-17,Dominican Republic,Referral,SMB,48,True
5125,2024-05-08,Bermuda,Partner,Enterprise,84,True
5126,2024-04-09,Egypt,Paid Ads,SMB,42,True
5127,2024-06-11,United States Virgin Islands,Referral,SMB,100,True
5128,2024-06-01,Afghanistan,Social Media,Enterprise,89,True
5129,2024-01-25,Portugal,Partner,SMB,77,False
5130,2024-08-15,United Kingdom,Partner,Mid Market,70,False
5131,2024-07-03,Mayotte,Social Media,Mid Market,65,True
5132,2024-02-10,Burkina Faso,Partner,Enterprise,40,True
5133,2024-04-15,Dominican Republic,Paid Ads,SMB,21,True
5134,2024-10-31,Palau,Organic Search,SMB,62,True
5135,2024-06-15,Italy,Organic Search,SMB,100,True
5136,2024-12-24,Senegal,Partner,Mid Market,96,True
5137,2024-02-22,Grenada,Referral,SMB,30,True
5138,2024-02-21,United States Minor Outlying Islands,Social Media,Mid Market,69,True
5139,2024-02-18,Congo,Paid Ads,Enterprise,22,False
5140,2024-03-13,Luxembourg,Partner,Mid Market,76,True
5141,2024-12-15,Saint Pierre and Miquelon,Social Media,SMB,42,True
5142,2024-03-27,Ghana,Organic Search,SMB,99,True
5143,2024-07-08,Ukraine,Referral,SMB,54,True
5144,2024-12-23,Macao,Organic Search,Mid Market,20,True
5145,2024-02-12,Cape Verde,Referral,SMB,60,True
5146,2024-10-16,Niger,Partner,Mid Market,27,True
5147,2024-01-06,Zimbabwe,Referral,Mid Market,26,False
5148,2024-02-10,Bhutan,Partner,SMB,47,True
5149,2024-04-03,Guyana,Partner,Enterprise,95,True
5150,2024-05-12,Ghana,Social Media,Mid Market,99,True
5151,2024-06-22,Bolivia,Organic Search,SMB,25,True
5152,2024-09-09,Argentina,Organic Search,Mid Market,44,False
5153,2024-03-07,Venezuela,Social Media,SMB,26,True
5154,2024-06-30,New Caledonia,Paid Ads,Mid Market,23,False
5155,2024-04-28,Greece,Organic Search,SMB,70,True
5156,2024-05-27,Jersey,Paid Ads,SMB,58,False
5157,2024-01-07,Kazakhstan,Referral,Mid Market,94,True
5158,2024-03-01,Lao People's Democratic Republic,Organic Search,SMB,36,True
5159,2024-01-17,Hong Kong,Referral,SMB,84,True
5160,2024-11-09,Belgium,Partner,SMB,89,True
5161,2024-06-02,Andorra,Paid Ads,Enterprise,48,True
5162,2024-11-30,Argentina,Partner,Mid Market,98,True
5163,2024-03-30,Romania,Paid Ads,SMB,51,True
5164,2024-07-10,Czech Republic,Paid Ads,SMB,25,True
5165,2024-07-04,Montserrat,Social Media,SMB,27,False
5166,2024-07-27,Vietnam,Social Media,SMB,93,True
5167,2024-01-07,Somalia,Organic Search,SMB,74,True
5168,2024-10-07,New Caledonia,Organic Search,SMB,69,True
5169,2024-08-12,Uruguay,Social Media,SMB,50,False
5170,2024-09-02,Anguilla,Paid Ads,SMB,36,True
5171,2024-04-21,Micronesia,Referral,SMB,56,True
5172,2024-06-06,British Indian Ocean Territory (Chagos Archipelago),Paid Ads,Mid Market,67,True
5173,2024-04-25,Bhutan,Organic Search,SMB,82,True
5174,2024-08-22,Faroe Islands,Social Media,Mid Market,40,False
5175,2024-06-20,Turks and Caicos Islands,Partner,SMB,40,False
5176,2024-11-20,North Macedonia,Partner,Mid Market,29,True
5177,2024-09-09,Portugal,Referral,Enterprise,60,True
5178,2024-05-10,North Macedonia,Referral,Mid Market,43,True
5179,2024-05-26,Reunion,Organic Search,SMB,52,True
5180,2024-04-04,French Southern Territories,Paid Ads,SMB,43,True
5181,2024-12-04,Saint Helena,Paid Ads,Mid Market,39,True
5182,2024-04-22,Mayotte,Referral,SMB,32,False
5183,2024-02-05,Heard Island and McDonald Islands,Organic Search,Mid Market,24,True
5184,2024-10-19,Timor-Leste,Organic Search,Mid Market,73,True
5185,2024-12-12,Thailand,Organic Search,SMB,20,True
5186,2024-11-22,Guatemala,Paid Ads,SMB,72,True
5187,2024-09-18,Bangladesh,Partner,SMB,39,True
5188,2024-02-29,Timor-Leste,Organic Search,SMB,76,True
5189,2024-04-22,Fiji,Referral,Mid Market,20,True
5190,2024-05-24,Denmark,Partner,Enterprise,78,True
5191,2024-06-20,Venezuela,Paid Ads,SMB,89,True
5192,2024-08-18,Guyana,Partner,Mid Market,43,True
5193,2024-02-14,Norway,Referral,SMB,95,False
5194,2024-08-04,Malta,Partner,SMB,25,True
5195,2024-04-28,Togo,Referral,SMB,42,False
5196,2024-01-05,Kyrgyz Republic,Referral,SMB,65,True
5197,2024-09-23,Singapore,Referral,SMB,79,True
5198,2024-08-25,Nigeria,Organic Search,Mid Market,36,True
5199,2024-01-01,Antigua and Barbuda,Social Media,SMB,64,True
5200,2024-03-23,Czech Republic,Referral,Mid Market,90,True
5201,2024-01-04,Vietnam,Referral,SMB,41,False
5202,2024-02-20,Jordan,Paid Ads,Mid Market,41,True
5203,2024-02-04,Indonesia,Partner,Enterprise,87,True
5204,2024-03-04,Estonia,Paid Ads,SMB,82,True
5205,2024-01-03,Mongolia,Partner,SMB,75,True
5206,2024-02-24,Kyrgyz Republic,Organic Search,SMB,47,True
5207,2024-10-01,British Indian Ocean Territory (Chagos Archipelago),Partner,SMB,90,True
5208,2024-02-11,Western Sahara,Paid Ads,Mid Market,92,True
5209,2024-08-25,Azerbaijan,Social Media,SMB,32,True
5210,2024-07-14,Algeria,Paid Ads,SMB,26,True
5211,2024-06-22,French Polynesia,Referral,SMB,97,True
5212,2024-04-20,Netherlands,Organic Search,SMB,68,True
5213,2024-11-07,Svalbard & Jan Mayen Islands,Referral,SMB,94,True
5214,2024-09-02,Madagascar,Referral,Mid Market,55,True
5215,2024-06-18,France,Partner,Mid Market,32,False
5216,2024-09-20,Eritrea,Referral,SMB,81,True
5217,2024-03-24,Estonia,Organic Search,SMB,90,False
5218,2024-04-19,Bangladesh,Paid Ads,SMB,36,False
5219,2024-11-16,Ethiopia,Referral,SMB,39,True
5220,2024-01-31,India,Partner,SMB,55,True
5221,2024-09-06,Iran,Partner,Mid Market,36,True
5222,2024-09-25,Hong Kong,Organic Search,SMB,66,True
5223,2024-10-22,Mali,Paid Ads,Mid Market,21,False
5224,2024-12-10,Zambia,Referral,Mid Market,21,False
5225,2024-03-06,Dominica,Organic Search,Mid Market,26,False
5226,2024-05-21,Jersey,Referral,SMB,36,True
5227,2024-03-07,Honduras,Social Media,SMB,36,True
5228,2024-12-22,United Arab Emirates,Organic Search,SMB,44,True
5229,2024-01-22,Indonesia,Referral,SMB,73,True
5230,2024-06-20,Gambia,Organic Search,SMB,70,True
5231,2024-04-10,Cape Verde,Organic Search,Mid Market,27,False
5232,2024-06-25,Georgia,Paid Ads,SMB,76,True
5233,2024-08-21,Mauritius,Social Media,SMB,94,True
5234,2024-02-19,Congo,Paid Ads,SMB,36,True
5235,2024-02-06,Israel,Organic Search,Mid Market,96,True
5236,2024-02-15,India,Social Media,Mid Market,29,True
5237,2024-08-28,Philippines,Partner,SMB,97,True
5238,2024-01-21,United States of America,Referral,SMB,87,True
5239,2024-04-21,Iceland,Organic Search,Enterprise,23,True
5240,2024-05-14,Malta,Referral,Mid Market,89,True
5241,2024-05-21,Isle of Man,Organic Search,Mid Market,70,True
5242,2024-03-24,Cambodia,Referral,SMB,45,True
5243,2024-03-01,Chad,Social Media,SMB,84,True
5244,2024-01-29,Mauritius,Partner,SMB,67,True
5245,2024-08-01,Grenada,Social Media,SMB,25,True
5246,2024-07-15,Bosnia and Herzegovina,Referral,Mid Market,39,True
5247,2024-02-13,Libyan Arab Jamahiriya,Paid Ads,SMB,70,True
5248,2024-07-04,Cote d'Ivoire,Partner,SMB,94,True
5249,2024-05-26,Norway,Partner,SMB,24,True
5250,2024-08-13,Azerbaijan,Social Media,SMB,45,True
5251,2024-12-16,Bulgaria,Partner,Mid Market,44,True
5252,2024-04-25,Cook Islands,Paid Ads,SMB,21,False
5253,2024-06-03,Czech Republic,Paid Ads,SMB,78,True
5254,2024-04-07,Bermuda,Referral,Mid Market,69,True
5255,2024-03-09,Netherlands Antilles,Social Media,Mid Market,35,True
5256,2024-02-15,Mayotte,Partner,Enterprise,52,True
5257,2024-04-20,Kyrgyz Republic,Social Media,Mid Market,63,True
5258,2024-12-01,Burundi,Paid Ads,Mid Market,54,False
5259,2024-12-10,Kenya,Referral,SMB,85,True
5260,2024-09-19,Barbados,Organic Search,SMB,83,True
5261,2024-10-31,Finland,Paid Ads,SMB,99,True
5262,2024-07-27,Guadeloupe,Referral,Mid Market,59,True
5263,2024-12-30,British Virgin Islands,Organic Search,Mid Market,93,False
5264,2024-12-15,Pakistan,Social Media,SMB,45,True
5265,2024-10-13,Mongolia,Partner,Mid Market,37,False
5266,2024-05-24,French Polynesia,Social Media,Enterprise,43,True
5267,2024-07-06,Cape Verde,Organic Search,SMB,50,False
5268,2024-04-25,Jersey,Referral,SMB,45,True
5269,2024-01-18,Northern Mariana Islands,Referral,SMB,66,True
5270,2024-12-08,Chad,Paid Ads,SMB,23,True
5271,2024-07-10,Niger,Partner,SMB,79,False
5272,2024-07-18,Gambia,Paid Ads,Mid Market,83,True
5273,2024-06-18,Latvia,Social Media,SMB,54,True
5274,2024-11-21,Indonesia,Partner,Enterprise,66,True
5275,2024-05-02,Iraq,Social Media,SMB,80,True
5276,2024-05-18,China,Social Media,SMB,96,True
5277,2024-09-14,Macao,Social Media,Enterprise,28,True
5278,2024-08-08,Lesotho,Referral,Enterprise,36,False
5279,2024-02-10,Guadeloupe,Referral,SMB,67,False
5280,2024-01-12,North Macedonia,Paid Ads,Mid Market,21,True
5281,2024-10-20,Holy See (Vatican City State),Partner,Enterprise,99,True
5282,2024-06-05,Seychelles,Paid Ads,SMB,63,False
5283,2024-04-04,Afghanistan,Social Media,SMB,61,True
5284,2024-07-09,Rwanda,Paid Ads,SMB,58,True
5285,2024-08-16,Western Sahara,Referral,SMB,50,True
5286,2024-01-07,Serbia,Social Media,Mid Market,55,True
5287,2024-03-10,Isle of Man,Referral,SMB,95,False
5288,2024-03-01,Trinidad and Tobago,Partner,SMB,35,False
5289,2024-05-26,Mozambique,Organic Search,Enterprise,53,False
5290,2024-11-29,Uruguay,Paid Ads,SMB,51,True
5291,2024-03-21,Marshall Islands,Social Media,Mid Market,58,True
5292,2024-06-11,Sri Lanka,Partner,SMB,27,True
5293,2024-08-19,Zambia,Paid Ads,SMB,78,True
5294,2024-04-25,Luxembourg,Organic Search,Enterprise,22,False
5295,2024-01-16,Christmas Island,Paid Ads,Mid Market,35,True
5296,2024-09-10,Saint Lucia,Paid Ads,Mid Market,41,True
5297,2024-03-13,Gabon,Organic Search,SMB,90,True
5298,2024-08-16,Qatar,Organic Search,Enterprise,91,True
5299,2024-05-23,Luxembourg,Partner,SMB,66,True
5300,2024-12-02,Guam,Partner,Mid Market,42,True
5301,2024-08-09,Oman,Paid Ads,Mid Market,53,True
5302,2024-05-16,Nicaragua,Social Media,SMB,83,True
5303,2024-04-09,Cyprus,Referral,Mid Market,23,True
5304,2024-12-20,Bolivia,Paid Ads,SMB,63,True
5305,2024-03-16,Korea,Referral,Enterprise,79,True
5306,2024-08-19,Ghana,Referral,SMB,71,True
5307,2024-12-15,British Virgin Islands,Partner,SMB,44,False
5308,2024-08-27,Luxembourg,Organic Search,SMB,27,False
5309,2024-11-26,Gabon,Organic Search,Enterprise,100,True
5310,2024-12-24,Romania,Partner,Mid Market,76,True
5311,2024-10-01,Bulgaria,Organic Search,SMB,67,True
5312,2024-06-15,Micronesia,Paid Ads,Mid Market,25,False
5313,2024-01-19,Pakistan,Organic Search,Enterprise,81,False
5314,2024-12-15,Gibraltar,Referral,Mid Market,28,True
5315,2024-06-07,Turkey,Referral,SMB,44,True
5316,2024-03-02,Vanuatu,Social Media,SMB,58,False
5317,2024-04-26,Jersey,Paid Ads,Mid Market,35,True
5318,2024-04-21,Croatia,Social Media,SMB,100,True
5319,2024-12-21,Mali,Organic Search,SMB,41,False
5320,2024-01-18,Mali,Referral,SMB,68,True
5321,2024-11-14,Bosnia and Herzegovina,Partner,SMB,39,True
5322,2024-09-22,Albania,Social Media,SMB,23,False
5323,2024-11-03,Canada,Referral,SMB,100,True
5324,2024-09-05,United States of America,Referral,SMB,67,True
5325,2024-11-11,Congo,Partner,Mid Market,47,True
5326,2024-04-30,Saint Martin,Referral,SMB,76,True
5327,2024-04-26,Poland,Paid Ads,SMB,86,True
5328,2024-11-04,Samoa,Paid Ads,SMB,56,False
5329,2024-07-05,Aruba,Social Media,Mid Market,48,True
5330,2024-06-30,Sao Tome and Principe,Referral,SMB,74,True
5331,2024-08-06,Israel,Organic Search,SMB,24,True
5332,2024-08-28,India,Social Media,SMB,26,False
5333,2024-10-09,Swaziland,Social Media,SMB,43,True
5334,2024-07-18,British Indian Ocean Territory (Chagos Archipelago),Paid Ads,SMB,35,False
5335,2024-09-15,Eritrea,Referral,Mid Market,45,True
5336,2024-07-14,Congo,Organic Search,SMB,82,True
5337,2024-03-04,Dominica,Referral,SMB,65,True
5338,2024-11-26,Turkey,Paid Ads,SMB,91,True
5339,2024-12-13,Yemen,Paid Ads,Mid Market,43,True
5340,2024-12-27,Czech Republic,Organic Search,Enterprise,83,True
5341,2024-12-07,Zimbabwe,Social Media,Enterprise,53,True
5342,2024-09-30,Botswana,Partner,Mid Market,81,True
5343,2024-04-12,Sierra Leone,Partner,SMB,53,True
5344,2024-03-08,Ethiopia,Referral,SMB,47,True
5345,2024-12-19,Antigua and Barbuda,Referral,SMB,40,True
5346,2024-12-30,Turkey,Paid Ads,SMB,33,False
5347,2024-11-07,Aruba,Partner,SMB,39,True
5348,2024-06-26,Benin,Paid Ads,Enterprise,92,True
5349,2024-03-19,Saint Helena,Referral,SMB,65,True
5350,2024-07-26,Trinidad and Tobago,Organic Search,SMB,99,True
5351,2024-06-21,Italy,Referral,SMB,26,True
5352,2024-07-18,Heard Island and McDonald Islands,Referral,Mid Market,81,True
5353,2024-05-05,Switzerland,Organic Search,Mid Market,34,True
5354,2024-09-29,Lithuania,Organic Search,SMB,82,True
5355,2024-05-21,Christmas Island,Organic Search,Mid Market,20,False
5356,2024-09-05,Marshall Islands,Partner,SMB,91,True
5357,2024-06-05,Nicaragua,Organic Search,Mid Market,61,True
5358,2024-03-17,Eritrea,Organic Search,Mid Market,29,True
5359,2024-04-22,Canada,Social Media,SMB,27,False
5360,2024-09-17,Greece,Partner,Mid Market,49,True
5361,2024-10-19,Georgia,Social Media,Mid Market,69,True
5362,2024-02-02,Vietnam,Partner,Mid Market,80,True
5363,2024-01-24,Nicaragua,Partner,SMB,92,True
5364,2024-02-07,Cook Islands,Referral,Enterprise,28,True
5365,2024-07-07,Cambodia,Organic Search,SMB,54,True
5366,2024-02-06,South Africa,Organic Search,SMB,63,True
5367,2024-06-17,Mali,Social Media,SMB,92,True
5368,2024-12-09,United Kingdom,Organic Search,SMB,68,True
5369,2024-10-30,Pakistan,Referral,SMB,77,True
5370,2024-10-07,Wallis and Futuna,Social Media,SMB,43,True
5371,2024-01-31,New Caledonia,Social Media,Mid Market,37,False
5372,2024-01-10,Norfolk Island,Partner,SMB,40,True
5373,2024-12-07,Rwanda,Organic Search,SMB,83,True
5374,2024-02-19,China,Referral,Mid Market,31,False
5375,2024-03-17,Japan,Partner,SMB,45,True
5376,2024-10-19,Oman,Referral,Mid Market,75,False
5377,2024-11-13,Ireland,Social Media,SMB,92,True
5378,2024-11-27,Northern Mariana Islands,Social Media,SMB,92,True
5379,2024-09-24,Pakistan,Social Media,SMB,41,False
5380,2024-08-06,Tunisia,Social Media,Mid Market,49,True
5381,2024-02-10,Brunei Darussalam,Paid Ads,Enterprise,43,True
5382,2024-03-08,United States of America,Social Media,Mid Market,23,True
5383,2024-08-23,Uzbekistan,Partner,Mid Market,87,True
5384,2024-09-30,Malaysia,Paid Ads,SMB,89,True
5385,2024-08-03,Malawi,Partner,SMB,46,True
5386,2024-11-19,Micronesia,Paid Ads,Enterprise,59,True
5387,2024-04-13,Saint Kitts and Nevis,Organic Search,Mid Market,100,True
5388,2024-07-14,Kiribati,Partner,SMB,23,False
5389,2024-09-19,Oman,Paid Ads,Mid Market,43,False
5390,2024-04-29,Jamaica,Organic Search,SMB,40,True
5391,2024-03-02,Eritrea,Paid Ads,SMB,23,True
5392,2024-06-27,Albania,Social Media,Mid Market,54,True
5393,2024-05-24,Suriname,Paid Ads,Mid Market,56,False
5394,2024-09-02,Egypt,Organic Search,Mid Market,20,True
5395,2024-03-12,Slovakia (Slovak Republic),Social Media,Enterprise,79,True
5396,2024-07-21,Gambia,Partner,SMB,75,True
5397,2024-09-11,Sri Lanka,Social Media,SMB,77,True
5398,2024-10-30,Nicaragua,Social Media,Enterprise,31,False
5399,2024-08-02,China,Referral,SMB,64,True
5400,2024-08-06,Falkland Islands (Malvinas),Organic Search,SMB,62,True
5401,2024-01-17,Colombia,Organic Search,SMB,65,True
5402,2024-06-10,Panama,Referral,SMB,24,False
5403,2024-10-28,France,Social Media,Enterprise,92,True
5404,2024-08-06,Oman,Paid Ads,SMB,79,True
5405,2024-08-13,Mongolia,Organic Search,SMB,92,True
5406,2024-11-28,Bermuda,Partner,SMB,68,True
5407,2024-04-24,Ghana,Partner,SMB,67,True
5408,2024-10-30,Saint Martin,Social Media,Mid Market,42,False
5409,2024-07-07,China,Partner,SMB,87,True
5410,2024-03-23,Niger,Social Media,SMB,46,True
5411,2024-08-06,United Kingdom,Partner,SMB,30,True
5412,2024-06-09,Uruguay,Paid Ads,SMB,87,True
5413,2024-11-13,South Georgia and the South Sandwich Islands,Paid Ads,Mid Market,62,True
5414,2024-11-09,Moldova,Social Media,SMB,56,False
5415,2024-07-30,Bouvet Island (Bouvetoya),Social Media,SMB,62,True
5416,2024-05-14,Netherlands,Partner,Mid Market,59,True
5417,2024-12-29,Cook Islands,Partner,Mid Market,59,True
5418,2024-11-09,Kuwait,Organic Search,SMB,97,True
5419,2024-10-28,Botswana,Referral,Mid Market,51,True
5420,2024-12-27,American Samoa,Partner,SMB,77,True
5421,2024-05-25,Norway,Referral,SMB,54,False
5422,2024-07-28,Luxembourg,Partner,SMB,91,True
5423,2024-03-28,Namibia,Referral,SMB,95,True
5424,2024-06-17,Anguilla,Paid Ads,SMB,97,True
5425,2024-09-01,Ghana,Referral,Enterprise,88,True
5426,2024-11-24,Slovenia,Paid Ads,SMB,54,True
5427,2024-02-21,Cape Verde,Referral,SMB,21,True
5428,2024-10-19,Samoa,Social Media,SMB,42,False
5429,2024-02-28,Micronesia,Social Media,Mid Market,81,True
5430,2024-06-16,Belarus,Partner,Mid Market,86,False
5431,2024-06-27,Greenland,Referral,SMB,72,True
5432,2024-07-08,Niue,Partner,SMB,94,True
5433,2024-03-08,Japan,Referral,SMB,21,False
5434,2024-01-22,Tanzania,Partner,SMB,75,True
5435,2024-06-04,Liechtenstein,Social Media,Enterprise,38,True
5436,2024-11-08,Mongolia,Referral,SMB,23,False
5437,2024-03-13,San Marino,Partner,SMB,34,True
5438,2024-04-14,Heard Island and McDonald Islands,Social Media,SMB,70,True
5439,2024-07-01,Puerto Rico,Paid Ads,Mid Market,70,True
5440,2024-04-07,Martinique,Partner,SMB,100,True
5441,2024-12-12,Afghanistan,Social Media,Enterprise,91,True
5442,2024-08-08,Vanuatu,Organic Search,Enterprise,98,True
5443,2024-04-21,Albania,Organic Search,SMB,66,True
5444,2024-10-09,Namibia,Partner,SMB,61,False
5445,2024-07-22,Madagascar,Social Media,SMB,29,False
5446,2024-04-24,Paraguay,Paid Ads,SMB,26,True
5447,2024-04-14,Saint Pierre and Miquelon,Partner,Mid Market,44,True
5448,2024-07-27,Montserrat,Referral,Enterprise,37,True
5449,2024-01-18,Honduras,Referral,SMB,78,True
5450,2024-05-29,Cote d'Ivoire,Referral,SMB,46,False
5451,2024-12-01,Netherlands Antilles,Organic Search,SMB,49,False
5452,2024-12-05,Taiwan,Social Media,Mid Market,73,True
5453,2024-09-15,Saint Pierre and Miquelon,Social Media,Mid Market,89,True
5454,2024-01-15,Guadeloupe,Organic Search,SMB,60,True
5455,2024-12-29,Cyprus,Referral,SMB,55,True
5456,2024-07-14,Brazil,Paid Ads,Enterprise,39,True
5457,2024-11-30,Vanuatu,Organic Search,Mid Market,82,True
5458,2024-08-12,Nicaragua,Partner,SMB,53,True
5459,2024-04-06,North Macedonia,Organic Search,SMB,60,True
5460,2024-01-30,Venezuela,Referral,SMB,66,True
5461,2024-01-25,Cote d'Ivoire,Referral,SMB,91,True
5462,2024-11-08,Australia,Partner,SMB,63,True
5463,2024-04-02,South Africa,Social Media,Mid Market,40,False
5464,2024-04-11,Hungary,Referral,SMB,39,False
5465,2024-11-15,Cambodia,Referral,SMB,22,True
5466,2024-03-09,Antigua and Barbuda,Partner,SMB,33,True
5467,2024-04-20,Liberia,Referral,Mid Market,49,True
5468,2024-01-12,Venezuela,Referral,SMB,72,True
5469,2024-08-27,Saint Lucia,Social Media,SMB,35,True
5470,2024-12-09,Cuba,Social Media,Mid Market,66,True
5471,2024-01-06,Bouvet Island (Bouvetoya),Social Media,Mid Market,38,True
5472,2024-09-01,Guinea,Paid Ads,Mid Market,60,True
5473,2024-05-07,Portugal,Organic Search,SMB,67,True
5474,2024-04-17,Vietnam,Organic Search,SMB,42,False
5475,2024-04-28,Mongolia,Paid Ads,SMB,53,True
5476,2024-09-06,Grenada,Referral,SMB,47,True
5477,2024-05-18,Spain,Referral,SMB,89,True
5478,2024-05-31,Nauru,Social Media,SMB,94,True
5479,2024-01-09,Samoa,Organic Search,SMB,40,True
5480,2024-03-24,Cambodia,Referral,SMB,67,True
5481,2024-01-30,Montserrat,Social Media,Mid Market,72,True
5482,2024-05-12,Djibouti,Paid Ads,SMB,33,True
5483,2024-08-31,Mozambique,Social Media,SMB,53,True
5484,2024-07-30,Bahamas,Organic Search,Mid Market,96,True
5485,2024-04-03,Christmas Island,Partner,SMB,66,True
5486,2024-11-23,Falkland Islands (Malvinas),Paid Ads,SMB,76,True
5487,2024-03-19,Bouvet Island (Bouvetoya),Social Media,Mid Market,63,True
5488,2024-09-15,Nicaragua,Organic Search,SMB,60,True
5489,2024-11-02,Central African Republic,Organic Search,Mid Market,94,False
5490,2024-12-18,United States Minor Outlying Islands,Partner,SMB,88,True
5491,2024-05-24,Belize,Partner,Enterprise,38,True
5492,2024-05-06,Comoros,Social Media,SMB,44,True
5493,2024-08-19,Gibraltar,Paid Ads,Mid Market,29,True
5494,2024-04-05,Lao People's Democratic Republic,Organic Search,SMB,31,True
5495,2024-01-25,Czech Republic,Organic Search,SMB,85,True
5496,2024-01-22,Somalia,Referral,Mid Market,90,True
5497,2024-07-31,El Salvador,Paid Ads,SMB,29,False
5498,2024-08-20,Barbados,Organic Search,Mid Market,82,True
5499,2024-05-29,Liberia,Organic Search,Mid Market,48,False
5500,2024-11-02,Equatorial Guinea,Referral,SMB,95,True
5501,2024-11-13,Germany,Paid Ads,SMB,65,False
5502,2024-04-01,Holy See (Vatican City State),Paid Ads,SMB,34,False
5503,2024-09-09,Bahamas,Organic Search,SMB,38,True
5504,2024-09-09,Nauru,Social Media,Mid Market,51,True
5505,2024-04-22,Austria,Paid Ads,SMB,40,False
5506,2024-01-11,Italy,Partner,Mid Market,39,True
5507,2024-03-14,Aruba,Organic Search,SMB,68,True
5508,2024-12-13,Saint Pierre and Miquelon,Partner,Mid Market,53,True
5509,2024-10-29,Guam,Social Media,Mid Market,44,True
5510,2024-04-09,Thailand,Organic Search,Mid Market,45,False
5511,2024-04-13,Christmas Island,Partner,SMB,76,True
5512,2024-01-10,Hong Kong,Partner,SMB,86,True
5513,2024-09-12,Macao,Paid Ads,SMB,62,True
5514,2024-01-07,Albania,Partner,SMB,41,True
5515,2024-01-06,Iceland,Partner,Mid Market,68,False
5516,2024-09-16,El Salvador,Partner,SMB,60,False
5517,2024-04-07,Bolivia,Social Media,SMB,99,True
5518,2024-12-25,Guatemala,Referral,SMB,46,True
5519,2024-03-22,Mongolia,Paid Ads,Mid Market,73,False
5520,2024-04-29,Macao,Partner,SMB,83,True
5521,2024-08-30,Cook Islands,Partner,Mid Market,40,False
5522,2024-07-02,Svalbard & Jan Mayen Islands,Paid Ads,SMB,73,True
5523,2024-02-11,Hungary,Social Media,SMB,30,True
5524,2024-03-13,British Indian Ocean Territory (Chagos Archipelago),Paid Ads,SMB,67,False
5525,2024-10-20,Aruba,Referral,SMB,56,False
5526,2024-02-29,Malaysia,Organic Search,SMB,72,True
5527,2024-04-21,Cote d'Ivoire,Organic Search,SMB,60,True
5528,2024-06-10,Israel,Paid Ads,SMB,75,True
5529,2024-05-05,Romania,Social Media,Mid Market,39,True
5530,2024-11-26,Rwanda,Social Media,SMB,99,True
5531,2024-05-31,Kiribati,Referral,SMB,68,True
5532,2024-02-08,Marshall Islands,Partner,Mid Market,99,True
5533,2024-09-20,Tokelau,Organic Search,Mid Market,90,True
5534,2024-06-22,Suriname,Organic Search,SMB,33,True
5535,2024-04-24,Brunei Darussalam,Paid Ads,Mid Market,25,False
5536,2024-01-23,Maldives,Partner,SMB,48,True
5537,2024-12-26,Zambia,Referral,SMB,30,False
5538,2024-03-31,Lebanon,Referral,SMB,42,True
5539,2024-02-09,Montserrat,Partner,Mid Market,85,True
5540,2024-12-05,Timor-Leste,Organic Search,Mid Market,88,True
5541,2024-03-19,Estonia,Social Media,SMB,88,False
5542,2024-09-12,Palestinian Territory,Social Media,SMB,21,True
5543,2024-02-23,Canada,Paid Ads,SMB,61,True
5544,2024-05-14,Morocco,Paid Ads,SMB,69,True
5545,2024-06-07,Rwanda,Partner,Mid Market,20,True
5546,2024-01-22,Guernsey,Social Media,SMB,84,True
5547,2024-09-11,Tuvalu,Social Media,Mid Market,81,True
5548,2024-05-05,Azerbaijan,Partner,SMB,69,False
5549,2024-11-22,Russian Federation,Social Media,SMB,71,True
5550,2024-06-08,Czech Republic,Organic Search,SMB,36,True
5551,2024-04-21,Philippines,Partner,Mid Market,34,True
5552,2024-11-08,Pakistan,Referral,Mid Market,75,False
5553,2024-03-15,Dominica,Referral,SMB,43,True
5554,2024-01-09,Timor-Leste,Partner,Mid Market,25,True
5555,2024-05-25,Syrian Arab Republic,Referral,Mid Market,88,True
5556,2024-04-21,Albania,Organic Search,SMB,82,True
5557,2024-09-18,Egypt,Paid Ads,Mid Market,34,False
5558,2024-02-16,Qatar,Social Media,Mid Market,77,True
5559,2024-03-19,Monaco,Social Media,SMB,96,True
5560,2024-11-09,Sierra Leone,Partner,SMB,87,True
5561,2024-02-19,Niger,Referral,SMB,45,True
5562,2024-02-26,Nepal,Paid Ads,SMB,48,True
5563,2024-08-09,Kuwait,Social Media,SMB,41,True
5564,2024-12-27,Samoa,Organic Search,SMB,64,True
5565,2024-04-10,Macao,Referral,SMB,44,True
5566,2024-10-05,Cote d'Ivoire,Social Media,SMB,32,False
5567,2024-01-02,Bermuda,Partner,Mid Market,61,True
5568,2024-04-01,Serbia,Partner,SMB,87,True
5569,2024-04-30,Togo,Paid Ads,Mid Market,65,True
5570,2024-10-10,Puerto Rico,Referral,Enterprise,98,True
5571,2024-03-28,American Samoa,Paid Ads,Mid Market,27,False
5572,2024-01-31,South Africa,Social Media,SMB,75,False
5573,2024-03-24,Gabon,Social Media,Mid Market,51,True
5574,2024-04-26,Northern Mariana Islands,Referral,Mid Market,46,True
5575,2024-09-13,Australia,Paid Ads,Mid Market,46,True
5576,2024-04-19,Kenya,Social Media,SMB,30,True
5577,2024-09-15,Uruguay,Partner,Mid Market,100,True
5578,2024-10-04,Peru,Social Media,SMB,78,True
5579,2024-02-23,Mauritania,Referral,SMB,59,True
5580,2024-02-25,Burkina Faso,Organic Search,Enterprise,44,True
5581,2024-03-20,Fiji,Paid Ads,Mid Market,45,True
5582,2024-04-25,Niue,Paid Ads,SMB,89,True
5583,2024-09-17,Philippines,Referral,SMB,43,True
5584,2024-08-24,Jordan,Paid Ads,Mid Market,28,False
5585,2024-09-27,Cayman Islands,Social Media,SMB,22,True
5586,2024-07-26,Togo,Social Media,SMB,32,False
5587,2024-11-29,Finland,Organic Search,SMB,100,True
5588,2024-07-08,Cyprus,Paid Ads,SMB,88,True
5589,2024-09-24,Angola,Organic Search,Mid Market,54,True
5590,2024-05-06,Guadeloupe,Organic Search,Mid Market,79,True
5591,2024-11-06,Togo,Social Media,Enterprise,34,True
5592,2024-08-23,Argentina,Paid Ads,Mid Market,65,True
5593,2024-10-30,Costa Rica,Social Media,SMB,88,True
5594,2024-11-25,Dominica,Referral,SMB,58,True
5595,2024-06-28,Togo,Social Media,SMB,22,True
5596,2024-03-18,Guatemala,Social Media,SMB,71,True
5597,2024-09-30,France,Social Media,Mid Market,98,True
5598,2024-06-30,United States Virgin Islands,Paid Ads,Mid Market,37,True
5599,2024-06-14,Cameroon,Social Media,SMB,98,True
5600,2024-09-16,Trinidad and Tobago,Paid Ads,SMB,40,False
5601,2024-06-24,Guernsey,Partner,SMB,54,False
5602,2024-12-09,India,Social Media,Mid Market,21,False
5603,2024-08-15,Turkey,Partner,Mid Market,94,True
5604,2024-11-07,Congo,Organic Search,SMB,100,True
5605,2024-08-31,Guinea-Bissau,Referral,Mid Market,72,True
5606,2024-08-04,Saint Helena,Paid Ads,Enterprise,58,True
5607,2024-02-02,Cyprus,Social Media,SMB,70,True
5608,2024-09-05,Belarus,Organic Search,SMB,90,True
5609,2024-10-31,Singapore,Social Media,SMB,83,True
5610,2024-05-10,Tanzania,Paid Ads,SMB,99,True
5611,2024-10-19,Reunion,Partner,SMB,29,True
5612,2024-09-17,Palau,Referral,Mid Market,84,True
5613,2024-06-03,Puerto Rico,Organic Search,SMB,51,True
5614,2024-05-27,India,Social Media,SMB,100,True
5615,2024-06-24,Fiji,Referral,SMB,94,True
5616,2024-10-01,Russian Federation,Paid Ads,SMB,68,True
5617,2024-05-29,Israel,Paid Ads,SMB,53,True
5618,2024-05-28,Spain,Partner,SMB,97,True
5619,2024-03-26,Cote d'Ivoire,Paid Ads,Mid Market,21,True
5620,2024-06-16,Romania,Referral,SMB,24,True
5621,2024-03-24,United States of America,Social Media,SMB,78,True
5622,2024-01-21,Saint Pierre and Miquelon,Social Media,SMB,90,True
5623,2024-11-04,El Salvador,Organic Search,SMB,89,True
5624,2024-04-01,Tonga,Partner,SMB,52,True
5625,2024-07-02,Iran,Paid Ads,SMB,48,True
5626,2024-01-01,Central African Republic,Paid Ads,Mid Market,93,True
5627,2024-10-11,Dominica,Referral,Mid Market,25,True
5628,2024-06-17,Pakistan,Social Media,SMB,89,False
5629,2024-10-09,Congo,Referral,Mid Market,80,True
5630,2024-05-14,Tuvalu,Organic Search,SMB,73,True
5631,2024-05-01,Martinique,Organic Search,SMB,77,True
5632,2024-07-08,Netherlands,Organic Search,SMB,47,True
5633,2024-01-24,Georgia,Partner,Mid Market,71,True
5634,2024-02-22,Djibouti,Paid Ads,Mid Market,96,True
5635,2024-07-01,Ecuador,Referral,SMB,65,True
5636,2024-07-17,Bermuda,Partner,SMB,53,True
5637,2024-10-16,Ethiopia,Referral,Mid Market,89,False
5638,2024-12-06,Ukraine,Partner,SMB,92,True
5639,2024-01-27,Malawi,Paid Ads,Mid Market,22,True
5640,2024-11-30,Ecuador,Organic Search,SMB,40,False
5641,2024-07-31,Oman,Organic Search,SMB,100,True
5642,2024-04-14,Gabon,Social Media,SMB,35,True
5643,2024-01-25,Turkey,Referral,SMB,57,True
5644,2024-06-04,Cocos (Keeling) Islands,Partner,SMB,96,True
5645,2024-01-23,Malaysia,Social Media,SMB,63,False
5646,2024-08-04,Somalia,Paid Ads,Enterprise,71,False
5647,2024-07-10,Croatia,Referral,SMB,24,False
5648,2024-07-12,Italy,Referral,Mid Market,36,True
5649,2024-02-29,United States Minor Outlying Islands,Partner,Enterprise,98,True
5650,2024-11-01,Burundi,Social Media,Mid Market,37,True
5651,2024-06-10,Cameroon,Social Media,Mid Market,43,True
5652,2024-04-02,Heard Island and McDonald Islands,Organic Search,Mid Market,62,True
5653,2024-04-30,Russian Federation,Referral,Enterprise,57,True
5654,2024-08-13,Tuvalu,Organic Search,SMB,59,False
5655,2024-09-02,Lithuania,Social Media,SMB,56,True
5656,2024-12-16,Croatia,Partner,SMB,48,True
5657,2024-11-03,Saint Kitts and Nevis,Social Media,SMB,32,False
5658,2024-04-28,Tokelau,Paid Ads,SMB,20,False
5659,2024-09-07,Micronesia,Organic Search,Enterprise,56,True
5660,2024-06-19,Seychelles,Partner,SMB,41,True
5661,2024-12-25,United Arab Emirates,Paid Ads,SMB,51,True
5662,2024-07-20,Israel,Referral,Mid Market,31,False
5663,2024-02-04,Congo,Social Media,SMB,38,False
5664,2024-11-20,Eritrea,Social Media,SMB,74,True
5665,2024-05-18,Gibraltar,Paid Ads,Mid Market,51,True
5666,2024-11-12,Cyprus,Partner,SMB,61,True
5667,2024-10-10,Libyan Arab Jamahiriya,Partner,SMB,94,True
5668,2024-12-08,Gabon,Partner,SMB,64,True
5669,2024-03-12,Saint Barthelemy,Partner,SMB,34,True
5670,2024-09-14,United States of America,Partner,SMB,98,True
5671,2024-02-13,Albania,Social Media,SMB,63,True
5672,2024-01-27,Haiti,Paid Ads,Mid Market,26,True
5673,2024-07-04,Saint Pierre and Miquelon,Partner,SMB,53,True
5674,2024-08-17,Spain,Social Media,SMB,80,True
5675,2024-04-27,Yemen,Partner,Mid Market,65,True
5676,2024-03-13,Saint Pierre and Miquelon,Partner,SMB,87,True
5677,2024-05-31,Gabon,Organic Search,Mid Market,79,True
5678,2024-03-01,Russian Federation,Partner,SMB,93,True
5679,2024-08-23,Turkey,Referral,SMB,97,True
5680,2024-04-14,Congo,Organic Search,SMB,82,True
5681,2024-09-18,Kazakhstan,Paid Ads,SMB,44,False
5682,2024-03-04,Brunei Darussalam,Paid Ads,SMB,30,True
5683,2024-02-05,Heard Island and McDonald Islands,Referral,SMB,86,True
5684,2024-11-03,Bouvet Island (Bouvetoya),Referral,SMB,24,False
5685,2024-09-19,Montenegro,Social Media,SMB,42,True
5686,2024-10-12,Christmas Island,Organic Search,SMB,42,True
5687,2024-09-02,Switzerland,Paid Ads,SMB,21,True
5688,2024-05-26,Libyan Arab Jamahiriya,Paid Ads,SMB,60,True
5689,2024-12-16,New Caledonia,Organic Search,SMB,35,False
5690,2024-08-15,Mali,Partner,SMB,47,True
5691,2024-06-16,Trinidad and Tobago,Referral,SMB,85,True
5692,2024-01-26,Japan,Organic Search,SMB,33,True
5693,2024-07-01,Turkmenistan,Social Media,Mid Market,44,True
5694,2024-05-29,Costa Rica,Partner,Mid Market,83,True
5695,2024-02-14,Myanmar,Social Media,SMB,68,True
5696,2024-03-24,Niger,Paid Ads,Mid Market,95,True
5697,2024-02-03,United Arab Emirates,Partner,SMB,70,True
5698,2024-03-10,Falkland Islands (Malvinas),Paid Ads,Mid Market,52,True
5699,2024-07-11,Niger,Social Media,SMB,63,True
5700,2024-01-27,Guam,Paid Ads,SMB,94,False
5701,2024-01-15,Kyrgyz Republic,Organic Search,SMB,88,True
5702,2024-10-31,Oman,Paid Ads,SMB,49,True
5703,2024-10-22,Cote d'Ivoire,Organic Search,SMB,49,False
5704,2024-12-16,Guinea,Partner,SMB,30,False
5705,2024-10-03,Cote d'Ivoire,Paid Ads,SMB,86,True
5706,2024-05-28,Iraq,Partner,SMB,57,True
5707,2024-07-18,Bouvet Island (Bouvetoya),Partner,Mid Market,85,True
5708,2024-09-21,British Virgin Islands,Partner,Mid Market,98,True
5709,2024-08-22,Libyan Arab Jamahiriya,Paid Ads,SMB,41,True
5710,2024-10-14,Bahamas,Partner,Mid Market,82,True
5711,2024-06-17,Saint Martin,Paid Ads,SMB,86,True
5712,2024-03-05,Bouvet Island (Bouvetoya),Paid Ads,Mid Market,95,True
5713,2024-01-27,France,Referral,SMB,76,False
5714,2024-10-25,Gabon,Social Media,Mid Market,97,True
5715,2024-12-04,United States of America,Organic Search,Mid Market,58,True
5716,2024-09-27,Antarctica (the territory South of 60 deg S),Paid Ads,SMB,97,True
5717,2024-08-19,Guatemala,Organic Search,SMB,62,True
5718,2024-10-24,United States of America,Paid Ads,SMB,53,True
5719,2024-06-17,Mongolia,Organic Search,Mid Market,46,True
5720,2024-08-05,Argentina,Social Media,Mid Market,40,True
5721,2024-09-24,Guyana,Social Media,Enterprise,33,False
5722,2024-02-12,Nigeria,Referral,Mid Market,23,True
5723,2024-04-17,Tokelau,Paid Ads,SMB,75,True
5724,2024-10-01,Fiji,Organic Search,Mid Market,93,True
5725,2024-05-05,Belize,Paid Ads,Enterprise,82,True
5726,2024-10-02,El Salvador,Organic Search,SMB,63,True
5727,2024-10-22,Jordan,Organic Search,Mid Market,22,True
5728,2024-11-12,Isle of Man,Paid Ads,Mid Market,41,False
5729,2024-02-23,Burundi,Social Media,SMB,26,False
5730,2024-07-08,Iraq,Partner,SMB,74,False
5731,2024-08-04,Afghanistan,Paid Ads,SMB,67,True
5732,2024-02-15,Saint Barthelemy,Partner,Mid Market,88,True
5733,2024-01-11,Tonga,Social Media,Enterprise,21,False
5734,2024-12-08,Macao,Partner,SMB,70,False
5735,2024-01-11,Timor-Leste,Organic Search,SMB,50,True
5736,2024-10-26,Sudan,Organic Search,SMB,88,True
5737,2024-03-05,Costa Rica,Paid Ads,Enterprise,59,True
5738,2024-03-09,Marshall Islands,Partner,SMB,51,True
5739,2024-08-06,Malaysia,Organic Search,SMB,87,True
5740,2024-06-16,Azerbaijan,Paid Ads,Mid Market,84,False
5741,2024-03-03,Germany,Organic Search,SMB,27,False
5742,2024-03-10,Armenia,Partner,SMB,79,True
5743,2024-04-15,Nigeria,Social Media,SMB,63,True
5744,2024-12-22,Sweden,Paid Ads,SMB,68,True
5745,2024-07-24,Saint Barthelemy,Referral,Enterprise,30,True
5746,2024-04-21,Myanmar,Partner,SMB,96,True
5747,2024-07-24,Mongolia,Paid Ads,SMB,65,True
5748,2024-05-03,Marshall Islands,Paid Ads,SMB,20,False
5749,2024-11-16,Gambia,Partner,SMB,75,True
5750,2024-02-16,Netherlands,Partner,Mid Market,57,True
5751,2024-08-18,Faroe Islands,Referral,SMB,62,False
5752,2024-07-16,French Polynesia,Social Media,SMB,82,True
5753,2024-10-17,Bosnia and Herzegovina,Referral,SMB,34,False
5754,2024-02-21,Jordan,Social Media,SMB,70,True
5755,2024-12-13,Northern Mariana Islands,Paid Ads,SMB,37,True
5756,2024-09-17,Latvia,Referral,SMB,43,True
5757,2024-08-21,Russian Federation,Organic Search,Mid Market,89,True
5758,2024-10-31,Madagascar,Social Media,Enterprise,68,True
5759,2024-07-28,Togo,Organic Search,SMB,51,True
5760,2024-05-31,Equatorial Guinea,Referral,SMB,68,True
5761,2024-05-10,Comoros,Partner,SMB,72,True
5762,2024-02-09,Falkland Islands (Malvinas),Organic Search,Mid Market,99,True
5763,2024-12-22,Kyrgyz Republic,Social Media,Enterprise,61,False
5764,2024-11-20,Angola,Referral,SMB,58,True
5765,2024-07-28,Samoa,Partner,SMB,67,True
5766,2024-03-04,Central African Republic,Organic Search,SMB,91,True
5767,2024-10-06,Dominican Republic,Organic Search,SMB,47,True
5768,2024-01-05,Hong Kong,Partner,SMB,73,True
5769,2024-04-16,Peru,Social Media,SMB,85,False
5770,2024-02-22,Uruguay,Partner,Mid Market,54,True
5771,2024-08-20,Guinea-Bissau,Organic Search,SMB,94,True
5772,2024-04-27,United Kingdom,Paid Ads,SMB,47,True
5773,2024-01-12,Wallis and Futuna,Paid Ads,SMB,25,True
5774,2024-08-02,Colombia,Social Media,SMB,97,True
5775,2024-11-16,Panama,Organic Search,SMB,42,True
5776,2024-09-15,Poland,Paid Ads,Mid Market,55,True
5777,2024-11-10,American Samoa,Paid Ads,SMB,54,True
5778,2024-06-12,Sweden,Partner,SMB,50,True
5779,2024-06-17,Saint Lucia,Paid Ads,Mid Market,78,True
5780,2024-03-10,Venezuela,Social Media,SMB,54,True
5781,2024-04-10,Bouvet Island (Bouvetoya),Organic Search,Mid Market,74,True
5782,2024-10-10,Kiribati,Paid Ads,Enterprise,33,True
5783,2024-07-15,Italy,Partner,Mid Market,24,False
5784,2024-04-13,Estonia,Partner,Enterprise,95,True
5785,2024-09-14,Solomon Islands,Paid Ads,Enterprise,84,True
5786,2024-09-09,Niue,Referral,SMB,76,True
5787,2024-11-29,Tajikistan,Partner,Enterprise,48,False
5788,2024-04-29,Poland,Referral,SMB,80,True
5789,2024-08-18,Spain,Organic Search,Mid Market,32,False
5790,2024-04-29,South Georgia and the South Sandwich Islands,Organic Search,Mid Market,99,True
5791,2024-02-27,Solomon Islands,Partner,SMB,73,True
5792,2024-01-12,Georgia,Referral,SMB,70,True
5793,2024-03-09,Nigeria,Partner,SMB,41,True
5794,2024-01-21,Chad,Partner,SMB,41,True
5795,2024-04-29,Iran,Organic Search,Mid Market,65,True
5796,2024-08-18,Thailand,Social Media,SMB,54,False
5797,2024-05-23,American Samoa,Organic Search,SMB,83,True
5798,2024-12-19,Guyana,Paid Ads,Mid Market,54,False
5799,2024-02-21,Holy See (Vatican City State),Paid Ads,SMB,54,True
5800,2024-07-09,Madagascar,Referral,Mid Market,29,True
5801,2024-01-31,Uganda,Paid Ads,SMB,98,True
5802,2024-06-07,Mozambique,Organic Search,Enterprise,38,True
5803,2024-03-14,Pitcairn Islands,Partner,SMB,79,True
5804,2024-01-15,Tanzania,Paid Ads,Mid Market,91,True
5805,2024-08-31,Macao,Referral,Mid Market,52,True
5806,2024-10-21,Antarctica (the territory South of 60 deg S),Social Media,SMB,42,True
5807,2024-07-10,Italy,Organic Search,Enterprise,58,True
5808,2024-03-14,China,Referral,SMB,53,True
5809,2024-12-21,Lithuania,Referral,SMB,32,True
5810,2024-02-25,Brunei Darussalam,Paid Ads,Mid Market,26,False
5811,2024-01-19,Belgium,Referral,SMB,87,True
5812,2024-08-08,Tunisia,Organic Search,Mid Market,47,True
5813,2024-01-26,Grenada,Social Media,SMB,89,True
5814,2024-07-23,Botswana,Social Media,Mid Market,41,True
5815,2024-01-29,Germany,Referral,Mid Market,24,False
5816,2024-10-31,Mauritania,Partner,Mid Market,50,True
5817,2024-07-19,Norfolk Island,Social Media,Mid Market,28,True
5818,2024-10-19,Belize,Partner,SMB,89,True
5819,2024-10-25,Solomon Islands,Organic Search,SMB,79,True
5820,2024-08-31,Myanmar,Paid Ads,SMB,27,False
5821,2024-02-19,Rwanda,Social Media,SMB,62,True
5822,2024-10-15,Lithuania,Organic Search,SMB,79,True
5823,2024-04-20,Croatia,Paid Ads,SMB,44,False
5824,2024-01-18,Croatia,Social Media,SMB,31,True
5825,2024-02-25,Bulgaria,Referral,SMB,68,True
5826,2024-10-16,Ecuador,Organic Search,Mid Market,80,False
5827,2024-02-08,Jordan,Social Media,SMB,43,True
5828,2024-03-02,Pitcairn Islands,Organic Search,Mid Market,52,True
5829,2024-06-10,Aruba,Partner,Mid Market,34,True
5830,2024-09-10,Lithuania,Organic Search,SMB,90,True
5831,2024-02-05,Afghanistan,Social Media,Mid Market,78,True
5832,2024-05-11,Venezuela,Partner,SMB,26,False
5833,2024-03-15,Argentina,Referral,Mid Market,57,True
5834,2024-03-08,Kyrgyz Republic,Referral,SMB,31,True
5835,2024-11-27,Paraguay,Social Media,SMB,63,True
5836,2024-04-02,Ireland,Referral,Enterprise,54,True
5837,2024-02-12,Slovakia (Slovak Republic),Referral,Enterprise,22,True
5838,2024-10-25,Australia,Partner,SMB,77,True
5839,2024-08-30,Svalbard & Jan Mayen Islands,Referral,SMB,22,True
5840,2024-04-16,Netherlands,Referral,SMB,100,True
5841,2024-06-29,Cape Verde,Partner,SMB,36,False
5842,2024-08-28,Ethiopia,Social Media,SMB,79,True
5843,2024-11-04,Bhutan,Partner,Mid Market,23,True
5844,2024-12-12,Uganda,Referral,SMB,64,True
5845,2024-12-20,Cayman Islands,Partner,SMB,64,True
5846,2024-02-27,Angola,Social Media,SMB,33,True
5847,2024-02-24,Haiti,Paid Ads,Mid Market,60,True
5848,2024-10-01,Qatar,Paid Ads,Enterprise,31,False
5849,2024-03-28,Philippines,Social Media,SMB,71,True
5850,2024-12-25,Paraguay,Partner,Mid Market,88,True
5851,2024-07-30,Guadeloupe,Partner,SMB,74,True
5852,2024-09-20,Turkmenistan,Social Media,SMB,79,True
5853,2024-07-13,Bouvet Island (Bouvetoya),Organic Search,Enterprise,84,True
5854,2024-09-26,Nigeria,Partner,SMB,53,True
5855,2024-01-13,Egypt,Paid Ads,Mid Market,76,True
5856,2024-12-02,Luxembourg,Paid Ads,Enterprise,92,True
5857,2024-02-26,New Caledonia,Paid Ads,SMB,57,True
5858,2024-11-13,Mauritius,Paid Ads,SMB,75,True
5859,2024-06-02,Panama,Organic Search,SMB,93,True
5860,2024-09-27,Trinidad and Tobago,Referral,SMB,100,True
5861,2024-03-06,Bangladesh,Referral,Mid Market,49,True
5862,2024-05-22,Jamaica,Paid Ads,SMB,75,True
5863,2024-05-18,Dominica,Social Media,Enterprise,25,False
5864,2024-09-15,Uzbekistan,Referral,SMB,93,True
5865,2024-09-27,Suriname,Social Media,SMB,75,True
5866,2024-04-05,Guernsey,Referral,Mid Market,21,True
5867,2024-03-27,Pitcairn Islands,Organic Search,Enterprise,45,True
5868,2024-09-08,Austria,Referral,Mid Market,65,True
5869,2024-06-17,Vanuatu,Organic Search,Mid Market,47,True
5870,2024-01-02,Zambia,Organic Search,SMB,90,True
5871,2024-09-22,Mongolia,Social Media,SMB,57,False
5872,2024-12-31,Gibraltar,Social Media,SMB,95,True
5873,2024-02-26,Faroe Islands,Paid Ads,SMB,86,False
5874,2024-09-23,Albania,Paid Ads,Mid Market,92,True
5875,2024-02-16,Portugal,Organic Search,SMB,71,True
5876,2024-01-02,Mauritius,Organic Search,SMB,31,False
5877,2024-07-15,Algeria,Paid Ads,Mid Market,100,True
5878,2024-03-18,Seychelles,Referral,SMB,83,True
5879,2024-04-13,Azerbaijan,Social Media,Mid Market,94,True
5880,2024-12-10,Samoa,Paid Ads,Enterprise,93,True
5881,2024-08-23,Montenegro,Paid Ads,SMB,21,True
5882,2024-10-04,New Zealand,Partner,SMB,30,False
5883,2024-10-07,Christmas Island,Social Media,SMB,53,True
5884,2024-07-17,French Southern Territories,Referral,SMB,22,False
5885,2024-11-01,Uruguay,Paid Ads,SMB,48,True
5886,2024-05-07,Montenegro,Social Media,SMB,32,False
5887,2024-05-05,Solomon Islands,Social Media,SMB,32,False
5888,2024-09-24,San Marino,Organic Search,SMB,97,True
5889,2024-10-11,Romania,Partner,Mid Market,62,False
5890,2024-09-13,Timor-Leste,Referral,Mid Market,59,True
5891,2024-03-17,Ecuador,Organic Search,SMB,53,False
5892,2024-12-06,China,Organic Search,SMB,46,True
5893,2024-06-14,Monaco,Referral,SMB,72,True
5894,2024-01-16,Costa Rica,Social Media,SMB,93,True
5895,2024-11-06,China,Paid Ads,SMB,94,True
5896,2024-12-26,Cocos (Keeling) Islands,Partner,Mid Market,75,True
5897,2024-08-14,Guyana,Referral,Mid Market,32,True
5898,2024-01-30,Luxembourg,Paid Ads,SMB,22,False
5899,2024-03-12,Saint Lucia,Paid Ads,Enterprise,84,True
5900,2024-03-18,Saint Lucia,Referral,Mid Market,85,True
5901,2024-08-16,Cayman Islands,Paid Ads,Enterprise,56,False
5902,2024-01-01,Aruba,Referral,Enterprise,70,True
5903,2024-03-13,Slovakia (Slovak Republic),Organic Search,SMB,84,True
5904,2024-02-05,Luxembourg,Social Media,SMB,61,True
5905,2024-03-10,Cocos (Keeling) Islands,Social Media,SMB,65,True
5906,2024-11-22,Senegal,Referral,SMB,40,True
5907,2024-04-23,Slovakia (Slovak Republic),Partner,Enterprise,22,False
5908,2024-01-05,Australia,Partner,SMB,99,True
5909,2024-02-18,Gambia,Paid Ads,Enterprise,90,True
5910,2024-12-25,Iraq,Partner,SMB,34,False
5911,2024-12-17,Albania,Social Media,Enterprise,100,True
5912,2024-03-31,Slovakia (Slovak Republic),Partner,SMB,22,False
5913,2024-05-26,Comoros,Social Media,SMB,24,True
5914,2024-02-01,Vietnam,Social Media,Mid Market,48,True
5915,2024-01-29,Guinea-Bissau,Partner,SMB,23,True
5916,2024-01-28,Austria,Organic Search,SMB,51,False
5917,2024-09-24,Western Sahara,Referral,SMB,23,True
5918,2024-02-15,Faroe Islands,Referral,SMB,36,True
5919,2024-10-17,Macao,Social Media,SMB,31,False
5920,2024-03-05,South Africa,Organic Search,Mid Market,53,False
5921,2024-09-29,Cayman Islands,Partner,SMB,74,False
5922,2024-08-10,Vietnam,Partner,SMB,53,True
5923,2024-06-08,Singapore,Social Media,Mid Market,59,True
5924,2024-12-01,Afghanistan,Referral,Mid Market,76,True
5925,2024-08-02,Namibia,Referral,Mid Market,58,False
5926,2024-07-15,American Samoa,Organic Search,SMB,31,True
5927,2024-06-19,Chile,Referral,SMB,83,True
5928,2024-11-16,Croatia,Referral,Enterprise,59,True
5929,2024-09-08,Senegal,Referral,SMB,64,True
5930,2024-10-12,Bhutan,Social Media,SMB,72,True
5931,2024-09-30,Wallis and Futuna,Referral,SMB,60,True
5932,2024-02-21,North Macedonia,Referral,Mid Market,43,False
5933,2024-07-20,Cook Islands,Social Media,Enterprise,85,True
5934,2024-07-19,Brazil,Social Media,Mid Market,69,False
5935,2024-06-28,Holy See (Vatican City State),Social Media,Enterprise,36,True
5936,2024-05-21,Guadeloupe,Organic Search,Enterprise,99,True
5937,2024-08-14,Chile,Social Media,Mid Market,76,True
5938,2024-09-18,Comoros,Partner,Mid Market,57,True
5939,2024-08-30,Botswana,Social Media,Mid Market,40,True
5940,2024-10-23,Kyrgyz Republic,Organic Search,Mid Market,66,True
5941,2024-01-08,Martinique,Organic Search,SMB,33,True
5942,2024-09-18,Haiti,Partner,SMB,81,True
5943,2024-06-03,Kiribati,Referral,SMB,60,True
5944,2024-05-19,Indonesia,Referral,SMB,59,True
5945,2024-08-02,Japan,Social Media,SMB,34,True
5946,2024-03-18,Yemen,Organic Search,SMB,75,True
5947,2024-05-09,Martinique,Paid Ads,Mid Market,65,True
5948,2024-03-24,United Kingdom,Partner,SMB,42,True
5949,2024-01-09,Palestinian Territory,Social Media,Mid Market,55,True
5950,2024-05-24,Papua New Guinea,Organic Search,Mid Market,32,False
5951,2024-12-09,Wallis and Futuna,Paid Ads,SMB,45,True
5952,2024-10-06,San Marino,Paid Ads,SMB,38,True
5953,2024-08-25,South Georgia and the South Sandwich Islands,Referral,SMB,74,True
5954,2024-04-29,Namibia,Partner,SMB,95,True
5955,2024-05-27,United States Minor Outlying Islands,Paid Ads,Mid Market,84,True
5956,2024-04-01,Gabon,Organic Search,SMB,55,False
5957,2024-10-27,Iceland,Social Media,SMB,71,True
5958,2024-07-26,Wallis and Futuna,Partner,Mid Market,22,True
5959,2024-06-26,United Kingdom,Organic Search,Mid Market,25,True
5960,2024-04-03,Iran,Organic Search,SMB,67,True
5961,2024-06-08,Switzerland,Referral,Mid Market,55,True
5962,2024-02-12,Turkey,Referral,SMB,23,True
5963,2024-03-01,Mexico,Social Media,SMB,98,True
5964,2024-09-27,Sierra Leone,Social Media,SMB,50,True
5965,2024-09-11,Syrian Arab Republic,Referral,SMB,84,False
5966,2024-07-16,Ireland,Organic Search,Enterprise,45,True
5967,2024-03-24,Indonesia,Organic Search,Enterprise,45,True
5968,2024-02-23,Cocos (Keeling) Islands,Paid Ads,SMB,95,True
5969,2024-11-14,Albania,Paid Ads,Enterprise,26,False
5970,2024-02-11,Malta,Organic Search,Mid Market,24,True
5971,2024-01-07,Moldova,Referral,SMB,80,True
5972,2024-02-29,Jordan,Referral,SMB,83,True
5973,2024-02-20,Gabon,Paid Ads,Mid Market,91,True
5974,2024-07-31,Lao People's Democratic Republic,Organic Search,Mid Market,33,True
5975,2024-11-18,Czech Republic,Social Media,Mid Market,39,True
5976,2024-06-30,Saint Pierre and Miquelon,Paid Ads,Enterprise,26,False
5977,2024-09-16,Georgia,Partner,SMB,56,True
5978,2024-11-21,Burundi,Social Media,Mid Market,62,True
5979,2024-07-05,Sweden,Organic Search,Mid Market,29,True
5980,2024-04-15,Saint Lucia,Social Media,SMB,63,True
5981,2024-09-28,Wallis and Futuna,Referral,Mid Market,22,True
5982,2024-08-29,Finland,Referral,SMB,76,True
5983,2024-09-24,Botswana,Organic Search,SMB,79,True
5984,2024-11-02,Greenland,Organic Search,Mid Market,79,True
5985,2024-02-27,Sri Lanka,Social Media,SMB,23,True
5986,2024-10-09,Jamaica,Paid Ads,SMB,98,True
5987,2024-08-28,American Samoa,Referral,SMB,45,False
5988,2024-12-12,Myanmar,Paid Ads,Mid Market,95,True
5989,2024-11-20,Spain,Social Media,SMB,82,True
5990,2024-03-02,Lao People's Democratic Republic,Paid Ads,SMB,63,False
5991,2024-04-26,Heard Island and McDonald Islands,Organic Search,SMB,73,True
5992,2024-10-13,Paraguay,Organic Search,Mid Market,20,True
5993,2024-04-03,Haiti,Partner,SMB,90,True
5994,2024-07-06,Christmas Island,Partner,SMB,84,True
5995,2024-01-17,United States Virgin Islands,Organic Search,SMB,52,True
5996,2024-12-08,Lithuania,Partner,SMB,37,False
5997,2024-04-19,Senegal,Social Media,Enterprise,40,True
5998,2024-03-03,Yemen,Social Media,SMB,69,False
5999,2024-11-04,Poland,Social Media,SMB,78,False
6000,2024-05-12,Lao People's Democratic Republic,Social Media,Mid Market,22,True
6001,2024-07-18,Tunisia,Social Media,Mid Market,65,False
6002,2024-02-03,Fiji,Social Media,Mid Market,35,False
6003,2024-05-05,Cameroon,Paid Ads,Mid Market,66,True
6004,2024-12-22,Saint Kitts and Nevis,Referral,SMB,27,False
6005,2024-02-29,Colombia,Social Media,Mid Market,38,False
6006,2024-07-17,Guernsey,Organic Search,SMB,21,True
6007,2024-04-21,Philippines,Referral,SMB,86,True
6008,2024-05-12,Guam,Referral,SMB,47,True
6009,2024-12-25,Bolivia,Organic Search,Mid Market,48,True
6010,2024-10-22,Iran,Referral,SMB,57,True
6011,2024-09-14,Guatemala,Organic Search,SMB,21,True
6012,2024-06-03,Afghanistan,Organic Search,Mid Market,96,True
6013,2024-02-08,Germany,Organic Search,SMB,49,True
6014,2024-01-24,Mozambique,Referral,SMB,29,True
6015,2024-07-12,Lebanon,Social Media,Mid Market,90,True
6016,2024-07-17,Tokelau,Partner,SMB,51,False
6017,2024-04-28,Georgia,Paid Ads,Mid Market,49,True
6018,2024-06-07,Kenya,Paid Ads,SMB,20,True
6019,2024-06-15,Seychelles,Organic Search,Mid Market,55,True
6020,2024-09-12,Wallis and Futuna,Social Media,SMB,39,True
6021,2024-09-08,Niue,Paid Ads,Mid Market,94,True
6022,2024-08-05,Zambia,Organic Search,SMB,51,False
6023,2024-10-09,Fiji,Partner,SMB,34,True
6024,2024-03-11,Heard Island and McDonald Islands,Paid Ads,Mid Market,77,True
6025,2024-09-09,French Polynesia,Partner,Mid Market,37,True
6026,2024-04-29,Lao People's Democratic Republic,Paid Ads,SMB,92,True
6027,2024-09-11,Cape Verde,Paid Ads,SMB,66,True
6028,2024-05-12,Somalia,Referral,SMB,25,False
6029,2024-12-09,Austria,Paid Ads,SMB,49,False
6030,2024-07-15,Czech Republic,Organic Search,SMB,57,True
6031,2024-08-10,Ukraine,Partner,Mid Market,74,True
6032,2024-08-24,Central African Republic,Social Media,SMB,65,True
6033,2024-02-03,Palestinian Territory,Social Media,SMB,78,True
6034,2024-04-14,Mauritius,Organic Search,Mid Market,79,True
6035,2024-03-03,Sweden,Partner,SMB,53,True
6036,2024-11-29,Bolivia,Social Media,SMB,49,True
6037,2024-09-03,Korea,Organic Search,SMB,82,True
6038,2024-06-11,Bhutan,Partner,Enterprise,87,False
6039,2024-01-09,Afghanistan,Referral,Mid Market,57,False
6040,2024-02-07,Saudi Arabia,Partner,SMB,61,True
6041,2024-12-27,North Macedonia,Social Media,Mid Market,69,False
6042,2024-01-26,Guyana,Referral,SMB,62,True
6043,2024-05-12,Western Sahara,Social Media,Mid Market,71,True
6044,2024-03-16,Tunisia,Social Media,SMB,86,True
6045,2024-06-02,Benin,Organic Search,SMB,74,True
6046,2024-05-08,Western Sahara,Referral,SMB,68,False
6047,2024-12-15,Libyan Arab Jamahiriya,Referral,SMB,28,False
6048,2024-12-27,United Kingdom,Referral,Enterprise,46,False
6049,2024-10-07,Lebanon,Social Media,SMB,37,False
6050,2024-07-02,Namibia,Paid Ads,SMB,87,False
6051,2024-08-08,Christmas Island,Paid Ads,Mid Market,97,True
6052,2024-01-27,Solomon Islands,Social Media,Mid Market,23,True
6053,2024-05-14,Vietnam,Paid Ads,Enterprise,86,True
6054,2024-07-20,Gambia,Paid Ads,Mid Market,42,True
6055,2024-01-30,Kyrgyz Republic,Partner,Mid Market,50,False
6056,2024-05-12,Hong Kong,Organic Search,SMB,23,True
6057,2024-12-17,Uzbekistan,Paid Ads,Enterprise,97,True
6058,2024-03-15,Aruba,Social Media,SMB,73,True
6059,2024-02-12,Switzerland,Partner,SMB,77,True
6060,2024-08-07,Congo,Partner,Mid Market,60,False
6061,2024-04-08,Norway,Partner,SMB,27,True
6062,2024-08-30,Botswana,Paid Ads,SMB,79,True
6063,2024-09-12,Grenada,Partner,SMB,40,False
6064,2024-08-11,Belgium,Organic Search,SMB,23,True
6065,2024-05-03,Djibouti,Paid Ads,SMB,43,False
6066,2024-09-01,Sri Lanka,Referral,Mid Market,36,True
6067,2024-08-21,Nepal,Referral,SMB,42,True
6068,2024-03-30,Belgium,Referral,SMB,33,True
6069,2024-02-08,Somalia,Social Media,Mid Market,82,True
6070,2024-08-06,Swaziland,Paid Ads,SMB,82,True
6071,2024-02-24,Malawi,Social Media,SMB,57,False
6072,2024-03-21,Russian Federation,Paid Ads,Mid Market,67,True
6073,2024-02-28,Iceland,Partner,SMB,90,True
6074,2024-07-25,Reunion,Paid Ads,SMB,24,True
6075,2024-07-10,Serbia,Referral,Enterprise,74,True
6076,2024-10-23,Turkey,Organic Search,SMB,42,True
6077,2024-04-05,Luxembourg,Organic Search,Mid Market,72,True
6078,2024-10-18,Malaysia,Paid Ads,SMB,54,True
6079,2024-04-04,Sudan,Social Media,SMB,29,False
6080,2024-02-01,Russian Federation,Social Media,SMB,29,False
6081,2024-08-18,Nicaragua,Social Media,Mid Market,22,False
6082,2024-04-20,Heard Island and McDonald Islands,Organic Search,SMB,44,True
6083,2024-08-16,South Africa,Organic Search,Mid Market,21,True
6084,2024-01-17,Switzerland,Partner,SMB,46,True
6085,2024-04-04,Albania,Social Media,Mid Market,43,False
6086,2024-05-09,Mongolia,Partner,SMB,48,True
6087,2024-02-27,Malta,Social Media,SMB,55,True
6088,2024-08-15,Martinique,Social Media,Enterprise,91,True
6089,2024-01-03,Djibouti,Paid Ads,SMB,92,True
6090,2024-01-17,Korea,Social Media,Mid Market,61,True
6091,2024-05-13,Germany,Organic Search,SMB,64,True
6092,2024-11-11,Denmark,Paid Ads,Mid Market,90,True
6093,2024-06-15,New Zealand,Organic Search,Mid Market,48,True
6094,2024-11-05,North Macedonia,Referral,SMB,40,True
6095,2024-09-09,Iraq,Referral,SMB,31,True
6096,2024-03-22,Senegal,Paid Ads,SMB,69,False
6097,2024-04-23,Marshall Islands,Partner,Mid Market,58,True
6098,2024-10-15,Cameroon,Social Media,SMB,75,True
6099,2024-08-02,Reunion,Social Media,SMB,62,True
6100,2024-03-28,Nigeria,Social Media,Mid Market,90,False
6101,2024-11-25,Chile,Partner,SMB,46,True
6102,2024-10-28,Gibraltar,Social Media,SMB,100,True
6103,2024-10-27,Algeria,Partner,SMB,20,False
6104,2024-09-15,Nicaragua,Paid Ads,SMB,20,True
6105,2024-08-02,Antigua and Barbuda,Social Media,Enterprise,72,True
6106,2024-01-12,Estonia,Referral,SMB,21,False
6107,2024-12-06,British Virgin Islands,Organic Search,SMB,41,True
6108,2024-10-31,Northern Mariana Islands,Organic Search,SMB,29,True
6109,2024-07-09,Ecuador,Partner,Mid Market,50,True
6110,2024-11-13,Singapore,Organic Search,SMB,89,False
6111,2024-10-20,Equatorial Guinea,Organic Search,SMB,42,True
6112,2024-03-21,Saint Barthelemy,Partner,Enterprise,51,True
6113,2024-04-15,Martinique,Referral,SMB,41,False
6114,2024-05-05,Tokelau,Partner,SMB,39,False
6115,2024-07-10,Maldives,Partner,SMB,27,True
6116,2024-02-28,Cuba,Paid Ads,Mid Market,48,True
6117,2024-06-21,Liechtenstein,Partner,SMB,24,True
6118,2024-04-25,Moldova,Social Media,SMB,90,True
6119,2024-10-13,Eritrea,Partner,Mid Market,46,True
6120,2024-11-15,Libyan Arab Jamahiriya,Referral,Mid Market,51,True
6121,2024-04-08,Angola,Referral,SMB,51,True
6122,2024-07-20,Switzerland,Referral,SMB,36,True
6123,2024-01-04,Slovenia,Paid Ads,SMB,92,True
6124,2024-10-02,Guinea-Bissau,Referral,SMB,54,True
6125,2024-05-18,Iraq,Organic Search,SMB,94,False
6126,2024-01-30,Lesotho,Social Media,Mid Market,96,False
6127,2024-07-20,Suriname,Partner,Enterprise,98,True
6128,2024-11-03,British Indian Ocean Territory (Chagos Archipelago),Paid Ads,SMB,27,True
6129,2024-03-01,Turkmenistan,Referral,SMB,83,True
6130,2024-07-24,Cape Verde,Referral,SMB,78,True
6131,2024-06-07,Guam,Paid Ads,SMB,40,True
6132,2024-02-03,Jordan,Organic Search,SMB,96,True
6133,2024-05-17,Finland,Organic Search,SMB,77,True
6134,2024-06-24,Western Sahara,Paid Ads,Enterprise,32,True
6135,2024-10-27,Ecuador,Referral,SMB,77,True
6136,2024-02-08,Mauritius,Referral,SMB,67,False
6137,2024-04-28,Argentina,Social Media,SMB,74,True
6138,2024-05-20,Peru,Social Media,SMB,85,True
6139,2024-11-18,Czech Republic,Social Media,SMB,33,True
6140,2024-03-13,Ukraine,Organic Search,Mid Market,74,False
6141,2024-03-02,Kuwait,Social Media,Mid Market,49,True
6142,2024-01-14,Norway,Organic Search,SMB,40,False
6143,2024-12-03,Colombia,Paid Ads,Enterprise,60,True
6144,2024-03-11,Norway,Partner,SMB,41,True
6145,2024-12-27,United Arab Emirates,Organic Search,SMB,49,True
6146,2024-06-18,Namibia,Partner,SMB,32,False
6147,2024-05-18,Cocos (Keeling) Islands,Referral,Mid Market,37,False
6148,2024-02-21,Libyan Arab Jamahiriya,Paid Ads,Mid Market,58,True
6149,2024-05-01,French Southern Territories,Organic Search,SMB,76,True
6150,2024-09-05,Georgia,Paid Ads,SMB,37,True
6151,2024-05-13,South Africa,Social Media,Mid Market,36,True
6152,2024-07-10,Western Sahara,Partner,Mid Market,39,False
6153,2024-02-17,Taiwan,Paid Ads,SMB,52,True
6154,2024-11-17,Botswana,Partner,Mid Market,89,True
6155,2024-02-26,Guatemala,Paid Ads,SMB,20,False
6156,2024-06-03,Germany,Paid Ads,SMB,25,False
6157,2024-08-08,Mali,Social Media,Mid Market,93,False
6158,2024-04-11,Ireland,Referral,Mid Market,41,True
6159,2024-10-28,United Kingdom,Paid Ads,Enterprise,75,False
6160,2024-06-30,Western Sahara,Organic Search,SMB,99,True
6161,2024-01-30,Guam,Referral,SMB,89,True
6162,2024-12-06,Brazil,Partner,Enterprise,55,True
6163,2024-01-30,Zimbabwe,Paid Ads,SMB,84,True
6164,2024-07-02,Israel,Paid Ads,SMB,89,True
6165,2024-03-28,Lithuania,Partner,Mid Market,81,True
6166,2024-03-10,Isle of Man,Social Media,Mid Market,22,True
6167,2024-09-17,Jordan,Partner,SMB,36,True
6168,2024-12-03,Bouvet Island (Bouvetoya),Paid Ads,Mid Market,66,True
6169,2024-06-05,Korea,Referral,Mid Market,60,True
6170,2024-07-10,Tunisia,Organic Search,Mid Market,70,True
6171,2024-03-27,Moldova,Paid Ads,SMB,43,True
6172,2024-06-28,Russian Federation,Organic Search,Mid Market,88,True
6173,2024-04-03,Switzerland,Partner,Mid Market,71,True
6174,2024-03-27,Burkina Faso,Partner,SMB,90,True
6175,2024-07-29,Belarus,Referral,SMB,52,True
6176,2024-04-02,Greenland,Organic Search,SMB,41,False
6177,2024-03-24,Cameroon,Referral,Enterprise,31,False
6178,2024-05-27,Antigua and Barbuda,Paid Ads,SMB,96,True
6179,2024-01-06,Qatar,Organic Search,Mid Market,73,True
6180,2024-07-20,Guyana,Referral,Mid Market,76,True
6181,2024-01-21,Kazakhstan,Referral,SMB,20,True
6182,2024-05-14,Kenya,Partner,Mid Market,26,True
6183,2024-10-24,Brazil,Partner,SMB,43,False
6184,2024-02-04,Nauru,Social Media,Mid Market,25,False
6185,2024-01-10,Albania,Referral,Mid Market,26,True
6186,2024-02-13,Gibraltar,Paid Ads,SMB,67,True
6187,2024-04-12,Western Sahara,Paid Ads,Mid Market,37,False
6188,2024-03-23,Turkmenistan,Partner,Mid Market,31,True
6189,2024-02-14,Kenya,Paid Ads,SMB,20,True
6190,2024-12-21,Guyana,Organic Search,SMB,22,True
6191,2024-09-27,Saint Barthelemy,Referral,SMB,24,True
6192,2024-06-13,Djibouti,Social Media,SMB,34,True
6193,2024-12-16,Syrian Arab Republic,Social Media,Mid Market,27,False
6194,2024-08-30,Ecuador,Social Media,Mid Market,70,True
6195,2024-05-24,Turkmenistan,Referral,Mid Market,65,True
6196,2024-01-06,Maldives,Organic Search,SMB,49,True
6197,2024-08-25,Uzbekistan,Referral,SMB,74,True
6198,2024-02-16,San Marino,Social Media,Mid Market,38,True
6199,2024-04-24,Anguilla,Organic Search,SMB,45,True
6200,2024-07-29,Niger,Organic Search,SMB,99,True
6201,2024-05-12,Nigeria,Partner,Mid Market,75,True
6202,2024-06-02,Kazakhstan,Referral,Enterprise,32,True
6203,2024-07-18,Jamaica,Partner,SMB,56,True
6204,2024-02-29,Canada,Referral,SMB,79,False
6205,2024-08-28,French Polynesia,Social Media,SMB,81,True
6206,2024-08-03,Italy,Organic Search,SMB,46,True
6207,2024-05-08,French Polynesia,Paid Ads,SMB,99,False
6208,2024-01-24,Sierra Leone,Partner,Mid Market,28,True
6209,2024-08-30,Japan,Partner,Mid Market,32,False
6210,2024-09-18,Saint Helena,Paid Ads,SMB,31,True
6211,2024-09-10,Bolivia,Paid Ads,Mid Market,44,False
6212,2024-03-29,Dominican Republic,Partner,Mid Market,25,True
6213,2024-03-27,Antigua and Barbuda,Partner,SMB,76,True
6214,2024-06-06,Gambia,Partner,Mid Market,29,True
6215,2024-09-11,Swaziland,Referral,SMB,64,True
6216,2024-08-07,Hong Kong,Partner,Mid Market,84,True
6217,2024-07-18,Swaziland,Paid Ads,SMB,92,True
6218,2024-01-06,French Polynesia,Referral,SMB,57,True
6219,2024-10-01,Cuba,Partner,Mid Market,68,True
6220,2024-03-11,Korea,Social Media,SMB,25,True
6221,2024-05-23,Marshall Islands,Social Media,SMB,86,True
6222,2024-08-10,Papua New Guinea,Partner,SMB,21,False
6223,2024-01-02,Finland,Paid Ads,SMB,84,True
6224,2024-06-21,Venezuela,Partner,SMB,54,True
6225,2024-03-30,Belarus,Organic Search,SMB,55,True
6226,2024-04-30,Cambodia,Partner,Mid Market,97,True
6227,2024-01-09,Dominican Republic,Organic Search,SMB,48,True
6228,2024-09-01,Togo,Paid Ads,SMB,74,True
6229,2024-01-26,Heard Island and McDonald Islands,Partner,SMB,72,True
6230,2024-02-18,Malawi,Partner,SMB,84,True
6231,2024-09-24,Kuwait,Partner,SMB,78,True
6232,2024-01-27,Tokelau,Social Media,Mid Market,30,False
6233,2024-10-04,Mauritius,Social Media,Mid Market,64,True
6234,2024-07-31,French Southern Territories,Partner,Mid Market,79,True
6235,2024-03-08,Armenia,Social Media,Mid Market,71,True
6236,2024-10-10,Greenland,Organic Search,SMB,58,True
6237,2024-12-21,Norway,Organic Search,SMB,86,True
6238,2024-11-07,Malaysia,Paid Ads,SMB,27,False
6239,2024-03-17,Togo,Social Media,SMB,41,True
6240,2024-10-22,Slovenia,Organic Search,SMB,86,True
6241,2024-06-06,Comoros,Partner,SMB,78,True
6242,2024-11-28,Austria,Paid Ads,SMB,57,True
6243,2024-04-30,Suriname,Partner,SMB,74,True
6244,2024-01-18,Maldives,Partner,Mid Market,49,True
6245,2024-12-27,Ethiopia,Referral,SMB,74,True
6246,2024-10-30,Oman,Paid Ads,SMB,23,True
6247,2024-07-21,Liechtenstein,Social Media,Mid Market,47,False
6248,2024-01-12,Portugal,Social Media,SMB,35,True
6249,2024-10-07,Anguilla,Referral,SMB,43,True
6250,2024-08-03,Sri Lanka,Social Media,Mid Market,80,True
6251,2024-10-21,Chile,Partner,Mid Market,98,True
6252,2024-01-09,Tokelau,Paid Ads,SMB,84,False
6253,2024-08-08,Djibouti,Partner,SMB,62,True
6254,2024-12-12,Brunei Darussalam,Paid Ads,Mid Market,25,True
6255,2024-07-17,China,Social Media,Mid Market,93,True
6256,2024-07-31,Angola,Referral,SMB,41,False
6257,2024-12-22,Israel,Paid Ads,Mid Market,84,True
6258,2024-09-03,Lesotho,Social Media,SMB,60,True
6259,2024-11-22,Central African Republic,Partner,Mid Market,58,True
6260,2024-10-19,Poland,Referral,SMB,35,False
6261,2024-12-21,Serbia,Social Media,SMB,91,True
6262,2024-08-04,Finland,Organic Search,SMB,71,True
6263,2024-12-15,Chad,Social Media,SMB,70,True
6264,2024-04-15,Saint Lucia,Referral,Mid Market,28,False
6265,2024-07-24,Vietnam,Referral,SMB,21,False
6266,2024-08-30,Netherlands Antilles,Referral,Enterprise,94,True
6267,2024-10-24,Papua New Guinea,Referral,Mid Market,85,True
6268,2024-11-11,Myanmar,Organic Search,Mid Market,92,True
6269,2024-10-01,Taiwan,Referral,SMB,91,True
6270,2024-03-19,Isle of Man,Social Media,Mid Market,46,True
6271,2024-04-29,Latvia,Social Media,SMB,20,True
6272,2024-09-30,Cuba,Social Media,Mid Market,59,True
6273,2024-11-08,Bhutan,Partner,SMB,95,True
6274,2024-05-29,United Arab Emirates,Referral,SMB,95,True
6275,2024-10-01,Estonia,Referral,Enterprise,31,True
6276,2024-12-11,Tajikistan,Referral,Enterprise,58,True
6277,2024-12-17,Myanmar,Paid Ads,Mid Market,34,False
6278,2024-05-24,Colombia,Partner,Mid Market,98,True
6279,2024-08-02,Germany,Social Media,SMB,68,True
6280,2024-11-02,Burkina Faso,Referral,SMB,63,True
6281,2024-10-02,Jersey,Social Media,SMB,67,True
6282,2024-05-12,Falkland Islands (Malvinas),Paid Ads,SMB,54,True
6283,2024-04-28,Cambodia,Paid Ads,Enterprise,55,True
6284,2024-12-03,Dominica,Referral,Mid Market,38,True
6285,2024-12-21,Netherlands,Organic Search,SMB,88,True
6286,2024-02-27,Estonia,Social Media,SMB,20,True
6287,2024-07-16,Philippines,Social Media,Enterprise,54,True
6288,2024-12-05,Falkland Islands (Malvinas),Referral,Mid Market,63,True
6289,2024-11-26,Trinidad and Tobago,Paid Ads,SMB,26,True
6290,2024-02-22,Saint Helena,Social Media,Mid Market,52,True
6291,2024-10-24,Maldives,Referral,Enterprise,85,True
6292,2024-02-17,South Africa,Partner,SMB,77,True
6293,2024-01-24,Turkmenistan,Organic Search,SMB,96,True
6294,2024-03-20,Congo,Social Media,Mid Market,25,True
6295,2024-08-16,Dominica,Organic Search,SMB,85,True
6296,2024-11-18,Martinique,Paid Ads,SMB,28,False
6297,2024-08-20,Holy See (Vatican City State),Referral,SMB,87,True
6298,2024-03-25,Andorra,Paid Ads,Enterprise,90,True
6299,2024-03-30,Belgium,Partner,Mid Market,87,False
6300,2024-06-16,Finland,Organic Search,Mid Market,22,False
6301,2024-08-22,Jamaica,Referral,SMB,94,True
6302,2024-06-22,Lao People's Democratic Republic,Paid Ads,SMB,79,True
6303,2024-11-19,Singapore,Partner,SMB,73,True
6304,2024-10-03,Guinea,Organic Search,SMB,95,True
6305,2024-12-16,American Samoa,Organic Search,Mid Market,69,True
6306,2024-02-26,United Arab Emirates,Referral,Mid Market,71,True
6307,2024-07-19,Dominican Republic,Referral,SMB,24,False
6308,2024-09-28,Western Sahara,Referral,Mid Market,50,True
6309,2024-11-15,Germany,Organic Search,SMB,42,True
6310,2024-08-03,Niue,Referral,Mid Market,53,True
6311,2024-05-23,Iraq,Partner,SMB,96,True
6312,2024-07-14,Nauru,Referral,Mid Market,62,False
6313,2024-09-24,Hong Kong,Social Media,Mid Market,30,True
6314,2024-04-01,Libyan Arab Jamahiriya,Organic Search,Mid Market,57,True
6315,2024-12-04,Micronesia,Referral,SMB,67,True
6316,2024-04-20,Vanuatu,Social Media,SMB,94,True
6317,2024-02-16,Turkey,Referral,Enterprise,78,True
6318,2024-07-05,Montserrat,Referral,SMB,90,True
6319,2024-05-16,Colombia,Paid Ads,SMB,27,False
6320,2024-05-07,Guam,Paid Ads,SMB,77,True
6321,2024-01-01,Malawi,Referral,Enterprise,57,True
6322,2024-05-04,Panama,Social Media,SMB,59,False
6323,2024-01-22,Bhutan,Partner,SMB,74,True
6324,2024-05-10,Angola,Paid Ads,Mid Market,88,True
6325,2024-08-13,Ecuador,Partner,Mid Market,55,False
6326,2024-12-13,Micronesia,Organic Search,Enterprise,71,True
6327,2024-12-25,Pitcairn Islands,Partner,Mid Market,85,True
6328,2024-10-06,Norway,Referral,SMB,92,True
6329,2024-08-19,Colombia,Social Media,SMB,67,True
6330,2024-05-21,Falkland Islands (Malvinas),Social Media,SMB,45,True
6331,2024-03-06,Eritrea,Referral,SMB,68,True
6332,2024-07-25,Ghana,Social Media,Mid Market,99,True
6333,2024-09-27,Yemen,Social Media,SMB,29,True
6334,2024-03-07,Honduras,Partner,SMB,92,True
6335,2024-09-05,Pakistan,Referral,SMB,26,False
6336,2024-05-11,Norfolk Island,Referral,Mid Market,69,True
6337,2024-04-04,Morocco,Referral,Enterprise,92,True
6338,2024-11-13,Maldives,Referral,SMB,73,True
6339,2024-07-22,Andorra,Organic Search,Enterprise,92,False
6340,2024-10-25,Mauritius,Social Media,SMB,64,True
6341,2024-07-12,Marshall Islands,Paid Ads,Enterprise,96,True
6342,2024-12-02,New Zealand,Referral,SMB,97,True
6343,2024-10-07,United Kingdom,Referral,SMB,90,True
6344,2024-09-01,United Kingdom,Social Media,SMB,79,True
6345,2024-12-29,Syrian Arab Republic,Social Media,SMB,43,True
6346,2024-07-09,American Samoa,Social Media,SMB,35,True
6347,2024-05-06,Hong Kong,Partner,SMB,26,True
6348,2024-09-24,Bouvet Island (Bouvetoya),Partner,Mid Market,51,True
6349,2024-02-18,Togo,Partner,SMB,87,True
6350,2024-04-07,Cuba,Paid Ads,SMB,36,True
6351,2024-07-25,Uzbekistan,Organic Search,SMB,28,True
6352,2024-05-28,United States of America,Partner,SMB,79,True
6353,2024-07-23,Saint Martin,Referral,Mid Market,28,True
6354,2024-06-05,Korea,Referral,Mid Market,56,True
6355,2024-10-15,Russian Federation,Organic Search,SMB,35,False
6356,2024-01-09,Albania,Referral,SMB,93,True
6357,2024-09-10,Senegal,Partner,SMB,89,True
6358,2024-08-28,San Marino,Referral,SMB,98,True
6359,2024-10-03,Guinea,Social Media,Mid Market,69,True
6360,2024-06-01,Bouvet Island (Bouvetoya),Referral,Mid Market,37,True
6361,2024-05-31,Guyana,Organic Search,SMB,39,False
6362,2024-01-29,Malta,Paid Ads,SMB,63,True
6363,2024-04-28,Sweden,Organic Search,SMB,82,False
6364,2024-08-06,Honduras,Social Media,Mid Market,33,True
6365,2024-11-14,Syrian Arab Republic,Partner,SMB,99,False
6366,2024-07-24,South Georgia and the South Sandwich Islands,Referral,Enterprise,92,False
6367,2024-10-06,Marshall Islands,Organic Search,Mid Market,67,True
6368,2024-07-24,Saudi Arabia,Paid Ads,SMB,20,False
6369,2024-02-13,Rwanda,Social Media,Mid Market,51,True
6370,2024-11-17,Cuba,Organic Search,SMB,72,True
6371,2024-07-28,Niue,Organic Search,Enterprise,75,True
6372,2024-10-19,Micronesia,Partner,Enterprise,39,True
6373,2024-11-29,Hungary,Partner,Mid Market,20,True
6374,2024-06-07,New Caledonia,Referral,Mid Market,59,True
6375,2024-09-08,Finland,Partner,SMB,40,True
6376,2024-06-11,Netherlands Antilles,Referral,Enterprise,44,True
6377,2024-09-03,Saint Vincent and the Grenadines,Paid Ads,SMB,71,True
6378,2024-02-19,Syrian Arab Republic,Organic Search,SMB,82,False
6379,2024-09-10,South Africa,Referral,Mid Market,29,True
6380,2024-09-11,Mayotte,Partner,SMB,73,False
6381,2024-02-14,United Kingdom,Paid Ads,Mid Market,42,True
6382,2024-01-24,Uruguay,Referral,Mid Market,99,True
6383,2024-10-25,Serbia,Paid Ads,Mid Market,95,True
6384,2024-04-11,Cayman Islands,Paid Ads,SMB,46,False
6385,2024-08-23,Mali,Organic Search,SMB,43,False
6386,2024-05-30,Iran,Partner,SMB,77,True
6387,2024-05-26,French Southern Territories,Paid Ads,Mid Market,54,True
6388,2024-09-09,United States Minor Outlying Islands,Social Media,SMB,88,True
6389,2024-07-31,Morocco,Referral,Mid Market,60,True
6390,2024-02-03,Tokelau,Organic Search,Mid Market,80,True
6391,2024-07-30,Cocos (Keeling) Islands,Partner,SMB,97,True
6392,2024-02-06,Serbia,Social Media,Mid Market,91,True
6393,2024-07-01,United States of America,Organic Search,SMB,50,False
6394,2024-12-02,Svalbard & Jan Mayen Islands,Referral,Mid Market,95,True
6395,2024-06-26,Luxembourg,Organic Search,SMB,69,True
6396,2024-04-08,Israel,Partner,SMB,29,True
6397,2024-10-12,Bahamas,Partner,SMB,64,False
6398,2024-06-26,Saint Pierre and Miquelon,Paid Ads,Mid Market,32,True
6399,2024-06-13,Saint Kitts and Nevis,Social Media,SMB,99,True
6400,2024-07-19,Saint Lucia,Partner,SMB,34,True
6401,2024-07-22,Myanmar,Organic Search,Mid Market,80,True
6402,2024-01-02,Australia,Organic Search,SMB,95,True
6403,2024-05-05,Equatorial Guinea,Organic Search,Mid Market,60,True
6404,2024-06-08,Yemen,Organic Search,SMB,22,False
6405,2024-05-07,Montenegro,Paid Ads,Enterprise,89,True
6406,2024-03-17,United States of America,Referral,SMB,89,True
6407,2024-01-13,American Samoa,Referral,SMB,70,False
6408,2024-03-23,China,Organic Search,SMB,67,True
6409,2024-10-05,Austria,Paid Ads,SMB,55,True
6410,2024-11-17,Jamaica,Organic Search,Mid Market,88,True
6411,2024-10-03,Togo,Organic Search,SMB,61,True
6412,2024-03-21,Rwanda,Paid Ads,Mid Market,31,True
6413,2024-07-14,Sao Tome and Principe,Partner,Mid Market,96,True
6414,2024-04-15,Mongolia,Referral,Mid Market,63,True
6415,2024-08-01,Antigua and Barbuda,Referral,SMB,44,False
6416,2024-11-05,Antigua and Barbuda,Social Media,SMB,22,False
6417,2024-09-14,Gambia,Paid Ads,Enterprise,75,True
6418,2024-09-06,Nigeria,Organic Search,SMB,97,True
6419,2024-10-12,Portugal,Social Media,Enterprise,25,False
6420,2024-11-01,China,Referral,SMB,35,False
6421,2024-11-02,Egypt,Paid Ads,SMB,100,True
6422,2024-05-24,Guadeloupe,Referral,SMB,45,True
6423,2024-12-14,British Virgin Islands,Referral,Mid Market,68,False
6424,2024-02-21,Thailand,Organic Search,SMB,55,True
6425,2024-10-10,Guadeloupe,Partner,SMB,63,True
6426,2024-03-24,Central African Republic,Social Media,SMB,35,True
6427,2024-02-27,Serbia,Paid Ads,Mid Market,24,True
6428,2024-05-31,Lao People's Democratic Republic,Social Media,Mid Market,40,True
6429,2024-03-16,Cyprus,Organic Search,SMB,96,True
6430,2024-08-28,Brazil,Organic Search,SMB,54,True
6431,2024-07-05,Guinea,Partner,SMB,27,False
6432,2024-09-29,Solomon Islands,Referral,Enterprise,45,True
6433,2024-02-10,Panama,Social Media,Mid Market,57,True
6434,2024-07-18,Lebanon,Organic Search,Mid Market,93,True
6435,2024-06-22,Korea,Referral,SMB,73,True
6436,2024-09-05,Tuvalu,Social Media,Enterprise,36,False
6437,2024-07-27,Oman,Referral,SMB,93,True
6438,2024-07-11,Paraguay,Organic Search,SMB,21,False
6439,2024-03-11,New Caledonia,Social Media,SMB,88,False
6440,2024-06-03,Saint Pierre and Miquelon,Organic Search,SMB,82,True
6441,2024-10-11,Maldives,Social Media,SMB,69,False
6442,2024-09-21,Barbados,Social Media,SMB,26,True
6443,2024-07-20,Saint Barthelemy,Referral,SMB,70,True
6444,2024-05-02,Thailand,Social Media,Mid Market,67,True
6445,2024-01-23,China,Referral,Mid Market,31,False
6446,2024-11-27,Slovenia,Social Media,SMB,21,False
6447,2024-11-15,Angola,Paid Ads,SMB,21,True
6448,2024-04-20,Bhutan,Paid Ads,SMB,35,True
6449,2024-03-25,Sao Tome and Principe,Organic Search,Mid Market,50,True
6450,2024-11-23,Switzerland,Organic Search,SMB,37,True
6451,2024-01-12,Luxembourg,Paid Ads,SMB,40,True
6452,2024-12-18,Venezuela,Referral,Mid Market,78,True
6453,2024-07-08,Spain,Paid Ads,SMB,96,True
6454,2024-07-06,Sierra Leone,Referral,Mid Market,93,True
6455,2024-11-28,Angola,Referral,Enterprise,25,False
6456,2024-01-26,Taiwan,Paid Ads,Mid Market,75,True
6457,2024-01-23,Palestinian Territory,Referral,Mid Market,79,True
6458,2024-06-27,Peru,Social Media,Enterprise,61,True
6459,2024-05-11,Norfolk Island,Partner,Enterprise,95,True
6460,2024-03-11,Croatia,Organic Search,SMB,91,True
6461,2024-11-05,Spain,Partner,Mid Market,62,True
6462,2024-04-25,Antigua and Barbuda,Paid Ads,SMB,91,True
6463,2024-01-09,Solomon Islands,Paid Ads,SMB,90,True
6464,2024-10-31,South Georgia and the South Sandwich Islands,Social Media,SMB,64,True
6465,2024-09-28,Somalia,Referral,SMB,56,True
6466,2024-06-18,Japan,Social Media,Enterprise,40,True
6467,2024-03-26,Macao,Paid Ads,Mid Market,67,False
6468,2024-03-17,Bahrain,Organic Search,SMB,83,True
6469,2024-01-27,Sao Tome and Principe,Partner,Mid Market,68,True
6470,2024-01-07,Nicaragua,Referral,Enterprise,72,True
6471,2024-02-22,Dominica,Social Media,Mid Market,59,False
6472,2024-10-04,Burkina Faso,Social Media,SMB,21,True
6473,2024-05-31,Burundi,Social Media,Mid Market,39,False
6474,2024-08-03,Senegal,Social Media,SMB,45,True
6475,2024-06-29,Kyrgyz Republic,Organic Search,SMB,66,True
6476,2024-01-14,Gibraltar,Organic Search,SMB,45,True
6477,2024-12-14,Guinea-Bissau,Organic Search,SMB,49,False
6478,2024-12-13,Turks and Caicos Islands,Organic Search,SMB,32,False
6479,2024-06-10,Saint Martin,Social Media,SMB,87,True
6480,2024-08-13,Martinique,Paid Ads,SMB,36,True
6481,2024-04-01,Qatar,Partner,SMB,46,True
6482,2024-05-05,Italy,Paid Ads,SMB,76,True
6483,2024-10-17,Eritrea,Partner,SMB,68,True
6484,2024-05-15,Maldives,Partner,SMB,60,True
6485,2024-12-21,Saint Helena,Social Media,SMB,60,True
6486,2024-08-23,Algeria,Organic Search,SMB,30,True
6487,2024-11-25,Ireland,Paid Ads,Mid Market,88,True
6488,2024-07-22,Cote d'Ivoire,Social Media,Enterprise,58,False
6489,2024-07-26,Aruba,Paid Ads,SMB,62,True
6490,2024-07-17,Tonga,Organic Search,SMB,44,False
6491,2024-06-14,Libyan Arab Jamahiriya,Paid Ads,SMB,100,True
6492,2024-12-09,Tonga,Paid Ads,SMB,90,True
6493,2024-01-04,Fiji,Partner,Mid Market,26,False
6494,2024-04-05,Myanmar,Referral,Enterprise,81,True
6495,2024-08-30,United Arab Emirates,Organic Search,SMB,51,True
6496,2024-01-04,Korea,Organic Search,SMB,40,True
6497,2024-01-14,Italy,Paid Ads,SMB,82,True
6498,2024-05-03,Australia,Referral,SMB,38,False
6499,2024-12-19,New Caledonia,Paid Ads,Mid Market,47,True
6500,2024-12-15,Greece,Referral,SMB,71,True
6501,2024-05-28,Latvia,Partner,SMB,91,True
6502,2024-03-09,Malta,Partner,SMB,40,True
6503,2024-07-21,Peru,Social Media,SMB,95,True
6504,2024-11-30,Cyprus,Referral,SMB,76,True
6505,2024-08-30,Kyrgyz Republic,Referral,Mid Market,40,True
6506,2024-04-24,Bahrain,Paid Ads,Mid Market,38,True
6507,2024-01-24,Saint Kitts and Nevis,Referral,SMB,43,False
6508,2024-01-12,Falkland Islands (Malvinas),Paid Ads,SMB,20,True
6509,2024-02-03,Marshall Islands,Social Media,Mid Market,49,True
6510,2024-03-30,Peru,Paid Ads,SMB,37,True
6511,2024-04-18,Mongolia,Partner,SMB,29,True
6512,2024-11-05,Lesotho,Paid Ads,SMB,97,True
6513,2024-01-05,Barbados,Social Media,SMB,61,True
6514,2024-02-13,Turkmenistan,Partner,Mid Market,63,True
6515,2024-03-05,Algeria,Social Media,SMB,76,True
6516,2024-06-14,American Samoa,Social Media,SMB,97,True
6517,2024-11-14,Solomon Islands,Organic Search,SMB,48,True
6518,2024-03-04,Iran,Organic Search,SMB,70,True
6519,2024-05-25,Guam,Referral,SMB,39,True
6520,2024-04-04,Saint Pierre and Miquelon,Social Media,Enterprise,39,False
6521,2024-03-06,Croatia,Social Media,SMB,79,True
6522,2024-04-21,Bahrain,Referral,Enterprise,73,True
6523,2024-09-16,Finland,Organic Search,Enterprise,71,True
6524,2024-06-01,Antigua and Barbuda,Social Media,SMB,76,True
6525,2024-01-02,Syrian Arab Republic,Referral,SMB,26,False
6526,2024-05-01,Cape Verde,Social Media,Mid Market,62,True
6527,2024-11-10,United States Minor Outlying Islands,Partner,SMB,84,True
6528,2024-06-04,Austria,Referral,Mid Market,30,True
6529,2024-01-20,Iraq,Social Media,Mid Market,58,False
6530,2024-01-28,Sweden,Referral,Mid Market,54,True
6531,2024-01-10,Australia,Social Media,SMB,66,True
6532,2024-09-16,Palau,Referral,SMB,73,False
6533,2024-03-11,Ethiopia,Partner,SMB,20,False
6534,2024-08-08,Netherlands Antilles,Referral,SMB,25,True
6535,2024-05-05,Liberia,Social Media,SMB,85,True
6536,2024-12-05,Uruguay,Partner,Mid Market,71,True
6537,2024-05-14,Slovenia,Social Media,Mid Market,56,True
6538,2024-10-20,Zambia,Social Media,SMB,96,True
6539,2024-09-05,Comoros,Paid Ads,SMB,86,True
6540,2024-04-21,Belize,Paid Ads,Mid Market,93,True
6541,2024-12-13,Swaziland,Social Media,Mid Market,89,True
6542,2024-12-28,Lebanon,Partner,Mid Market,96,True
6543,2024-02-09,Singapore,Partner,SMB,84,True
6544,2024-08-06,Russian Federation,Organic Search,SMB,99,True
6545,2024-06-10,Syrian Arab Republic,Partner,SMB,56,False
6546,2024-11-01,Ethiopia,Referral,SMB,73,False
6547,2024-08-11,Saint Vincent and the Grenadines,Partner,SMB,36,True
6548,2024-04-23,Liberia,Paid Ads,SMB,68,True
6549,2024-02-21,Colombia,Referral,SMB,90,True
6550,2024-10-26,Swaziland,Paid Ads,Mid Market,29,True
6551,2024-12-04,Syrian Arab Republic,Organic Search,SMB,56,True
6552,2024-10-14,Mayotte,Partner,SMB,22,False
6553,2024-01-03,Hong Kong,Organic Search,SMB,77,True
6554,2024-08-11,Lesotho,Referral,SMB,44,True
6555,2024-10-29,Algeria,Paid Ads,Mid Market,58,True
6556,2024-09-11,Senegal,Partner,SMB,40,True
6557,2024-06-23,Malawi,Social Media,Mid Market,84,True
6558,2024-12-22,Libyan Arab Jamahiriya,Social Media,SMB,85,True
6559,2024-09-13,Sudan,Paid Ads,SMB,36,True
6560,2024-04-14,Guatemala,Social Media,SMB,89,True
6561,2024-11-28,Honduras,Social Media,SMB,89,True
6562,2024-05-28,Paraguay,Organic Search,SMB,26,False
6563,2024-07-15,Luxembourg,Organic Search,Enterprise,45,False
6564,2024-12-23,Burundi,Partner,SMB,67,True
6565,2024-07-24,Norfolk Island,Partner,SMB,93,True
6566,2024-11-02,Czech Republic,Paid Ads,Enterprise,54,True
6567,2024-07-19,Saint Kitts and Nevis,Organic Search,Mid Market,61,True
6568,2024-09-20,Taiwan,Social Media,Mid Market,99,True
6569,2024-05-17,United Kingdom,Paid Ads,Mid Market,69,True
6570,2024-04-08,Cuba,Paid Ads,SMB,20,False
6571,2024-11-13,Slovenia,Social Media,SMB,70,True
6572,2024-03-02,Panama,Organic Search,Mid Market,27,True
6573,2024-10-20,Spain,Referral,SMB,69,True
6574,2024-07-24,Korea,Referral,SMB,73,True
6575,2024-06-14,Singapore,Partner,Enterprise,77,True
6576,2024-12-16,Panama,Paid Ads,SMB,55,True
6577,2024-06-18,Slovakia (Slovak Republic),Social Media,Mid Market,86,True
6578,2024-07-23,Oman,Partner,SMB,65,False
6579,2024-09-09,Finland,Partner,SMB,42,True
6580,2024-05-10,Guinea-Bissau,Social Media,SMB,20,True
6581,2024-01-04,Lesotho,Organic Search,SMB,77,True
6582,2024-06-21,Spain,Paid Ads,Mid Market,73,True
6583,2024-09-28,Cote d'Ivoire,Referral,SMB,27,True
6584,2024-07-01,South Africa,Organic Search,SMB,65,True
6585,2024-05-10,Palau,Partner,SMB,42,True
6586,2024-05-11,Japan,Partner,SMB,85,True
6587,2024-10-28,Pakistan,Paid Ads,SMB,57,True
6588,2024-01-03,Libyan Arab Jamahiriya,Referral,Mid Market,45,True
6589,2024-04-13,San Marino,Paid Ads,SMB,88,True
6590,2024-08-06,Ethiopia,Organic Search,SMB,49,True
6591,2024-06-11,France,Social Media,Mid Market,28,False
6592,2024-08-19,Holy See (Vatican City State),Organic Search,Enterprise,72,True
6593,2024-04-09,Haiti,Organic Search,Mid Market,58,True
6594,2024-05-17,Mauritius,Referral,Enterprise,85,True
6595,2024-11-25,Niue,Social Media,SMB,25,False
6596,2024-12-21,Belarus,Partner,Mid Market,89,False
6597,2024-11-09,Slovakia (Slovak Republic),Paid Ads,SMB,97,True
6598,2024-05-22,Netherlands,Organic Search,SMB,94,True
6599,2024-01-07,Morocco,Paid Ads,Mid Market,28,True
6600,2024-11-06,Anguilla,Social Media,SMB,93,True
6601,2024-09-06,Heard Island and McDonald Islands,Referral,Mid Market,63,True
6602,2024-03-19,Turkmenistan,Paid Ads,SMB,46,False
6603,2024-07-04,Morocco,Social Media,Mid Market,87,True
6604,2024-01-07,Ecuador,Partner,SMB,25,False
6605,2024-08-25,Guatemala,Referral,SMB,68,True
6606,2024-12-19,Dominican Republic,Social Media,SMB,85,True
6607,2024-01-08,Bouvet Island (Bouvetoya),Paid Ads,SMB,48,False
6608,2024-10-20,Cyprus,Partner,Mid Market,63,True
6609,2024-10-26,Belarus,Paid Ads,SMB,75,True
6610,2024-01-01,Svalbard & Jan Mayen Islands,Referral,Mid Market,52,True
6611,2024-05-18,Maldives,Referral,Mid Market,25,False
6612,2024-04-29,Svalbard & Jan Mayen Islands,Organic Search,SMB,87,True
6613,2024-11-03,Oman,Referral,SMB,55,True
6614,2024-11-08,Gibraltar,Organic Search,SMB,59,True
6615,2024-03-19,Ecuador,Organic Search,SMB,92,False
6616,2024-08-13,Isle of Man,Social Media,SMB,88,True
6617,2024-08-11,Kyrgyz Republic,Social Media,SMB,66,False
6618,2024-02-28,Indonesia,Partner,SMB,74,True
6619,2024-05-16,Eritrea,Paid Ads,Mid Market,45,True
6620,2024-01-02,Somalia,Paid Ads,SMB,36,False
6621,2024-11-06,Seychelles,Partner,Mid Market,86,True
6622,2024-07-21,Honduras,Paid Ads,Mid Market,55,True
6623,2024-02-24,Netherlands Antilles,Paid Ads,SMB,51,True
6624,2024-11-27,Cambodia,Referral,SMB,74,True
6625,2024-01-16,Austria,Partner,Mid Market,68,True
6626,2024-11-14,Dominica,Partner,SMB,73,True
6627,2024-09-03,Wallis and Futuna,Partner,Enterprise,46,False
6628,2024-02-20,Guinea-Bissau,Social Media,SMB,20,True
6629,2024-07-15,Guinea-Bissau,Social Media,SMB,95,False
6630,2024-04-19,Bhutan,Organic Search,SMB,87,True
6631,2024-02-16,Libyan Arab Jamahiriya,Social Media,SMB,39,False
6632,2024-05-30,Norfolk Island,Referral,Mid Market,66,True
6633,2024-06-23,Botswana,Paid Ads,SMB,99,True
6634,2024-10-07,Faroe Islands,Paid Ads,Mid Market,73,True
6635,2024-03-19,Uganda,Referral,SMB,38,False
6636,2024-04-22,Saint Barthelemy,Social Media,SMB,99,True
6637,2024-09-14,Kiribati,Paid Ads,SMB,39,True
6638,2024-03-28,American Samoa,Referral,SMB,93,True
6639,2024-01-29,Bosnia and Herzegovina,Organic Search,Mid Market,74,True
6640,2024-06-10,China,Partner,Mid Market,89,False
6641,2024-11-17,French Polynesia,Social Media,SMB,90,True
6642,2024-05-23,Macao,Social Media,Enterprise,94,True
6643,2024-06-14,Taiwan,Partner,SMB,76,True
6644,2024-08-03,Micronesia,Social Media,SMB,45,False
6645,2024-10-30,Cambodia,Paid Ads,SMB,89,True
6646,2024-10-03,British Virgin Islands,Paid Ads,Mid Market,77,True
6647,2024-04-17,Korea,Social Media,SMB,65,False
6648,2024-10-25,Colombia,Organic Search,SMB,97,True
6649,2024-01-30,French Polynesia,Paid Ads,SMB,67,True
6650,2024-09-18,Romania,Paid Ads,Mid Market,100,True
6651,2024-07-18,United States Virgin Islands,Referral,SMB,90,True
6652,2024-04-17,Sudan,Paid Ads,SMB,85,True
6653,2024-08-14,India,Social Media,SMB,22,False
6654,2024-03-20,Cayman Islands,Organic Search,Mid Market,71,True
6655,2024-02-10,Northern Mariana Islands,Referral,SMB,71,True
6656,2024-12-14,Mongolia,Organic Search,SMB,100,False
6657,2024-12-07,Russian Federation,Paid Ads,SMB,62,True
6658,2024-02-15,Montserrat,Paid Ads,Mid Market,89,True
6659,2024-02-21,Saint Kitts and Nevis,Referral,Enterprise,89,False
6660,2024-09-24,Cameroon,Social Media,Mid Market,32,True
6661,2024-09-18,Romania,Referral,Mid Market,23,True
6662,2024-11-28,Guyana,Social Media,SMB,71,False
6663,2024-07-17,Malta,Paid Ads,SMB,35,False
6664,2024-01-25,Malta,Social Media,SMB,48,True
6665,2024-09-03,Nauru,Referral,SMB,38,True
6666,2024-07-17,Denmark,Paid Ads,Mid Market,49,True
6667,2024-04-24,Saint Barthelemy,Partner,Enterprise,85,False
6668,2024-12-05,New Caledonia,Social Media,Mid Market,97,True
6669,2024-08-20,Mongolia,Organic Search,SMB,60,True
6670,2024-01-23,Sierra Leone,Social Media,SMB,78,True
6671,2024-09-18,China,Paid Ads,SMB,86,True
6672,2024-04-25,Jordan,Referral,SMB,77,True
6673,2024-01-07,Venezuela,Social Media,SMB,32,True
6674,2024-03-28,Liberia,Referral,SMB,62,True
6675,2024-06-23,Sudan,Organic Search,Mid Market,60,True
6676,2024-08-13,Brunei Darussalam,Organic Search,SMB,31,True
6677,2024-09-25,Suriname,Social Media,Mid Market,48,True
6678,2024-09-21,Timor-Leste,Partner,Mid Market,55,True
6679,2024-05-14,Sierra Leone,Organic Search,SMB,85,True
6680,2024-10-02,Cayman Islands,Referral,SMB,29,False
6681,2024-06-08,Northern Mariana Islands,Organic Search,SMB,81,True
6682,2024-01-27,Haiti,Organic Search,Mid Market,49,False
6683,2024-11-27,Bermuda,Partner,Mid Market,45,True
6684,2024-07-24,Heard Island and McDonald Islands,Paid Ads,Enterprise,34,False
6685,2024-06-15,Uganda,Social Media,Mid Market,88,True
6686,2024-11-04,Germany,Organic Search,Mid Market,94,True
6687,2024-11-23,Somalia,Social Media,Mid Market,77,True
6688,2024-11-12,Netherlands,Social Media,SMB,38,True
6689,2024-04-28,Antigua and Barbuda,Partner,Mid Market,100,True
6690,2024-05-16,Solomon Islands,Partner,SMB,57,True
6691,2024-05-14,Slovenia,Social Media,Enterprise,93,True
6692,2024-05-30,Hungary,Organic Search,Enterprise,49,True
6693,2024-08-04,Haiti,Social Media,Enterprise,22,True
6694,2024-02-03,Ukraine,Social Media,SMB,37,True
6695,2024-11-09,Djibouti,Partner,SMB,83,True
6696,2024-09-16,Maldives,Referral,Mid Market,65,True
6697,2024-10-25,Ecuador,Social Media,SMB,40,True
6698,2024-11-03,Qatar,Referral,Mid Market,49,True
6699,2024-02-23,British Indian Ocean Territory (Chagos Archipelago),Paid Ads,SMB,91,True
6700,2024-04-16,Namibia,Organic Search,SMB,31,False
6701,2024-06-18,Fiji,Paid Ads,SMB,58,True
6702,2024-11-24,Dominica,Referral,Enterprise,49,True
6703,2024-04-26,Afghanistan,Referral,SMB,68,True
6704,2024-07-09,Serbia,Organic Search,SMB,100,True
6705,2024-05-10,Cuba,Paid Ads,SMB,75,True
6706,2024-07-18,Jamaica,Organic Search,Enterprise,46,True
6707,2024-06-02,Reunion,Partner,Mid Market,80,True
6708,2024-12-29,Saint Lucia,Partner,SMB,35,False
6709,2024-06-25,Azerbaijan,Paid Ads,SMB,56,True
6710,2024-11-28,Gambia,Organic Search,Enterprise,82,True
6711,2024-05-17,Botswana,Paid Ads,SMB,28,True
6712,2024-08-14,Liechtenstein,Organic Search,SMB,40,True
6713,2024-03-25,Guam,Organic Search,SMB,32,False
6714,2024-07-26,Puerto Rico,Paid Ads,SMB,56,False
6715,2024-02-20,Maldives,Referral,Mid Market,58,True
6716,2024-05-20,Cape Verde,Social Media,SMB,27,True
6717,2024-12-27,Togo,Paid Ads,SMB,91,True
6718,2024-04-14,Dominica,Social Media,Mid Market,56,False
6719,2024-01-14,Nepal,Referral,SMB,36,False
6720,2024-10-01,Vietnam,Social Media,SMB,50,False
6721,2024-04-13,Estonia,Organic Search,Mid Market,74,True
6722,2024-11-20,Vietnam,Partner,Enterprise,23,True
6723,2024-10-21,Estonia,Paid Ads,SMB,43,True
6724,2024-02-29,Isle of Man,Paid Ads,Mid Market,73,True
6725,2024-07-12,Kiribati,Social Media,SMB,96,True
6726,2024-07-12,Indonesia,Social Media,SMB,29,True
6727,2024-01-01,New Caledonia,Referral,Enterprise,70,True
6728,2024-05-03,Lesotho,Partner,SMB,24,False
6729,2024-03-09,Tajikistan,Referral,SMB,48,True
6730,2024-05-17,Mauritius,Paid Ads,SMB,25,True
6731,2024-02-07,Equatorial Guinea,Referral,Mid Market,74,True
6732,2024-10-10,Tokelau,Referral,Mid Market,82,True
6733,2024-07-02,Albania,Paid Ads,Mid Market,32,True
6734,2024-08-30,New Caledonia,Social Media,Mid Market,61,True
6735,2024-03-17,Botswana,Partner,SMB,71,False
6736,2024-03-02,Hungary,Partner,SMB,98,True
6737,2024-03-25,Brunei Darussalam,Referral,SMB,64,True
6738,2024-02-02,Jersey,Social Media,SMB,70,True
6739,2024-07-03,Slovakia (Slovak Republic),Social Media,Mid Market,37,True
6740,2024-07-11,Guinea-Bissau,Organic Search,SMB,69,False
6741,2024-05-06,Estonia,Social Media,Mid Market,68,True
6742,2024-04-21,Lao People's Democratic Republic,Organic Search,SMB,65,True
6743,2024-11-25,Tanzania,Social Media,Mid Market,62,False
6744,2024-07-01,United States Minor Outlying Islands,Paid Ads,Mid Market,43,True
6745,2024-09-05,Spain,Social Media,SMB,53,True
6746,2024-02-17,Uganda,Partner,Mid Market,23,False
6747,2024-04-20,Croatia,Paid Ads,SMB,42,False
6748,2024-06-20,Panama,Partner,SMB,46,False
6749,2024-05-18,Qatar,Partner,Enterprise,52,True
6750,2024-10-08,Puerto Rico,Social Media,SMB,43,True
6751,2024-09-30,Sudan,Paid Ads,SMB,20,False
6752,2024-06-02,Mongolia,Social Media,Mid Market,49,True
6753,2024-02-03,Burkina Faso,Partner,Enterprise,55,True
6754,2024-07-12,Aruba,Organic Search,SMB,81,True
6755,2024-05-29,Myanmar,Paid Ads,Mid Market,39,True
6756,2024-07-02,Rwanda,Organic Search,SMB,95,True
6757,2024-08-22,Belarus,Paid Ads,SMB,95,True
6758,2024-06-11,Congo,Referral,SMB,21,False
6759,2024-05-28,Sierra Leone,Organic Search,SMB,56,False
6760,2024-05-04,Guinea,Social Media,SMB,75,True
6761,2024-08-05,Saint Martin,Organic Search,SMB,26,False
6762,2024-12-23,Vietnam,Paid Ads,Mid Market,84,True
6763,2024-01-27,Antarctica (the territory South of 60 deg S),Organic Search,SMB,88,True
6764,2024-09-02,Belize,Referral,SMB,46,True
6765,2024-10-25,Belgium,Organic Search,SMB,28,False
6766,2024-05-08,Gibraltar,Referral,SMB,88,True
6767,2024-07-30,Indonesia,Referral,Mid Market,21,False
6768,2024-09-05,Egypt,Paid Ads,SMB,78,False
6769,2024-02-19,France,Organic Search,Mid Market,71,True
6770,2024-11-19,Andorra,Paid Ads,SMB,58,False
6771,2024-03-06,India,Partner,Mid Market,26,True
6772,2024-07-27,Samoa,Paid Ads,Mid Market,20,True
6773,2024-03-14,Gibraltar,Social Media,Mid Market,45,False
6774,2024-05-05,Solomon Islands,Organic Search,SMB,53,True
6775,2024-04-01,Belize,Referral,SMB,24,True
6776,2024-01-28,Kenya,Referral,SMB,43,True
6777,2024-09-14,Argentina,Social Media,Mid Market,62,True
6778,2024-12-22,Slovakia (Slovak Republic),Organic Search,Mid Market,37,True
6779,2024-03-27,Holy See (Vatican City State),Partner,Mid Market,32,False
6780,2024-05-28,Comoros,Referral,SMB,72,False
6781,2024-09-02,Bosnia and Herzegovina,Organic Search,SMB,29,False
6782,2024-05-11,Israel,Partner,Mid Market,92,True
6783,2024-03-13,Egypt,Organic Search,SMB,71,True
6784,2024-08-05,Libyan Arab Jamahiriya,Referral,SMB,86,True
6785,2024-03-13,Finland,Referral,SMB,37,True
6786,2024-05-22,Nicaragua,Organic Search,SMB,60,False
6787,2024-04-28,Israel,Paid Ads,SMB,42,False
6788,2024-01-25,Nauru,Partner,SMB,23,True
6789,2024-02-18,Solomon Islands,Paid Ads,Mid Market,29,True
6790,2024-02-28,Panama,Referral,SMB,59,True
6791,2024-04-17,Eritrea,Referral,SMB,44,True
6792,2024-04-26,Bahamas,Referral,SMB,86,True
6793,2024-07-12,Ghana,Organic Search,Mid Market,40,False
6794,2024-05-04,Falkland Islands (Malvinas),Paid Ads,SMB,72,True
6795,2024-12-13,Guinea,Partner,SMB,47,False
6796,2024-06-04,Afghanistan,Referral,SMB,58,True
6797,2024-06-01,Niger,Paid Ads,SMB,20,True
6798,2024-03-29,Mozambique,Partner,SMB,75,True
6799,2024-08-07,Chile,Referral,SMB,26,False
6800,2024-10-25,Mozambique,Partner,SMB,78,True
6801,2024-11-21,Cyprus,Social Media,Mid Market,51,True
6802,2024-05-21,Timor-Leste,Paid Ads,SMB,100,True
6803,2024-07-03,Seychelles,Referral,Mid Market,49,True
6804,2024-07-01,Japan,Social Media,Mid Market,31,True
6805,2024-06-20,Saint Pierre and Miquelon,Referral,Enterprise,71,True
6806,2024-07-08,French Polynesia,Partner,SMB,28,True
6807,2024-05-16,Pakistan,Social Media,Mid Market,69,True
6808,2024-03-21,Myanmar,Partner,Mid Market,85,True
6809,2024-02-01,Faroe Islands,Paid Ads,Enterprise,73,True
6810,2024-06-02,Israel,Organic Search,SMB,67,True
6811,2024-04-22,Slovenia,Referral,SMB,94,True
6812,2024-12-23,India,Partner,SMB,76,False
6813,2024-05-18,Jordan,Social Media,SMB,60,True
6814,2024-12-07,Solomon Islands,Referral,SMB,91,True
6815,2024-10-24,Liechtenstein,Social Media,SMB,93,True
6816,2024-10-09,Bolivia,Partner,Mid Market,39,True
6817,2024-05-28,Libyan Arab Jamahiriya,Referral,Mid Market,69,True
6818,2024-09-09,Nigeria,Paid Ads,SMB,33,True
6819,2024-06-22,Nigeria,Social Media,SMB,78,True
6820,2024-11-26,Comoros,Social Media,Enterprise,100,True
6821,2024-10-07,Monaco,Referral,SMB,47,True
6822,2024-12-03,Singapore,Partner,SMB,62,True
6823,2024-09-13,Mali,Social Media,SMB,93,True
6824,2024-01-14,Bolivia,Social Media,Mid Market,70,True
6825,2024-10-02,Papua New Guinea,Referral,SMB,80,True
6826,2024-10-29,Bahrain,Referral,Mid Market,89,True
6827,2024-12-02,Cyprus,Organic Search,SMB,65,True
6828,2024-04-24,Aruba,Paid Ads,SMB,70,True
6829,2024-09-20,Albania,Referral,Mid Market,31,True
6830,2024-01-15,Cook Islands,Referral,SMB,46,True
6831,2024-08-30,Paraguay,Referral,SMB,80,True
6832,2024-12-19,Comoros,Referral,Mid Market,20,False
6833,2024-02-18,Nigeria,Partner,SMB,74,True
6834,2024-09-03,Gambia,Paid Ads,Enterprise,22,True
6835,2024-10-11,Israel,Referral,SMB,55,True
6836,2024-10-20,Solomon Islands,Referral,SMB,35,False
6837,2024-05-26,Romania,Social Media,Mid Market,95,True
6838,2024-06-01,Montenegro,Social Media,SMB,61,True
6839,2024-11-24,Andorra,Partner,Mid Market,94,True
6840,2024-11-20,Vanuatu,Referral,SMB,57,True
6841,2024-06-25,United Arab Emirates,Social Media,SMB,44,True
6842,2024-11-02,Pitcairn Islands,Organic Search,SMB,94,True
6843,2024-10-28,Holy See (Vatican City State),Partner,SMB,70,True
6844,2024-10-20,Palau,Partner,SMB,30,True
6845,2024-12-07,Costa Rica,Organic Search,SMB,72,True
6846,2024-12-25,Guernsey,Social Media,Mid Market,92,True
6847,2024-08-23,South Georgia and the South Sandwich Islands,Organic Search,Mid Market,77,True
6848,2024-12-10,El Salvador,Organic Search,SMB,90,True
6849,2024-04-24,Nepal,Referral,SMB,96,True
6850,2024-02-26,Bermuda,Organic Search,SMB,69,False
6851,2024-02-25,Kiribati,Referral,SMB,93,True
6852,2024-01-15,Madagascar,Organic Search,SMB,51,True
6853,2024-10-17,Seychelles,Paid Ads,SMB,94,True
6854,2024-01-18,Lebanon,Organic Search,SMB,49,False
6855,2024-05-19,Mozambique,Partner,SMB,73,True
6856,2024-09-03,Montenegro,Referral,Enterprise,55,True
6857,2024-09-30,Iceland,Organic Search,SMB,92,True
6858,2024-10-06,Mauritius,Partner,SMB,27,True
6859,2024-02-06,French Southern Territories,Social Media,SMB,47,False
6860,2024-01-20,Dominican Republic,Organic Search,Enterprise,89,True
6861,2024-02-16,Egypt,Organic Search,SMB,56,True
6862,2024-10-23,Italy,Paid Ads,Mid Market,30,False
6863,2024-01-13,Puerto Rico,Organic Search,Mid Market,40,False
6864,2024-01-20,Togo,Referral,SMB,73,True
6865,2024-08-01,Turkey,Organic Search,SMB,89,False
6866,2024-01-17,Chad,Organic Search,Mid Market,97,True
6867,2024-01-21,Guatemala,Referral,SMB,35,True
6868,2024-04-12,Iraq,Partner,SMB,62,True
6869,2024-06-03,Tanzania,Paid Ads,SMB,39,False
6870,2024-01-31,Mayotte,Referral,SMB,29,True
6871,2024-08-05,Mali,Organic Search,Mid Market,92,True
6872,2024-12-09,Vanuatu,Organic Search,SMB,95,True
6873,2024-02-21,Saint Kitts and Nevis,Referral,Enterprise,68,True
6874,2024-01-31,Colombia,Organic Search,SMB,81,True
6875,2024-02-20,Bolivia,Organic Search,Mid Market,34,False
6876,2024-04-14,Azerbaijan,Referral,Mid Market,32,True
6877,2024-10-25,Poland,Partner,Enterprise,22,True
6878,2024-03-10,Liberia,Partner,Enterprise,20,False
6879,2024-03-23,Saudi Arabia,Paid Ads,SMB,31,False
6880,2024-05-28,Singapore,Organic Search,SMB,88,True
6881,2024-08-23,Montenegro,Partner,SMB,82,False
6882,2024-12-22,Tanzania,Organic Search,Mid Market,97,True
6883,2024-04-19,Ghana,Social Media,SMB,85,True
6884,2024-07-07,Singapore,Social Media,SMB,74,True
6885,2024-04-06,Malaysia,Paid Ads,SMB,90,True
6886,2024-02-10,Uganda,Organic Search,Enterprise,83,True
6887,2024-06-03,Congo,Paid Ads,Enterprise,68,True
6888,2024-03-03,Albania,Paid Ads,Enterprise,41,True
6889,2024-05-07,Malawi,Referral,SMB,56,True
6890,2024-01-25,Gambia,Organic Search,Mid Market,30,False
6891,2024-06-20,Guatemala,Referral,SMB,72,True
6892,2024-11-01,Peru,Social Media,Enterprise,43,True
6893,2024-07-17,Moldova,Organic Search,SMB,52,True
6894,2024-06-25,Micronesia,Partner,SMB,61,True
6895,2024-03-30,Qatar,Social Media,Mid Market,29,True
6896,2024-01-02,Philippines,Referral,Mid Market,56,True
6897,2024-09-06,Lithuania,Organic Search,Enterprise,79,True
6898,2024-10-25,Nauru,Paid Ads,SMB,98,True
6899,2024-05-21,Lithuania,Paid Ads,SMB,65,False
6900,2024-08-06,Cote d'Ivoire,Social Media,Mid Market,84,True
6901,2024-10-18,Oman,Paid Ads,SMB,27,True
6902,2024-01-16,Montserrat,Partner,SMB,100,False
6903,2024-12-24,Czech Republic,Partner,SMB,64,True
6904,2024-12-05,United Arab Emirates,Social Media,SMB,66,True
6905,2024-09-15,Angola,Partner,Mid Market,43,True
6906,2024-08-17,Saint Helena,Organic Search,SMB,69,True
6907,2024-07-25,Central African Republic,Referral,Mid Market,66,True
6908,2024-07-26,Solomon Islands,Partner,SMB,68,True
6909,2024-01-05,Cook Islands,Social Media,SMB,25,True
6910,2024-02-12,Zambia,Partner,Mid Market,55,False
6911,2024-02-26,Holy See (Vatican City State),Referral,SMB,68,True
6912,2024-09-17,Wallis and Futuna,Social Media,Mid Market,53,True
6913,2024-01-21,Sweden,Paid Ads,SMB,33,True
6914,2024-01-03,Thailand,Organic Search,Enterprise,72,True
6915,2024-07-28,Algeria,Paid Ads,SMB,54,True
6916,2024-02-21,Pitcairn Islands,Social Media,SMB,38,True
6917,2024-01-04,Samoa,Social Media,SMB,44,True
6918,2024-09-13,Suriname,Organic Search,SMB,40,True
6919,2024-03-12,Norfolk Island,Referral,SMB,38,True
6920,2024-04-02,Guam,Referral,SMB,56,True
6921,2024-01-07,Suriname,Paid Ads,SMB,61,True
6922,2024-03-20,Finland,Paid Ads,SMB,97,True
6923,2024-10-29,Senegal,Paid Ads,SMB,20,False
6924,2024-05-19,Benin,Organic Search,SMB,90,True
6925,2024-05-17,Chile,Social Media,Mid Market,34,True
6926,2024-04-26,Malaysia,Partner,Mid Market,33,True
6927,2024-12-26,Namibia,Organic Search,Enterprise,64,True
6928,2024-12-07,Tonga,Organic Search,Mid Market,60,True
6929,2024-04-09,Qatar,Partner,Enterprise,76,True
6930,2024-03-15,United States of America,Referral,Mid Market,87,True
6931,2024-10-30,Anguilla,Referral,Enterprise,20,True
6932,2024-08-11,Oman,Partner,SMB,66,True
6933,2024-09-07,Japan,Paid Ads,Enterprise,96,True
6934,2024-08-25,Costa Rica,Paid Ads,SMB,36,True
6935,2024-10-03,Vanuatu,Organic Search,Mid Market,23,True
6936,2024-06-02,Netherlands Antilles,Organic Search,Mid Market,62,True
6937,2024-05-04,Oman,Partner,SMB,62,True
6938,2024-03-05,Bolivia,Paid Ads,Mid Market,32,False
6939,2024-12-01,Mauritania,Partner,SMB,91,True
6940,2024-07-28,Guyana,Social Media,SMB,100,True
6941,2024-03-06,Colombia,Paid Ads,SMB,30,False
6942,2024-11-24,Kyrgyz Republic,Paid Ads,Mid Market,98,True
6943,2024-04-24,Philippines,Organic Search,SMB,64,True
6944,2024-09-11,Niger,Paid Ads,Mid Market,23,True
6945,2024-12-10,Italy,Referral,SMB,94,True
6946,2024-02-29,Martinique,Referral,SMB,99,True
6947,2024-08-15,Nigeria,Partner,Enterprise,50,True
6948,2024-07-25,Korea,Paid Ads,SMB,60,False
6949,2024-06-18,Gibraltar,Paid Ads,SMB,64,True
6950,2024-09-09,Uzbekistan,Partner,SMB,59,True
6951,2024-12-23,Czech Republic,Organic Search,SMB,55,False
6952,2024-04-05,South Africa,Paid Ads,Mid Market,20,True
6953,2024-08-02,Mozambique,Paid Ads,Enterprise,92,True
6954,2024-11-22,Andorra,Organic Search,Mid Market,65,True
6955,2024-03-19,United Arab Emirates,Paid Ads,Mid Market,89,True
6956,2024-08-07,Burundi,Organic Search,SMB,26,True
6957,2024-07-17,Argentina,Partner,SMB,50,True
6958,2024-04-29,Ghana,Social Media,Mid Market,67,True
6959,2024-08-15,Hungary,Organic Search,SMB,60,True
6960,2024-03-14,Svalbard & Jan Mayen Islands,Social Media,SMB,48,False
6961,2024-08-02,Nigeria,Paid Ads,SMB,95,True
6962,2024-10-09,India,Organic Search,SMB,48,True
6963,2024-11-21,Isle of Man,Organic Search,SMB,44,False
6964,2024-09-02,India,Social Media,Mid Market,40,True
6965,2024-11-23,Taiwan,Paid Ads,Mid Market,57,True
6966,2024-05-17,Trinidad and Tobago,Partner,SMB,83,True
6967,2024-04-02,Mozambique,Partner,Mid Market,21,False
6968,2024-09-29,Solomon Islands,Partner,Mid Market,50,True
6969,2024-03-13,Netherlands,Partner,SMB,58,False
6970,2024-09-19,Isle of Man,Organic Search,Mid Market,55,True
6971,2024-02-10,Gabon,Social Media,Mid Market,59,True
6972,2024-02-26,Vanuatu,Partner,SMB,70,False
6973,2024-11-03,Belize,Organic Search,SMB,63,False
6974,2024-06-10,Guam,Social Media,SMB,94,True
6975,2024-01-15,British Indian Ocean Territory (Chagos Archipelago),Social Media,SMB,83,True
6976,2024-10-15,Taiwan,Social Media,SMB,55,True
6977,2024-03-25,Chile,Partner,SMB,50,False
6978,2024-04-19,American Samoa,Referral,Mid Market,99,True
6979,2024-06-22,New Zealand,Paid Ads,SMB,43,True
6980,2024-04-23,Angola,Organic Search,SMB,88,True
6981,2024-03-12,Cook Islands,Paid Ads,SMB,25,False
6982,2024-05-23,Liechtenstein,Organic Search,Enterprise,37,True
6983,2024-11-05,Lesotho,Social Media,SMB,99,True
6984,2024-11-03,Qatar,Organic Search,SMB,32,False
6985,2024-09-05,Singapore,Partner,Enterprise,96,True
6986,2024-03-12,Singapore,Referral,SMB,31,False
6987,2024-07-27,Fiji,Social Media,SMB,42,True
6988,2024-03-02,Montenegro,Partner,Mid Market,95,True
6989,2024-03-31,Bangladesh,Social Media,SMB,46,True
6990,2024-08-31,Turkmenistan,Organic Search,SMB,36,True
6991,2024-06-30,Niue,Organic Search,Enterprise,35,False
6992,2024-04-28,Dominican Republic,Paid Ads,SMB,25,True
6993,2024-06-03,Puerto Rico,Paid Ads,Mid Market,65,True
6994,2024-01-04,Sierra Leone,Referral,SMB,73,True
6995,2024-02-18,Pitcairn Islands,Paid Ads,SMB,93,True
6996,2024-05-02,Cambodia,Referral,SMB,99,True
6997,2024-04-25,Sierra Leone,Social Media,Mid Market,30,True
6998,2024-11-05,Tanzania,Organic Search,SMB,22,False
6999,2024-04-04,Tanzania,Paid Ads,Mid Market,75,False
7000,2024-02-20,Micronesia,Social Media,SMB,63,True
7001,2024-07-11,Comoros,Partner,Mid Market,28,False
7002,2024-09-20,Qatar,Partner,SMB,96,True
7003,2024-06-07,Portugal,Organic Search,Mid Market,94,True
7004,2024-11-14,Norway,Referral,SMB,56,True
7005,2024-06-25,Romania,Referral,SMB,49,True
7006,2024-02-12,Chad,Social Media,Mid Market,79,True
7007,2024-08-26,Kiribati,Paid Ads,Mid Market,56,True
7008,2024-06-18,Belarus,Social Media,SMB,56,True
7009,2024-05-05,North Macedonia,Social Media,SMB,35,True
7010,2024-11-10,Dominica,Partner,Enterprise,65,True
7011,2024-04-10,United States of America,Paid Ads,Mid Market,33,False
7012,2024-02-11,Malawi,Social Media,Enterprise,74,True
7013,2024-08-03,Jamaica,Social Media,SMB,64,True
7014,2024-03-31,Palau,Social Media,Mid Market,73,True
7015,2024-02-04,Reunion,Referral,SMB,93,True
7016,2024-03-22,Mali,Paid Ads,SMB,61,True
7017,2024-09-01,French Guiana,Paid Ads,SMB,29,True
7018,2024-11-15,Haiti,Organic Search,SMB,51,True
7019,2024-02-05,Liberia,Organic Search,SMB,100,True
7020,2024-10-07,Iceland,Social Media,SMB,100,True
7021,2024-09-01,Cambodia,Social Media,SMB,51,True
7022,2024-03-10,Samoa,Referral,SMB,82,True
7023,2024-03-04,Uruguay,Paid Ads,SMB,39,False
7024,2024-02-06,Micronesia,Referral,SMB,86,True
7025,2024-05-25,Turkmenistan,Paid Ads,SMB,48,True
7026,2024-09-11,Canada,Organic Search,SMB,39,True
7027,2024-11-06,Uganda,Partner,SMB,25,True
7028,2024-01-15,New Zealand,Referral,SMB,63,True
7029,2024-05-05,Russian Federation,Paid Ads,Mid Market,92,True
7030,2024-12-22,Chile,Referral,Mid Market,29,True
7031,2024-04-16,Micronesia,Referral,SMB,64,True
7032,2024-11-02,Cambodia,Paid Ads,Mid Market,68,True
7033,2024-11-09,Jersey,Referral,SMB,81,True
7034,2024-10-01,Mongolia,Partner,SMB,90,True
7035,2024-04-13,French Southern Territories,Social Media,SMB,92,True
7036,2024-02-06,Honduras,Partner,Mid Market,87,True
7037,2024-03-12,Togo,Organic Search,SMB,55,True
7038,2024-12-07,Monaco,Organic Search,Mid Market,65,True
7039,2024-03-24,Argentina,Social Media,SMB,43,True
7040,2024-08-08,Svalbard & Jan Mayen Islands,Social Media,Mid Market,48,True
7041,2024-07-07,El Salvador,Organic Search,Mid Market,82,True
7042,2024-04-03,New Zealand,Partner,SMB,64,True
7043,2024-04-22,Czech Republic,Referral,SMB,66,True
7044,2024-12-10,Central African Republic,Social Media,SMB,69,True
7045,2024-11-10,Luxembourg,Social Media,Enterprise,53,False
7046,2024-09-27,Tokelau,Social Media,SMB,95,True
7047,2024-08-06,Sao Tome and Principe,Referral,SMB,93,True
7048,2024-05-27,Suriname,Partner,Mid Market,22,False
7049,2024-06-06,Morocco,Social Media,Mid Market,60,True
7050,2024-01-03,Madagascar,Social Media,SMB,92,False
7051,2024-08-02,Uruguay,Partner,SMB,62,True
7052,2024-02-26,Congo,Referral,Mid Market,26,True
7053,2024-08-03,Guam,Referral,Mid Market,73,True
7054,2024-12-30,Suriname,Social Media,SMB,49,True
7055,2024-06-12,Bolivia,Organic Search,Mid Market,94,True
7056,2024-04-20,Japan,Partner,Mid Market,54,True
7057,2024-03-11,Monaco,Organic Search,SMB,34,True
7058,2024-06-03,Eritrea,Social Media,Mid Market,67,True
7059,2024-01-03,Morocco,Referral,SMB,45,True
7060,2024-05-29,Jamaica,Social Media,SMB,20,True
7061,2024-05-26,Uganda,Partner,Enterprise,92,True
7062,2024-08-25,Bolivia,Referral,SMB,86,True
7063,2024-05-29,Czech Republic,Organic Search,SMB,46,True
7064,2024-04-27,Germany,Paid Ads,SMB,31,False
7065,2024-05-29,Nepal,Social Media,SMB,38,True
7066,2024-05-04,United Kingdom,Referral,SMB,39,True
7067,2024-12-21,Saint Vincent and the Grenadines,Organic Search,Enterprise,54,True
7068,2024-06-11,Timor-Leste,Organic Search,Mid Market,70,True
7069,2024-09-06,Bangladesh,Social Media,Mid Market,76,True
7070,2024-01-07,Kyrgyz Republic,Social Media,SMB,100,False
7071,2024-04-22,Estonia,Referral,Mid Market,86,True
7072,2024-08-06,Solomon Islands,Referral,SMB,28,False
7073,2024-03-11,Denmark,Referral,SMB,26,False
7074,2024-12-12,Somalia,Paid Ads,SMB,54,True
7075,2024-03-05,Australia,Social Media,Mid Market,89,True
7076,2024-04-14,Liberia,Referral,Enterprise,47,True
7077,2024-08-04,Honduras,Social Media,Mid Market,68,True
7078,2024-01-12,Equatorial Guinea,Paid Ads,SMB,89,True
7079,2024-11-05,Senegal,Social Media,SMB,30,True
7080,2024-12-23,Equatorial Guinea,Referral,SMB,62,False
7081,2024-11-23,Cocos (Keeling) Islands,Partner,Mid Market,56,True
7082,2024-08-10,Sri Lanka,Paid Ads,SMB,91,True
7083,2024-07-08,Wallis and Futuna,Social Media,SMB,26,True
7084,2024-02-28,French Southern Territories,Referral,SMB,99,True
7085,2024-07-08,Paraguay,Organic Search,Enterprise,47,True
7086,2024-07-10,Antarctica (the territory South of 60 deg S),Organic Search,Mid Market,20,False
7087,2024-02-09,Ghana,Organic Search,Mid Market,57,True
7088,2024-07-19,Sri Lanka,Organic Search,SMB,87,True
7089,2024-12-19,Liechtenstein,Organic Search,SMB,26,True
7090,2024-04-20,Mozambique,Paid Ads,Mid Market,93,True
7091,2024-11-23,Andorra,Organic Search,SMB,28,True
7092,2024-02-01,Iraq,Partner,SMB,50,True
7093,2024-02-02,Kenya,Partner,SMB,85,True
7094,2024-06-23,Isle of Man,Organic Search,Mid Market,62,True
7095,2024-04-07,Argentina,Paid Ads,Mid Market,33,False
7096,2024-05-20,Northern Mariana Islands,Paid Ads,Mid Market,81,True
7097,2024-06-07,Mongolia,Social Media,SMB,84,True
7098,2024-01-26,Albania,Referral,SMB,21,True
7099,2024-02-22,Saint Barthelemy,Social Media,SMB,60,False
7100,2024-07-14,Bahamas,Partner,SMB,82,True
7101,2024-08-18,Andorra,Paid Ads,SMB,31,True
7102,2024-11-07,Maldives,Organic Search,SMB,79,True
7103,2024-12-02,Vanuatu,Organic Search,SMB,97,True
7104,2024-09-26,Puerto Rico,Paid Ads,Mid Market,46,False
7105,2024-09-04,Martinique,Organic Search,SMB,33,True
7106,2024-07-06,Timor-Leste,Paid Ads,Enterprise,74,True
7107,2024-09-21,Austria,Social Media,SMB,92,True
7108,2024-10-19,Belize,Social Media,Mid Market,69,True
7109,2024-08-12,Bahrain,Partner,SMB,86,True
7110,2024-04-13,Gabon,Referral,SMB,28,False
7111,2024-08-31,Cook Islands,Organic Search,Mid Market,23,True
7112,2024-06-19,China,Paid Ads,SMB,44,True
7113,2024-05-10,Kyrgyz Republic,Partner,Mid Market,28,False
7114,2024-10-28,Saint Lucia,Partner,SMB,76,True
7115,2024-12-27,Panama,Referral,SMB,51,True
7116,2024-07-05,Timor-Leste,Referral,Enterprise,94,True
7117,2024-12-01,China,Paid Ads,Mid Market,85,True
7118,2024-03-24,Afghanistan,Partner,SMB,71,True
7119,2024-12-03,Albania,Referral,SMB,81,True
7120,2024-06-20,Isle of Man,Paid Ads,SMB,62,True
7121,2024-10-03,Yemen,Partner,Enterprise,74,False
7122,2024-10-07,Brunei Darussalam,Social Media,Mid Market,46,False
7123,2024-01-03,Korea,Referral,SMB,85,True
7124,2024-06-23,Gabon,Referral,SMB,79,True
7125,2024-04-01,Colombia,Social Media,Mid Market,75,True
7126,2024-10-30,Cote d'Ivoire,Paid Ads,Mid Market,48,True
7127,2024-05-10,Luxembourg,Partner,SMB,67,True
7128,2024-12-29,Finland,Organic Search,SMB,36,True
7129,2024-09-22,French Polynesia,Partner,Enterprise,74,True
7130,2024-02-24,Chad,Referral,SMB,89,True
7131,2024-08-27,Oman,Referral,Enterprise,20,False
7132,2024-10-01,Syrian Arab Republic,Paid Ads,Enterprise,36,True
7133,2024-01-05,Namibia,Social Media,Mid Market,48,True
7134,2024-10-11,Slovakia (Slovak Republic),Referral,Enterprise,80,True
7135,2024-08-28,Antigua and Barbuda,Social Media,Enterprise,34,True
7136,2024-03-02,India,Paid Ads,SMB,60,True
7137,2024-03-06,Namibia,Social Media,Mid Market,69,True
7138,2024-04-11,Holy See (Vatican City State),Organic Search,Mid Market,27,True
7139,2024-01-05,New Caledonia,Social Media,Enterprise,38,True
7140,2024-02-07,New Zealand,Organic Search,Mid Market,55,True
7141,2024-03-13,Japan,Referral,SMB,57,True
7142,2024-09-07,India,Referral,Mid Market,26,False
7143,2024-06-27,Saint Lucia,Social Media,Mid Market,77,True
7144,2024-08-28,French Southern Territories,Organic Search,Mid Market,74,True
7145,2024-03-02,Hungary,Paid Ads,SMB,80,True
7146,2024-02-25,Portugal,Social Media,SMB,98,True
7147,2024-08-10,Guinea-Bissau,Partner,Mid Market,71,True
7148,2024-08-21,Paraguay,Social Media,SMB,97,True
7149,2024-11-08,Jordan,Social Media,SMB,50,False
7150,2024-04-09,Cote d'Ivoire,Partner,Mid Market,22,False
7151,2024-01-09,Madagascar,Paid Ads,Mid Market,39,False
7152,2024-03-23,Saint Vincent and the Grenadines,Partner,Enterprise,68,True
7153,2024-12-15,Cape Verde,Partner,SMB,78,True
7154,2024-11-15,Cocos (Keeling) Islands,Referral,Enterprise,43,True
7155,2024-03-06,Timor-Leste,Organic Search,SMB,53,True
7156,2024-05-04,Saint Helena,Paid Ads,Mid Market,78,True
7157,2024-01-11,Cambodia,Partner,Mid Market,81,False
7158,2024-12-09,Equatorial Guinea,Referral,SMB,34,True
7159,2024-06-20,Uganda,Social Media,Mid Market,95,True
7160,2024-02-28,Sudan,Organic Search,Enterprise,62,False
7161,2024-01-20,Vietnam,Organic Search,SMB,70,True
7162,2024-12-28,Slovakia (Slovak Republic),Referral,SMB,23,True
7163,2024-09-15,Saint Pierre and Miquelon,Organic Search,SMB,64,True
7164,2024-10-13,Georgia,Paid Ads,Mid Market,53,True
7165,2024-08-27,San Marino,Partner,SMB,91,True
7166,2024-04-14,China,Referral,SMB,84,True
7167,2024-09-13,Jersey,Referral,SMB,31,True
7168,2024-11-03,Montenegro,Referral,SMB,93,True
7169,2024-07-25,Singapore,Social Media,SMB,52,True
7170,2024-07-15,San Marino,Referral,Enterprise,84,True
7171,2024-07-30,Djibouti,Social Media,Mid Market,50,True
7172,2024-03-20,Moldova,Organic Search,Mid Market,31,True
7173,2024-09-10,Slovakia (Slovak Republic),Referral,Mid Market,72,True
7174,2024-08-04,Botswana,Partner,SMB,86,True
7175,2024-03-13,Ireland,Partner,SMB,62,False
7176,2024-05-15,Falkland Islands (Malvinas),Paid Ads,Enterprise,83,True
7177,2024-12-08,Ghana,Referral,SMB,25,False
7178,2024-01-18,Germany,Referral,SMB,70,True
7179,2024-12-06,Lesotho,Organic Search,SMB,68,False
7180,2024-01-09,Svalbard & Jan Mayen Islands,Partner,SMB,23,False
7181,2024-10-13,Montenegro,Partner,SMB,38,True
7182,2024-09-10,Heard Island and McDonald Islands,Organic Search,SMB,45,False
7183,2024-01-30,Germany,Referral,Enterprise,60,True
7184,2024-08-03,Swaziland,Referral,SMB,45,True
7185,2024-01-07,Isle of Man,Organic Search,Enterprise,27,True
7186,2024-01-20,French Guiana,Paid Ads,SMB,96,True
7187,2024-10-28,Faroe Islands,Referral,SMB,76,False
7188,2024-09-23,Guinea-Bissau,Organic Search,Mid Market,59,True
7189,2024-09-29,United States Virgin Islands,Organic Search,SMB,49,True
7190,2024-06-20,Turks and Caicos Islands,Partner,SMB,89,True
7191,2024-11-03,Wallis and Futuna,Referral,Mid Market,26,False
7192,2024-11-14,Germany,Referral,SMB,53,True
7193,2024-12-27,Greenland,Referral,Mid Market,73,True
7194,2024-08-05,Puerto Rico,Organic Search,SMB,73,True
7195,2024-07-20,Lithuania,Referral,SMB,23,True
7196,2024-09-19,Afghanistan,Organic Search,SMB,37,True
7197,2024-12-11,Montserrat,Social Media,SMB,64,True
7198,2024-10-19,Cote d'Ivoire,Partner,Mid Market,52,True
7199,2024-08-22,Macao,Organic Search,Mid Market,48,True
7200,2024-02-07,Chad,Organic Search,SMB,64,True
7201,2024-12-14,Cameroon,Paid Ads,Enterprise,51,True
7202,2024-01-05,Brazil,Paid Ads,SMB,45,True
7203,2024-11-05,Afghanistan,Social Media,Mid Market,57,False
7204,2024-03-12,Northern Mariana Islands,Organic Search,SMB,35,False
7205,2024-06-06,Libyan Arab Jamahiriya,Referral,Mid Market,97,True
7206,2024-04-29,Niger,Social Media,Enterprise,65,False
7207,2024-11-27,Lebanon,Organic Search,Mid Market,33,True
7208,2024-07-26,Rwanda,Social Media,SMB,32,False
7209,2024-09-17,Syrian Arab Republic,Social Media,SMB,36,True
7210,2024-12-02,Uzbekistan,Paid Ads,SMB,47,False
7211,2024-07-28,Saint Vincent and the Grenadines,Referral,SMB,87,True
7212,2024-12-06,Austria,Partner,SMB,70,True
7213,2024-11-23,Romania,Referral,SMB,71,True
7214,2024-03-29,Bouvet Island (Bouvetoya),Paid Ads,SMB,74,True
7215,2024-08-09,Kiribati,Social Media,SMB,85,True
7216,2024-01-06,Namibia,Paid Ads,Mid Market,44,True
7217,2024-08-17,Iran,Social Media,SMB,70,True
7218,2024-06-15,Norfolk Island,Referral,SMB,97,False
7219,2024-12-12,Bahamas,Paid Ads,Enterprise,20,False
7220,2024-08-25,Wallis and Futuna,Partner,SMB,50,True
7221,2024-06-11,Central African Republic,Paid Ads,SMB,37,True
7222,2024-06-14,Djibouti,Partner,Mid Market,81,True
7223,2024-08-26,Switzerland,Referral,SMB,97,True
7224,2024-09-10,Papua New Guinea,Social Media,SMB,90,True
7225,2024-04-06,Aruba,Paid Ads,SMB,88,True
7226,2024-01-13,Iraq,Partner,SMB,29,False
7227,2024-12-29,Canada,Partner,SMB,76,True
7228,2024-02-25,Gabon,Social Media,SMB,90,True
7229,2024-10-25,Nigeria,Referral,SMB,37,True
7230,2024-10-29,New Zealand,Partner,Mid Market,64,True
7231,2024-02-17,Guatemala,Paid Ads,SMB,30,False
7232,2024-11-27,Mayotte,Organic Search,Mid Market,59,True
7233,2024-09-26,Cote d'Ivoire,Social Media,SMB,66,True
7234,2024-01-23,Tunisia,Organic Search,Mid Market,43,False
7235,2024-05-14,Vietnam,Partner,SMB,43,True
7236,2024-09-24,Malaysia,Social Media,SMB,82,True
7237,2024-06-27,Antarctica (the territory South of 60 deg S),Social Media,Enterprise,100,True
7238,2024-04-29,Bahamas,Organic Search,Mid Market,95,True
7239,2024-04-10,Jamaica,Organic Search,SMB,39,True
7240,2024-06-23,Bulgaria,Organic Search,SMB,84,True
7241,2024-07-19,Estonia,Organic Search,SMB,41,True
7242,2024-10-19,Nauru,Organic Search,SMB,96,True
7243,2024-06-25,Panama,Referral,Enterprise,40,False
7244,2024-04-26,Uzbekistan,Referral,SMB,46,True
7245,2024-03-01,Belize,Paid Ads,SMB,41,True
7246,2024-01-22,Benin,Organic Search,Mid Market,83,True
7247,2024-11-23,Christmas Island,Referral,SMB,37,True
7248,2024-05-13,Portugal,Referral,Enterprise,74,True
7249,2024-03-12,Saint Vincent and the Grenadines,Partner,Mid Market,93,True
7250,2024-08-19,Svalbard & Jan Mayen Islands,Partner,SMB,56,True
7251,2024-01-13,Central African Republic,Partner,SMB,31,False
7252,2024-11-24,Tonga,Partner,SMB,96,True
7253,2024-07-07,American Samoa,Social Media,Mid Market,83,False
7254,2024-05-10,Haiti,Organic Search,Mid Market,89,False
7255,2024-09-09,Mongolia,Referral,SMB,58,True
7256,2024-05-09,Reunion,Partner,SMB,62,False
7257,2024-02-03,Bulgaria,Partner,SMB,74,True
7258,2024-10-08,Dominica,Paid Ads,Mid Market,73,True
7259,2024-06-30,Sao Tome and Principe,Paid Ads,SMB,54,True
7260,2024-09-16,Malaysia,Referral,Mid Market,91,False
7261,2024-04-27,Switzerland,Partner,Mid Market,74,True
7262,2024-11-18,Holy See (Vatican City State),Referral,Mid Market,83,True
7263,2024-04-20,Christmas Island,Social Media,Enterprise,58,True
7264,2024-09-22,Western Sahara,Partner,SMB,23,True
7265,2024-12-05,Togo,Social Media,SMB,87,True
7266,2024-08-29,Cocos (Keeling) Islands,Organic Search,Enterprise,97,True
7267,2024-05-28,United Kingdom,Referral,SMB,72,True
7268,2024-11-08,Cocos (Keeling) Islands,Paid Ads,SMB,52,True
7269,2024-06-02,Grenada,Referral,Mid Market,75,True
7270,2024-11-01,Saint Lucia,Partner,Mid Market,24,False
7271,2024-07-01,Armenia,Organic Search,Mid Market,59,False
7272,2024-06-12,Niue,Organic Search,SMB,24,False
7273,2024-11-01,Antarctica (the territory South of 60 deg S),Referral,SMB,71,True
7274,2024-08-25,Malta,Referral,Mid Market,21,False
7275,2024-01-27,Lithuania,Social Media,SMB,42,False
7276,2024-11-04,Burkina Faso,Referral,SMB,79,True
7277,2024-08-16,Japan,Referral,Enterprise,82,True
7278,2024-03-13,Congo,Paid Ads,SMB,64,True
7279,2024-12-07,Korea,Organic Search,SMB,23,False
7280,2024-02-02,Finland,Social Media,SMB,91,True
7281,2024-06-28,Saint Kitts and Nevis,Organic Search,SMB,36,True
7282,2024-12-18,Saint Barthelemy,Organic Search,SMB,63,True
7283,2024-01-12,Reunion,Referral,Enterprise,32,False
7284,2024-06-08,Andorra,Referral,SMB,28,True
7285,2024-03-12,Spain,Social Media,SMB,49,True
7286,2024-04-24,Seychelles,Social Media,Mid Market,62,False
7287,2024-04-06,South Georgia and the South Sandwich Islands,Organic Search,Mid Market,32,True
7288,2024-02-27,Bulgaria,Referral,SMB,65,True
7289,2024-10-21,Armenia,Organic Search,SMB,41,False
7290,2024-07-24,Madagascar,Partner,SMB,78,True
7291,2024-05-15,Tonga,Referral,SMB,68,True
7292,2024-04-03,French Guiana,Partner,SMB,26,True
7293,2024-09-25,Austria,Partner,SMB,87,True
7294,2024-04-08,Mozambique,Paid Ads,Mid Market,64,True
7295,2024-06-27,Cayman Islands,Partner,SMB,30,True
7296,2024-05-12,Ethiopia,Social Media,Enterprise,97,True
7297,2024-11-16,New Caledonia,Organic Search,SMB,61,True
7298,2024-02-18,Guatemala,Organic Search,SMB,58,True
7299,2024-06-25,Haiti,Partner,SMB,48,False
7300,2024-12-18,Saint Pierre and Miquelon,Social Media,Mid Market,73,True
7301,2024-03-10,Sri Lanka,Social Media,SMB,33,True
7302,2024-07-31,Guinea-Bissau,Social Media,SMB,76,True
7303,2024-05-08,Zimbabwe,Social Media,SMB,37,False
7304,2024-02-14,India,Partner,Mid Market,67,True
7305,2024-08-04,Niger,Referral,Mid Market,52,True
7306,2024-02-21,Swaziland,Referral,Mid Market,23,False
7307,2024-09-20,Egypt,Partner,SMB,85,True
7308,2024-12-01,French Polynesia,Social Media,SMB,21,False
7309,2024-10-28,Switzerland,Paid Ads,Enterprise,74,True
7310,2024-10-19,Micronesia,Referral,SMB,75,True
7311,2024-05-03,Guadeloupe,Organic Search,Mid Market,50,False
7312,2024-11-12,Greece,Paid Ads,SMB,29,True
7313,2024-08-11,Finland,Social Media,Enterprise,59,True
7314,2024-06-20,Yemen,Organic Search,Mid Market,98,True
7315,2024-10-29,Solomon Islands,Paid Ads,SMB,36,False
7316,2024-12-12,Madagascar,Social Media,SMB,32,False
7317,2024-03-29,Bolivia,Referral,SMB,49,True
7318,2024-09-28,Isle of Man,Paid Ads,SMB,24,True
7319,2024-06-06,Slovenia,Paid Ads,SMB,31,True
7320,2024-12-02,Somalia,Partner,Mid Market,27,True
7321,2024-03-15,Palau,Partner,Mid Market,51,False
7322,2024-07-24,Guyana,Partner,SMB,38,True
7323,2024-10-10,Poland,Referral,Mid Market,50,True
7324,2024-02-24,Fiji,Referral,SMB,80,True
7325,2024-07-04,Chile,Partner,SMB,79,True
7326,2024-04-04,Serbia,Paid Ads,Mid Market,34,True
7327,2024-06-18,Egypt,Partner,SMB,56,True
7328,2024-11-17,Portugal,Partner,SMB,30,True
7329,2024-09-23,Yemen,Referral,Mid Market,51,True
7330,2024-08-11,Montserrat,Paid Ads,SMB,30,False
7331,2024-01-20,Palestinian Territory,Referral,Mid Market,94,True
7332,2024-09-04,Greenland,Social Media,SMB,33,True
7333,2024-06-13,Korea,Organic Search,SMB,94,True
7334,2024-02-28,Gambia,Social Media,Mid Market,69,True
7335,2024-06-22,Bosnia and Herzegovina,Organic Search,Enterprise,47,False
7336,2024-03-23,Korea,Paid Ads,SMB,74,False
7337,2024-03-13,Canada,Paid Ads,SMB,26,True
7338,2024-09-14,Cayman Islands,Social Media,SMB,99,True
7339,2024-03-20,Poland,Referral,SMB,90,True
7340,2024-05-06,Palau,Social Media,SMB,29,False
7341,2024-06-13,Haiti,Social Media,SMB,78,True
7342,2024-08-10,Singapore,Social Media,SMB,23,False
7343,2024-07-02,Turks and Caicos Islands,Referral,SMB,77,True
7344,2024-09-06,Belize,Organic Search,SMB,57,True
7345,2024-06-26,Northern Mariana Islands,Paid Ads,Mid Market,30,False
7346,2024-07-10,Guinea-Bissau,Referral,SMB,55,True
7347,2024-06-11,Romania,Organic Search,SMB,42,True
7348,2024-01-04,Svalbard & Jan Mayen Islands,Referral,Mid Market,68,False
7349,2024-09-23,Australia,Referral,SMB,91,True
7350,2024-11-09,United States Minor Outlying Islands,Organic Search,Mid Market,59,True
7351,2024-11-22,Heard Island and McDonald Islands,Partner,Mid Market,41,True
7352,2024-10-31,Ghana,Partner,SMB,77,False
7353,2024-07-22,Belarus,Organic Search,SMB,26,True
7354,2024-05-19,Gabon,Organic Search,Mid Market,46,True
7355,2024-05-19,Uruguay,Social Media,Mid Market,78,True
7356,2024-12-13,North Macedonia,Partner,SMB,28,False
7357,2024-10-01,British Indian Ocean Territory (Chagos Archipelago),Referral,SMB,74,False
7358,2024-10-04,Switzerland,Paid Ads,SMB,29,True
7359,2024-05-04,Tajikistan,Paid Ads,Mid Market,77,True
7360,2024-03-29,Pakistan,Organic Search,SMB,60,True
7361,2024-02-21,Bulgaria,Referral,SMB,68,True
7362,2024-01-31,Georgia,Organic Search,SMB,40,True
7363,2024-03-17,Brazil,Organic Search,SMB,88,True
7364,2024-12-02,Poland,Paid Ads,SMB,50,False
7365,2024-03-29,Panama,Organic Search,Mid Market,45,True
7366,2024-12-16,Nauru,Organic Search,Mid Market,69,True
7367,2024-09-24,British Virgin Islands,Organic Search,Mid Market,72,False
7368,2024-04-23,Turkmenistan,Social Media,Mid Market,50,False
7369,2024-10-02,Western Sahara,Paid Ads,Mid Market,31,False
7370,2024-11-28,Pakistan,Social Media,Enterprise,68,True
7371,2024-11-03,Spain,Organic Search,SMB,85,True
7372,2024-10-30,Saint Lucia,Partner,Mid Market,74,True
7373,2024-09-03,Vietnam,Referral,SMB,22,True
7374,2024-06-30,Montenegro,Referral,SMB,32,True
7375,2024-01-26,Ireland,Social Media,Enterprise,78,True
7376,2024-02-28,Papua New Guinea,Social Media,SMB,91,True
7377,2024-07-05,Pitcairn Islands,Organic Search,Mid Market,88,True
7378,2024-11-06,Japan,Partner,SMB,47,True
7379,2024-08-22,Dominica,Organic Search,SMB,30,False
7380,2024-02-26,Armenia,Paid Ads,Mid Market,99,True
7381,2024-05-15,Cameroon,Partner,SMB,66,True
7382,2024-08-03,Palestinian Territory,Paid Ads,SMB,98,True
7383,2024-07-21,Bolivia,Partner,SMB,34,False
7384,2024-11-03,Finland,Referral,SMB,83,False
7385,2024-02-10,Bhutan,Referral,SMB,34,True
7386,2024-12-18,Australia,Paid Ads,SMB,38,False
7387,2024-08-05,Czech Republic,Referral,SMB,71,True
7388,2024-02-24,South Georgia and the South Sandwich Islands,Referral,Mid Market,68,False
7389,2024-08-13,Guadeloupe,Paid Ads,SMB,23,True
7390,2024-07-09,American Samoa,Partner,SMB,78,True
7391,2024-02-20,Albania,Referral,SMB,87,True
7392,2024-09-01,Comoros,Partner,Mid Market,25,True
7393,2024-03-25,Cayman Islands,Referral,SMB,56,True
7394,2024-12-07,Algeria,Social Media,Enterprise,58,True
7395,2024-06-01,Equatorial Guinea,Social Media,Mid Market,42,True
7396,2024-09-10,Macao,Social Media,SMB,47,True
7397,2024-01-01,Somalia,Partner,Enterprise,34,True
7398,2024-02-06,Saint Kitts and Nevis,Social Media,SMB,32,False
7399,2024-12-16,Denmark,Partner,SMB,33,False
7400,2024-07-10,Mauritania,Referral,SMB,49,True
7401,2024-02-27,Zambia,Paid Ads,SMB,88,True
7402,2024-08-03,Ukraine,Referral,Mid Market,73,False
7403,2024-05-14,Libyan Arab Jamahiriya,Social Media,SMB,52,True
7404,2024-07-17,Swaziland,Partner,SMB,92,True
7405,2024-07-17,United Kingdom,Paid Ads,SMB,81,True
7406,2024-01-12,United States Virgin Islands,Referral,SMB,91,True
7407,2024-04-28,Holy See (Vatican City State),Organic Search,SMB,89,True
7408,2024-04-22,Pakistan,Social Media,Mid Market,49,True
7409,2024-07-24,Cayman Islands,Referral,Mid Market,30,False
7410,2024-06-25,Liberia,Paid Ads,Enterprise,38,False
7411,2024-12-27,Finland,Paid Ads,SMB,41,True
7412,2024-09-04,Georgia,Organic Search,SMB,96,True
7413,2024-04-24,Sao Tome and Principe,Partner,SMB,53,True
7414,2024-01-26,Montenegro,Social Media,Mid Market,38,True
7415,2024-10-23,Gambia,Organic Search,SMB,77,False
7416,2024-03-28,Myanmar,Referral,SMB,55,True
7417,2024-09-02,Fiji,Organic Search,SMB,22,True
7418,2024-02-14,Aruba,Paid Ads,SMB,94,True
7419,2024-07-24,Somalia,Organic Search,Mid Market,81,True
7420,2024-06-20,Iceland,Social Media,SMB,86,True
7421,2024-12-01,Andorra,Partner,Mid Market,81,True
7422,2024-05-25,Barbados,Paid Ads,Mid Market,99,False
7423,2024-11-03,Czech Republic,Organic Search,SMB,37,True
7424,2024-02-24,Bouvet Island (Bouvetoya),Social Media,SMB,55,False
7425,2024-10-06,El Salvador,Social Media,Mid Market,73,False
7426,2024-07-01,Togo,Paid Ads,Mid Market,90,True
7427,2024-11-13,Saint Kitts and Nevis,Paid Ads,Mid Market,21,True
7428,2024-08-09,Netherlands,Organic Search,SMB,100,False
7429,2024-12-16,Greece,Partner,SMB,51,True
7430,2024-02-18,Spain,Social Media,SMB,32,True
7431,2024-03-27,Seychelles,Paid Ads,SMB,66,True
7432,2024-06-29,Malaysia,Social Media,Mid Market,73,True
7433,2024-02-22,Kuwait,Social Media,SMB,97,True
7434,2024-07-29,Aruba,Referral,SMB,91,True
7435,2024-09-16,Philippines,Organic Search,SMB,47,True
7436,2024-09-26,Norfolk Island,Paid Ads,Mid Market,94,True
7437,2024-01-28,Sri Lanka,Social Media,SMB,41,False
7438,2024-12-23,Turkey,Organic Search,SMB,46,True
7439,2024-11-25,Kazakhstan,Organic Search,SMB,74,False
7440,2024-09-09,Singapore,Partner,SMB,41,False
7441,2024-02-28,American Samoa,Social Media,SMB,44,False
7442,2024-08-03,Sao Tome and Principe,Organic Search,Mid Market,50,True
7443,2024-02-09,Latvia,Social Media,Mid Market,87,True
7444,2024-06-17,Madagascar,Partner,SMB,25,True
7445,2024-06-07,Jordan,Paid Ads,Mid Market,51,True
7446,2024-08-31,United Arab Emirates,Referral,Mid Market,57,True
7447,2024-07-09,Panama,Paid Ads,Mid Market,84,True
7448,2024-04-25,Falkland Islands (Malvinas),Partner,Mid Market,50,True
7449,2024-12-14,French Polynesia,Paid Ads,Enterprise,90,True
7450,2024-03-04,Belize,Referral,SMB,55,True
7451,2024-04-21,Svalbard & Jan Mayen Islands,Paid Ads,Mid Market,38,True
7452,2024-06-13,Antarctica (the territory South of 60 deg S),Partner,SMB,54,True
7453,2024-02-05,Antarctica (the territory South of 60 deg S),Paid Ads,Mid Market,43,False
7454,2024-06-14,Lebanon,Paid Ads,Mid Market,28,True
7455,2024-11-18,Marshall Islands,Partner,Mid Market,73,True
7456,2024-04-01,Ecuador,Organic Search,Mid Market,43,True
7457,2024-12-27,Turks and Caicos Islands,Referral,SMB,24,False
7458,2024-03-03,Zimbabwe,Paid Ads,SMB,93,True
7459,2024-11-02,Slovakia (Slovak Republic),Partner,SMB,32,False
7460,2024-04-16,United States of America,Paid Ads,SMB,49,True
7461,2024-02-18,Peru,Partner,SMB,26,True
7462,2024-11-04,Slovakia (Slovak Republic),Referral,SMB,80,True
7463,2024-11-02,Tanzania,Social Media,SMB,63,True
7464,2024-11-14,Samoa,Organic Search,Mid Market,74,True
7465,2024-12-22,Malawi,Partner,SMB,94,True
7466,2024-10-02,Finland,Social Media,SMB,55,True
7467,2024-01-17,Cuba,Paid Ads,Enterprise,98,True
7468,2024-11-05,Montserrat,Referral,Mid Market,78,True
7469,2024-09-04,Colombia,Referral,SMB,31,True
7470,2024-08-02,Panama,Social Media,SMB,28,False
7471,2024-04-15,Ghana,Referral,Enterprise,80,True
7472,2024-04-08,Niger,Social Media,SMB,81,True
7473,2024-12-20,Falkland Islands (Malvinas),Referral,SMB,48,True
7474,2024-12-27,Brunei Darussalam,Partner,Enterprise,43,True
7475,2024-06-05,Nigeria,Referral,Mid Market,41,True
7476,2024-05-18,Namibia,Organic Search,Mid Market,87,True
7477,2024-04-27,Malaysia,Organic Search,SMB,51,True
7478,2024-04-04,Sao Tome and Principe,Referral,SMB,59,True
7479,2024-01-08,San Marino,Organic Search,Mid Market,32,False
7480,2024-11-28,Benin,Partner,SMB,41,False
7481,2024-05-31,Uganda,Paid Ads,Mid Market,54,True
7482,2024-03-20,Ethiopia,Organic Search,SMB,55,True
7483,2024-05-05,Kenya,Partner,SMB,96,True
7484,2024-06-06,Slovenia,Social Media,SMB,31,True
7485,2024-03-01,North Macedonia,Paid Ads,SMB,28,False
7486,2024-06-21,Belarus,Social Media,Enterprise,21,True
7487,2024-11-09,Serbia,Paid Ads,SMB,59,False
7488,2024-09-10,Anguilla,Partner,SMB,89,True
7489,2024-11-13,Benin,Organic Search,Mid Market,79,True
7490,2024-01-20,Malta,Partner,SMB,37,False
7491,2024-06-02,Holy See (Vatican City State),Partner,Enterprise,99,True
7492,2024-01-29,Zambia,Paid Ads,Enterprise,42,True
7493,2024-07-16,Zimbabwe,Organic Search,Mid Market,29,False
7494,2024-01-14,Norfolk Island,Referral,SMB,60,True
7495,2024-11-11,Lithuania,Partner,SMB,93,True
7496,2024-10-30,Bosnia and Herzegovina,Referral,SMB,42,True
7497,2024-05-03,Gibraltar,Social Media,SMB,68,True
7498,2024-08-09,Slovakia (Slovak Republic),Paid Ads,Mid Market,74,True
7499,2024-11-03,Bermuda,Referral,Mid Market,92,True
7500,2024-06-26,Peru,Referral,SMB,69,True
7501,2024-02-17,Saint Pierre and Miquelon,Paid Ads,SMB,28,False
7502,2024-11-16,French Polynesia,Paid Ads,Mid Market,44,True
7503,2024-11-07,Israel,Organic Search,Mid Market,49,True
7504,2024-06-05,Jersey,Referral,SMB,100,True
7505,2024-03-17,Wallis and Futuna,Partner,SMB,74,True
7506,2024-12-10,Guyana,Referral,SMB,44,False
7507,2024-05-18,United Kingdom,Social Media,SMB,58,True
7508,2024-12-11,Namibia,Paid Ads,SMB,49,True
7509,2024-05-01,Senegal,Partner,SMB,67,True
7510,2024-02-22,Slovenia,Paid Ads,SMB,98,True
7511,2024-05-10,South Africa,Organic Search,SMB,66,True
7512,2024-05-27,Cote d'Ivoire,Referral,SMB,91,True
7513,2024-03-31,Liechtenstein,Social Media,Enterprise,37,False
7514,2024-10-10,Guam,Partner,SMB,77,True
7515,2024-05-17,Uruguay,Referral,SMB,22,True
7516,2024-10-22,Albania,Partner,SMB,91,True
7517,2024-11-20,Colombia,Paid Ads,Mid Market,67,True
7518,2024-11-07,Belarus,Partner,Mid Market,81,True
7519,2024-11-19,Zambia,Organic Search,SMB,74,True
7520,2024-11-05,Mongolia,Social Media,SMB,46,False
7521,2024-06-14,Liechtenstein,Paid Ads,SMB,80,True
7522,2024-07-26,Mexico,Partner,SMB,78,True
7523,2024-03-04,Finland,Paid Ads,SMB,20,False
7524,2024-01-20,Micronesia,Paid Ads,Mid Market,63,True
7525,2024-05-20,Guam,Referral,SMB,78,True
7526,2024-04-18,Guam,Partner,Enterprise,98,True
7527,2024-11-26,Pakistan,Social Media,Mid Market,86,True
7528,2024-08-10,Pitcairn Islands,Social Media,SMB,88,True
7529,2024-11-08,Senegal,Paid Ads,SMB,22,True
7530,2024-07-28,Gabon,Organic Search,SMB,22,False
7531,2024-08-09,Lao People's Democratic Republic,Paid Ads,SMB,53,True
7532,2024-11-14,Antarctica (the territory South of 60 deg S),Social Media,Enterprise,30,True
7533,2024-01-14,Sudan,Referral,Mid Market,53,True
7534,2024-08-17,Cambodia,Organic Search,SMB,81,True
7535,2024-07-02,Costa Rica,Social Media,SMB,61,True
7536,2024-01-01,Congo,Partner,SMB,84,True
7537,2024-08-04,Cocos (Keeling) Islands,Organic Search,Mid Market,69,True
7538,2024-09-08,French Guiana,Partner,SMB,43,True
7539,2024-04-14,Cambodia,Partner,Mid Market,67,True
7540,2024-11-08,Pakistan,Social Media,SMB,61,True
7541,2024-01-10,Wallis and Futuna,Partner,SMB,22,False
7542,2024-11-26,Italy,Partner,Mid Market,72,True
7543,2024-12-28,Slovenia,Paid Ads,Mid Market,49,True
7544,2024-09-05,Monaco,Partner,SMB,37,True
7545,2024-12-30,Uzbekistan,Partner,Enterprise,91,True
7546,2024-08-10,Luxembourg,Organic Search,SMB,88,True
7547,2024-10-27,Sri Lanka,Referral,Mid Market,77,True
7548,2024-03-04,Guam,Partner,Enterprise,36,True
7549,2024-06-18,Norfolk Island,Organic Search,Enterprise,50,False
7550,2024-10-02,Antigua and Barbuda,Partner,Mid Market,82,True
7551,2024-08-07,Botswana,Referral,Mid Market,58,True
7552,2024-09-20,Liechtenstein,Organic Search,Mid Market,51,False
7553,2024-09-21,Estonia,Partner,SMB,72,False
7554,2024-10-13,Panama,Organic Search,Mid Market,45,True
7555,2024-06-14,Malawi,Paid Ads,SMB,22,False
7556,2024-02-13,Slovakia (Slovak Republic),Organic Search,Mid Market,38,True
7557,2024-08-12,Christmas Island,Paid Ads,SMB,96,True
7558,2024-06-19,Svalbard & Jan Mayen Islands,Organic Search,Enterprise,98,True
7559,2024-11-28,Western Sahara,Referral,SMB,57,True
7560,2024-11-25,Venezuela,Paid Ads,Mid Market,38,True
7561,2024-12-28,Uzbekistan,Social Media,SMB,87,True
7562,2024-07-11,Djibouti,Social Media,SMB,47,False
7563,2024-07-17,Micronesia,Partner,SMB,26,False
7564,2024-04-09,Nepal,Social Media,SMB,58,True
7565,2024-12-14,Guatemala,Partner,SMB,96,True
7566,2024-05-12,Ukraine,Social Media,SMB,96,True
7567,2024-07-12,Chile,Referral,SMB,88,True
7568,2024-02-06,French Southern Territories,Referral,SMB,67,True
7569,2024-08-13,India,Social Media,SMB,26,True
7570,2024-08-17,Uruguay,Referral,Mid Market,77,True
7571,2024-06-03,Samoa,Partner,Mid Market,79,False
7572,2024-08-24,Hong Kong,Social Media,SMB,72,True
7573,2024-03-10,Poland,Social Media,SMB,70,False
7574,2024-08-15,Seychelles,Paid Ads,SMB,25,True
7575,2024-09-17,Lesotho,Paid Ads,Enterprise,90,True
7576,2024-11-05,India,Social Media,Mid Market,53,True
7577,2024-09-10,Estonia,Partner,Mid Market,56,True
7578,2024-11-28,Puerto Rico,Referral,Enterprise,84,True
7579,2024-12-30,Cocos (Keeling) Islands,Partner,SMB,65,False
7580,2024-04-07,Trinidad and Tobago,Social Media,Mid Market,52,True
7581,2024-01-15,Madagascar,Referral,SMB,79,True
7582,2024-08-02,Saint Helena,Paid Ads,SMB,23,True
7583,2024-05-15,Italy,Referral,SMB,81,False
7584,2024-08-03,Maldives,Social Media,SMB,59,True
7585,2024-11-01,Vietnam,Social Media,SMB,58,True
7586,2024-02-15,Taiwan,Organic Search,SMB,80,True
7587,2024-04-16,Trinidad and Tobago,Referral,SMB,95,True
7588,2024-01-30,Madagascar,Organic Search,Mid Market,25,True
7589,2024-10-19,Somalia,Partner,Mid Market,72,True
7590,2024-07-09,Mozambique,Social Media,SMB,84,True
7591,2024-03-17,Monaco,Referral,Mid Market,53,True
7592,2024-06-24,Nepal,Referral,SMB,62,True
7593,2024-12-01,Jersey,Social Media,SMB,63,True
7594,2024-04-02,Congo,Referral,Mid Market,36,False
7595,2024-07-29,Malawi,Social Media,Enterprise,100,True
7596,2024-12-15,Gabon,Organic Search,Mid Market,24,True
7597,2024-05-13,Estonia,Social Media,SMB,93,True
7598,2024-02-10,Senegal,Organic Search,SMB,51,False
7599,2024-06-06,British Virgin Islands,Paid Ads,Enterprise,66,True
7600,2024-08-03,Cayman Islands,Organic Search,SMB,96,False
7601,2024-09-13,Guam,Paid Ads,SMB,71,True
7602,2024-06-09,Eritrea,Organic Search,SMB,33,True
7603,2024-12-15,Iceland,Partner,SMB,77,True
7604,2024-05-21,Togo,Social Media,SMB,59,False
7605,2024-06-05,Mauritania,Social Media,SMB,31,True
7606,2024-09-18,Kyrgyz Republic,Social Media,SMB,20,False
7607,2024-05-23,Mexico,Social Media,Mid Market,72,False
7608,2024-07-23,Ecuador,Social Media,SMB,38,True
7609,2024-12-28,Lithuania,Paid Ads,SMB,67,True
7610,2024-12-30,Norfolk Island,Referral,SMB,63,True
7611,2024-11-03,Holy See (Vatican City State),Paid Ads,SMB,87,True
7612,2024-11-24,Barbados,Paid Ads,SMB,41,True
7613,2024-12-25,Nauru,Referral,Mid Market,20,False
7614,2024-04-02,Kazakhstan,Paid Ads,Mid Market,83,True
7615,2024-08-04,Chad,Partner,Mid Market,60,False
7616,2024-05-22,Iceland,Social Media,Mid Market,99,True
7617,2024-09-30,Seychelles,Social Media,SMB,39,True
7618,2024-02-04,Turkmenistan,Partner,SMB,28,True
7619,2024-04-20,Gambia,Organic Search,SMB,68,False
7620,2024-01-17,Cambodia,Partner,SMB,77,True
7621,2024-05-04,Azerbaijan,Referral,SMB,31,True
7622,2024-05-09,Bhutan,Social Media,Mid Market,84,True
7623,2024-06-22,Bermuda,Referral,SMB,58,True
7624,2024-06-03,Turks and Caicos Islands,Referral,SMB,61,True
7625,2024-11-06,Zimbabwe,Partner,SMB,22,True
7626,2024-12-10,New Caledonia,Referral,Enterprise,48,False
7627,2024-09-15,Brazil,Social Media,Mid Market,65,True
7628,2024-02-12,Reunion,Paid Ads,Enterprise,72,True
7629,2024-07-30,Comoros,Partner,Enterprise,83,True
7630,2024-09-02,Western Sahara,Partner,SMB,31,False
7631,2024-04-14,Croatia,Partner,SMB,44,True
7632,2024-01-05,Jersey,Referral,SMB,67,True
7633,2024-04-10,Germany,Partner,Enterprise,73,True
7634,2024-06-11,Spain,Paid Ads,Mid Market,64,True
7635,2024-04-17,Cameroon,Paid Ads,Enterprise,88,True
7636,2024-07-05,Iraq,Referral,Mid Market,82,True
7637,2024-10-08,Papua New Guinea,Paid Ads,SMB,99,True
7638,2024-11-13,Australia,Organic Search,Mid Market,86,True
7639,2024-06-04,Mauritania,Organic Search,Enterprise,90,True
7640,2024-07-11,Peru,Partner,SMB,86,True
7641,2024-02-26,British Virgin Islands,Social Media,SMB,99,True
7642,2024-04-01,Mauritius,Referral,SMB,32,True
7643,2024-10-27,Swaziland,Referral,SMB,93,True
7644,2024-02-16,Nauru,Paid Ads,Mid Market,25,False
7645,2024-01-29,French Polynesia,Referral,Enterprise,28,False
7646,2024-05-12,Slovakia (Slovak Republic),Social Media,SMB,36,True
7647,2024-12-26,Argentina,Paid Ads,Enterprise,42,False
7648,2024-06-08,Poland,Referral,SMB,97,True
7649,2024-07-08,British Virgin Islands,Paid Ads,SMB,50,True
7650,2024-01-27,Lebanon,Paid Ads,Mid Market,33,True
7651,2024-03-29,Peru,Organic Search,SMB,39,True
7652,2024-08-29,Morocco,Referral,SMB,31,False
7653,2024-05-31,Djibouti,Social Media,SMB,51,True
7654,2024-02-12,Gabon,Partner,Mid Market,65,True
7655,2024-07-04,Sierra Leone,Referral,Mid Market,28,False
7656,2024-06-13,Heard Island and McDonald Islands,Referral,SMB,27,True
7657,2024-06-06,Dominica,Partner,SMB,76,True
7658,2024-09-29,North Macedonia,Organic Search,Mid Market,32,False
7659,2024-01-25,Micronesia,Paid Ads,Enterprise,72,True
7660,2024-07-03,French Southern Territories,Paid Ads,SMB,60,True
7661,2024-06-12,Equatorial Guinea,Social Media,SMB,75,True
7662,2024-05-01,Liechtenstein,Partner,SMB,58,True
7663,2024-03-02,Nicaragua,Paid Ads,Mid Market,43,False
7664,2024-11-01,Iraq,Paid Ads,SMB,72,True
7665,2024-11-10,Sweden,Paid Ads,SMB,39,True
7666,2024-01-29,Guinea-Bissau,Social Media,SMB,30,True
7667,2024-11-12,Pakistan,Organic Search,SMB,33,True
7668,2024-12-21,Colombia,Social Media,Enterprise,68,True
7669,2024-12-19,Ethiopia,Paid Ads,SMB,27,True
7670,2024-12-25,Guam,Paid Ads,Mid Market,40,True
7671,2024-12-06,Netherlands Antilles,Partner,SMB,35,False
7672,2024-07-26,United States of America,Paid Ads,SMB,84,True
7673,2024-03-05,Canada,Referral,Mid Market,83,False
7674,2024-07-01,Grenada,Social Media,SMB,68,True
7675,2024-11-12,Cote d'Ivoire,Paid Ads,Mid Market,38,True
7676,2024-01-16,Botswana,Paid Ads,SMB,54,True
7677,2024-09-11,Guinea,Paid Ads,Mid Market,31,True
7678,2024-01-02,United States Minor Outlying Islands,Organic Search,SMB,49,True
7679,2024-03-12,United States Virgin Islands,Partner,SMB,36,True
7680,2024-10-09,Ukraine,Social Media,SMB,45,True
7681,2024-03-21,Paraguay,Referral,SMB,79,False
7682,2024-05-16,Malawi,Paid Ads,SMB,83,True
7683,2024-03-06,Uganda,Partner,Mid Market,91,True
7684,2024-08-25,Guyana,Organic Search,SMB,64,True
7685,2024-02-15,Iraq,Partner,SMB,25,True
7686,2024-06-18,Austria,Paid Ads,Mid Market,22,True
7687,2024-12-27,Tokelau,Referral,Enterprise,86,True
7688,2024-07-23,South Africa,Organic Search,Mid Market,25,True
7689,2024-05-27,Namibia,Paid Ads,SMB,43,False
7690,2024-05-14,Cameroon,Organic Search,SMB,65,True
7691,2024-06-02,Christmas Island,Social Media,SMB,71,True
7692,2024-12-20,French Southern Territories,Paid Ads,Enterprise,25,True
7693,2024-10-23,Montenegro,Organic Search,SMB,30,False
7694,2024-11-20,Mozambique,Paid Ads,Enterprise,94,True
7695,2024-09-15,Oman,Partner,SMB,53,True
7696,2024-04-14,Niger,Organic Search,SMB,69,True
7697,2024-06-17,Falkland Islands (Malvinas),Partner,SMB,37,False
7698,2024-04-22,Armenia,Paid Ads,SMB,87,True
7699,2024-09-17,Hong Kong,Paid Ads,SMB,68,True
7700,2024-06-26,Moldova,Social Media,Mid Market,98,True
7701,2024-11-15,Saint Kitts and Nevis,Referral,SMB,69,True
7702,2024-12-03,Serbia,Organic Search,SMB,36,True
7703,2024-03-11,Romania,Paid Ads,SMB,31,True
7704,2024-02-20,Poland,Referral,SMB,21,True
7705,2024-05-23,Christmas Island,Social Media,Mid Market,55,False
7706,2024-12-06,Afghanistan,Social Media,Enterprise,30,False
7707,2024-10-22,Guam,Paid Ads,SMB,85,True
7708,2024-01-09,British Indian Ocean Territory (Chagos Archipelago),Referral,SMB,52,True
7709,2024-09-23,Guatemala,Paid Ads,Mid Market,61,True
7710,2024-05-05,Wallis and Futuna,Paid Ads,SMB,92,True
7711,2024-05-28,Azerbaijan,Partner,SMB,35,True
7712,2024-05-12,Liechtenstein,Social Media,Mid Market,26,False
7713,2024-07-04,Mauritius,Referral,SMB,36,True
7714,2024-10-14,Gambia,Referral,SMB,31,True
7715,2024-07-28,New Zealand,Social Media,SMB,27,True
7716,2024-10-15,Turks and Caicos Islands,Partner,Mid Market,36,True
7717,2024-12-02,Denmark,Social Media,SMB,91,True
7718,2024-05-10,Norfolk Island,Paid Ads,Mid Market,71,True
7719,2024-11-16,Mayotte,Paid Ads,Mid Market,72,True
7720,2024-06-18,Anguilla,Social Media,Mid Market,39,True
7721,2024-10-30,Ireland,Referral,SMB,88,True
7722,2024-12-05,United Arab Emirates,Referral,Mid Market,40,True
7723,2024-09-26,Paraguay,Referral,Mid Market,20,True
7724,2024-02-26,Cyprus,Paid Ads,SMB,51,False
7725,2024-07-10,Norway,Referral,SMB,85,True
7726,2024-09-20,Lithuania,Partner,SMB,58,True
7727,2024-12-14,Libyan Arab Jamahiriya,Social Media,SMB,72,True
7728,2024-11-23,Guadeloupe,Social Media,SMB,98,True
7729,2024-07-23,Liechtenstein,Partner,SMB,90,True
7730,2024-04-22,Honduras,Social Media,Enterprise,55,True
7731,2024-10-21,Saint Lucia,Partner,Mid Market,80,True
7732,2024-06-20,Zambia,Referral,SMB,65,True
7733,2024-11-21,Norfolk Island,Referral,SMB,81,True
7734,2024-06-14,Christmas Island,Partner,Mid Market,62,True
7735,2024-11-03,United Kingdom,Referral,Enterprise,99,True
7736,2024-09-07,Guadeloupe,Partner,SMB,78,False
7737,2024-05-21,Austria,Organic Search,Enterprise,28,False
7738,2024-12-27,Serbia,Partner,Enterprise,69,True
7739,2024-12-16,Canada,Referral,SMB,61,True
7740,2024-03-02,Zambia,Organic Search,Mid Market,99,True
7741,2024-09-09,Liberia,Social Media,SMB,48,True
7742,2024-05-17,Equatorial Guinea,Paid Ads,SMB,60,True
7743,2024-02-06,Cote d'Ivoire,Partner,Mid Market,75,True
7744,2024-06-08,Iraq,Organic Search,Mid Market,76,True
7745,2024-09-28,Turkmenistan,Paid Ads,SMB,21,True
7746,2024-01-26,Rwanda,Paid Ads,Enterprise,64,True
7747,2024-09-15,Tajikistan,Referral,SMB,34,False
7748,2024-07-21,Tanzania,Referral,Mid Market,30,False
7749,2024-06-16,French Southern Territories,Paid Ads,SMB,39,False
7750,2024-03-29,Croatia,Partner,SMB,87,True
7751,2024-05-23,Togo,Paid Ads,Mid Market,47,True
7752,2024-06-05,Netherlands Antilles,Paid Ads,SMB,68,True
7753,2024-07-29,Burundi,Paid Ads,SMB,100,True
7754,2024-09-23,Oman,Partner,SMB,26,True
7755,2024-02-12,Montserrat,Paid Ads,Enterprise,55,True
7756,2024-01-05,Vietnam,Referral,SMB,58,True
7757,2024-10-10,Vietnam,Organic Search,SMB,62,True
7758,2024-04-22,Moldova,Social Media,Mid Market,67,True
7759,2024-09-26,Equatorial Guinea,Social Media,SMB,82,True
7760,2024-02-23,Singapore,Partner,SMB,54,True
7761,2024-08-01,Argentina,Organic Search,SMB,94,True
7762,2024-03-19,Singapore,Social Media,SMB,75,True
7763,2024-09-05,Pakistan,Partner,Enterprise,71,True
7764,2024-11-20,Mauritania,Referral,SMB,26,False
7765,2024-11-18,South Georgia and the South Sandwich Islands,Partner,Mid Market,70,True
7766,2024-12-22,Tajikistan,Partner,Mid Market,28,True
7767,2024-02-24,Finland,Paid Ads,Mid Market,87,True
7768,2024-06-27,Tonga,Social Media,SMB,100,True
7769,2024-12-15,Italy,Referral,Mid Market,66,True
7770,2024-01-22,Burundi,Referral,Enterprise,65,True
7771,2024-06-13,Switzerland,Referral,SMB,22,False
7772,2024-12-10,Qatar,Social Media,SMB,60,False
7773,2024-10-08,Romania,Referral,SMB,40,True
7774,2024-07-16,Bulgaria,Referral,SMB,47,True
7775,2024-11-06,Italy,Partner,SMB,85,True
7776,2024-05-16,Djibouti,Partner,Mid Market,20,False
7777,2024-08-16,Serbia,Paid Ads,Mid Market,22,False
7778,2024-09-03,Bangladesh,Partner,SMB,92,True
7779,2024-12-22,Tonga,Paid Ads,Enterprise,97,True
7780,2024-09-15,Costa Rica,Organic Search,SMB,67,True
7781,2024-07-08,Western Sahara,Organic Search,SMB,55,True
7782,2024-06-02,Dominica,Organic Search,Mid Market,97,True
7783,2024-03-25,Lithuania,Partner,SMB,32,False
7784,2024-08-07,Eritrea,Partner,Mid Market,42,False
7785,2024-09-23,Madagascar,Referral,SMB,63,True
7786,2024-12-05,Kiribati,Paid Ads,SMB,76,True
7787,2024-08-15,Kazakhstan,Social Media,SMB,60,True
7788,2024-10-25,Guadeloupe,Organic Search,SMB,66,True
7789,2024-06-15,Cocos (Keeling) Islands,Partner,Mid Market,53,True
7790,2024-11-28,Syrian Arab Republic,Referral,Mid Market,59,True
7791,2024-04-23,Vanuatu,Social Media,SMB,83,True
7792,2024-02-22,Tonga,Partner,Mid Market,92,True
7793,2024-03-30,Japan,Referral,Mid Market,94,True
7794,2024-05-16,British Virgin Islands,Paid Ads,Mid Market,26,True
7795,2024-09-06,Qatar,Social Media,Enterprise,50,True
7796,2024-06-01,Dominica,Organic Search,SMB,66,True
7797,2024-10-30,Norfolk Island,Social Media,SMB,26,False
7798,2024-12-05,Georgia,Organic Search,SMB,62,True
7799,2024-11-25,Ethiopia,Partner,SMB,49,False
7800,2024-05-27,Netherlands Antilles,Paid Ads,Enterprise,50,False
7801,2024-12-05,North Macedonia,Organic Search,Mid Market,53,True
7802,2024-12-21,Bahamas,Paid Ads,SMB,42,True
7803,2024-06-29,Ireland,Partner,SMB,84,True
7804,2024-06-21,Suriname,Social Media,SMB,48,True
7805,2024-06-24,United States of America,Partner,Mid Market,82,True
7806,2024-06-07,Nepal,Organic Search,SMB,62,True
7807,2024-11-28,Mongolia,Partner,SMB,99,True
7808,2024-12-06,Mozambique,Partner,SMB,38,True
7809,2024-10-01,Syrian Arab Republic,Partner,Enterprise,64,True
7810,2024-10-09,Micronesia,Organic Search,Mid Market,94,True
7811,2024-06-25,Israel,Social Media,Mid Market,58,True
7812,2024-09-06,Kazakhstan,Partner,Enterprise,32,False
7813,2024-11-30,Togo,Social Media,SMB,39,True
7814,2024-09-28,Saint Vincent and the Grenadines,Partner,Mid Market,35,True
7815,2024-04-09,Iraq,Social Media,SMB,47,True
7816,2024-12-01,Bosnia and Herzegovina,Partner,SMB,58,True
7817,2024-01-10,Eritrea,Social Media,SMB,71,True
7818,2024-10-30,Honduras,Social Media,Mid Market,32,True
7819,2024-05-10,Montserrat,Social Media,Mid Market,82,True
7820,2024-12-21,Faroe Islands,Referral,Enterprise,35,False
7821,2024-10-11,Pakistan,Partner,Mid Market,93,True
7822,2024-06-23,Tonga,Organic Search,SMB,47,True
7823,2024-09-12,British Virgin Islands,Partner,SMB,71,True
7824,2024-01-19,Montenegro,Organic Search,SMB,44,True
7825,2024-11-07,Bhutan,Social Media,SMB,29,True
7826,2024-08-23,Saudi Arabia,Partner,Mid Market,23,False
7827,2024-12-03,American Samoa,Organic Search,Mid Market,76,True
7828,2024-01-19,Montserrat,Social Media,SMB,54,True
7829,2024-10-21,Belgium,Organic Search,SMB,75,True
7830,2024-12-24,Mayotte,Paid Ads,SMB,87,True
7831,2024-06-09,Bahrain,Partner,Mid Market,70,True
7832,2024-12-26,Argentina,Referral,SMB,66,True
7833,2024-10-23,Western Sahara,Referral,Mid Market,94,True
7834,2024-08-05,Netherlands Antilles,Social Media,SMB,51,True
7835,2024-06-29,Vanuatu,Referral,Mid Market,82,True
7836,2024-05-02,Kuwait,Partner,Mid Market,65,True
7837,2024-12-26,Pakistan,Paid Ads,SMB,25,True
7838,2024-09-07,Congo,Organic Search,SMB,37,True
7839,2024-09-30,Namibia,Paid Ads,SMB,30,True
7840,2024-04-19,Belarus,Referral,Mid Market,33,True
7841,2024-04-09,Tanzania,Paid Ads,SMB,54,True
7842,2024-04-07,North Macedonia,Organic Search,Mid Market,59,True
7843,2024-03-25,Kiribati,Social Media,Mid Market,98,True
7844,2024-04-26,Burkina Faso,Social Media,SMB,48,True
7845,2024-06-09,Namibia,Social Media,Mid Market,92,True
7846,2024-07-30,Armenia,Social Media,Mid Market,28,True
7847,2024-12-21,Brunei Darussalam,Partner,SMB,22,False
7848,2024-04-10,Tajikistan,Organic Search,Mid Market,78,True
7849,2024-12-10,Poland,Referral,Mid Market,100,True
7850,2024-08-11,Lebanon,Partner,SMB,39,False
7851,2024-07-18,Norway,Organic Search,SMB,63,True
7852,2024-04-02,Zambia,Social Media,SMB,80,True
7853,2024-10-29,Guernsey,Partner,Mid Market,28,False
7854,2024-03-13,Japan,Paid Ads,Mid Market,86,True
7855,2024-07-18,Greece,Social Media,Enterprise,33,True
7856,2024-02-15,British Indian Ocean Territory (Chagos Archipelago),Referral,Mid Market,45,True
7857,2024-03-26,Reunion,Organic Search,SMB,41,True
7858,2024-06-14,United States of America,Referral,Mid Market,30,False
7859,2024-02-25,Syrian Arab Republic,Paid Ads,SMB,89,True
7860,2024-10-17,United States of America,Referral,Mid Market,99,True
7861,2024-06-05,Holy See (Vatican City State),Social Media,Enterprise,60,True
7862,2024-08-19,Paraguay,Partner,Mid Market,54,True
7863,2024-07-12,Netherlands Antilles,Partner,Mid Market,43,True
7864,2024-07-10,Northern Mariana Islands,Partner,SMB,29,True
7865,2024-02-26,Trinidad and Tobago,Paid Ads,SMB,88,True
7866,2024-12-06,Germany,Partner,SMB,68,True
7867,2024-08-18,Eritrea,Referral,SMB,22,True
7868,2024-12-17,Sao Tome and Principe,Partner,SMB,46,False
7869,2024-10-09,El Salvador,Paid Ads,SMB,95,False
7870,2024-04-20,Montenegro,Social Media,Mid Market,74,False
7871,2024-09-19,Egypt,Partner,Mid Market,88,True
7872,2024-05-23,Malawi,Social Media,Enterprise,53,True
7873,2024-07-14,Madagascar,Referral,SMB,29,False
7874,2024-05-13,Cameroon,Paid Ads,SMB,51,True
7875,2024-06-14,Canada,Partner,Enterprise,32,True
7876,2024-02-26,Chad,Referral,SMB,89,True
7877,2024-04-16,Haiti,Social Media,SMB,20,True
7878,2024-09-17,Hong Kong,Social Media,Mid Market,70,True
7879,2024-05-29,Portugal,Social Media,Enterprise,25,False
7880,2024-10-20,Togo,Organic Search,Enterprise,81,True
7881,2024-08-10,Romania,Organic Search,Enterprise,50,True
7882,2024-08-26,Sri Lanka,Social Media,SMB,97,True
7883,2024-07-10,United States of America,Organic Search,SMB,81,True
7884,2024-12-18,Jersey,Organic Search,Mid Market,43,False
7885,2024-02-18,Bangladesh,Social Media,SMB,56,True
7886,2024-10-06,Malawi,Paid Ads,Mid Market,70,True
7887,2024-10-14,Saudi Arabia,Organic Search,Mid Market,33,True
7888,2024-09-13,Heard Island and McDonald Islands,Social Media,Mid Market,48,False
7889,2024-01-23,Moldova,Referral,Mid Market,40,False
7890,2024-07-17,Nicaragua,Partner,Mid Market,71,True
7891,2024-05-11,Madagascar,Paid Ads,SMB,58,True
7892,2024-02-25,Mali,Paid Ads,Mid Market,71,True
7893,2024-01-19,Ghana,Partner,Mid Market,49,False
7894,2024-11-07,Congo,Organic Search,SMB,52,True
7895,2024-10-18,Ukraine,Organic Search,Enterprise,82,True
7896,2024-11-26,Benin,Organic Search,SMB,36,True
7897,2024-06-21,French Guiana,Organic Search,Mid Market,96,False
7898,2024-08-18,Saint Pierre and Miquelon,Organic Search,SMB,28,True
7899,2024-07-10,United States Minor Outlying Islands,Paid Ads,SMB,44,True
7900,2024-07-22,France,Paid Ads,SMB,70,True
7901,2024-08-25,Argentina,Organic Search,SMB,42,True
7902,2024-03-01,Cook Islands,Partner,Enterprise,28,True
7903,2024-11-02,Papua New Guinea,Referral,Mid Market,70,True
7904,2024-03-11,Bosnia and Herzegovina,Partner,Enterprise,71,True
7905,2024-01-02,Isle of Man,Referral,SMB,74,True
7906,2024-10-19,Cyprus,Organic Search,SMB,85,True
7907,2024-08-21,Palestinian Territory,Partner,Mid Market,85,True
7908,2024-01-06,Tuvalu,Referral,Mid Market,97,True
7909,2024-04-28,Mauritania,Referral,Mid Market,67,True
7910,2024-10-06,Rwanda,Referral,Mid Market,58,True
7911,2024-04-08,Bouvet Island (Bouvetoya),Paid Ads,Mid Market,20,True
7912,2024-07-28,Kyrgyz Republic,Partner,SMB,61,True
7913,2024-02-13,Moldova,Social Media,SMB,52,True
7914,2024-07-12,Isle of Man,Paid Ads,SMB,64,True
7915,2024-03-03,Poland,Organic Search,Mid Market,30,True
7916,2024-06-04,Bahrain,Organic Search,Enterprise,31,True
7917,2024-03-18,Jamaica,Paid Ads,SMB,31,True
7918,2024-10-19,Holy See (Vatican City State),Partner,SMB,94,True
7919,2024-12-27,Paraguay,Social Media,SMB,21,False
7920,2024-04-22,Tanzania,Partner,Mid Market,97,True
7921,2024-08-20,Andorra,Organic Search,SMB,83,True
7922,2024-02-11,Cambodia,Social Media,Mid Market,44,False
7923,2024-01-17,Mongolia,Partner,SMB,77,True
7924,2024-01-30,Sweden,Paid Ads,SMB,36,False
7925,2024-05-09,Latvia,Social Media,SMB,31,False
7926,2024-07-19,Greenland,Partner,SMB,49,False
7927,2024-11-20,Greece,Paid Ads,SMB,46,True
7928,2024-05-02,Dominica,Social Media,SMB,53,True
7929,2024-02-29,Nicaragua,Paid Ads,SMB,71,True
7930,2024-08-22,Finland,Social Media,Mid Market,75,True
7931,2024-02-01,French Guiana,Organic Search,SMB,48,True
7932,2024-06-07,Japan,Partner,Enterprise,95,True
7933,2024-08-20,Mozambique,Referral,Mid Market,80,False
7934,2024-05-01,Egypt,Organic Search,SMB,42,True
7935,2024-05-15,Austria,Paid Ads,Mid Market,77,True
7936,2024-06-19,Antarctica (the territory South of 60 deg S),Social Media,Mid Market,53,True
7937,2024-06-23,Serbia,Organic Search,Mid Market,58,True
7938,2024-10-04,Saint Barthelemy,Partner,Mid Market,25,False
7939,2024-10-27,Swaziland,Partner,Mid Market,76,True
7940,2024-04-21,Lebanon,Organic Search,SMB,64,False
7941,2024-07-17,Hong Kong,Organic Search,Mid Market,57,True
7942,2024-03-24,Egypt,Social Media,SMB,96,True
7943,2024-10-25,Jersey,Partner,Mid Market,58,True
7944,2024-09-01,Fiji,Social Media,Mid Market,33,True
7945,2024-02-25,Vietnam,Organic Search,SMB,93,True
7946,2024-08-30,Kuwait,Social Media,SMB,77,True
7947,2024-07-04,Burundi,Partner,Mid Market,64,True
7948,2024-08-02,Mayotte,Partner,SMB,85,True
7949,2024-10-16,Senegal,Social Media,SMB,69,True
7950,2024-12-15,Sao Tome and Principe,Paid Ads,SMB,84,True
7951,2024-06-21,Gibraltar,Partner,Enterprise,23,False
7952,2024-04-14,Estonia,Paid Ads,SMB,84,True
7953,2024-05-12,China,Social Media,SMB,64,True
7954,2024-08-01,India,Organic Search,Mid Market,68,True
7955,2024-10-29,Nauru,Paid Ads,SMB,72,True
7956,2024-02-04,Faroe Islands,Referral,SMB,72,False
7957,2024-10-07,Jamaica,Social Media,SMB,76,True
7958,2024-08-13,Germany,Social Media,SMB,67,True
7959,2024-08-27,Slovakia (Slovak Republic),Organic Search,Mid Market,46,True
7960,2024-10-18,Suriname,Paid Ads,Mid Market,72,True
7961,2024-03-14,Christmas Island,Social Media,SMB,79,True
7962,2024-10-28,Congo,Referral,Mid Market,76,True
7963,2024-02-05,French Polynesia,Organic Search,SMB,76,True
7964,2024-05-02,Malaysia,Partner,SMB,90,True
7965,2024-11-01,Marshall Islands,Social Media,SMB,24,True
7966,2024-07-27,Senegal,Paid Ads,Enterprise,41,False
7967,2024-05-27,Slovakia (Slovak Republic),Referral,SMB,44,True
7968,2024-12-16,South Africa,Referral,SMB,38,False
7969,2024-04-20,Bangladesh,Paid Ads,SMB,49,True
7970,2024-05-09,Montserrat,Partner,SMB,71,True
7971,2024-12-28,Montserrat,Organic Search,Mid Market,68,True
7972,2024-10-16,Dominican Republic,Partner,Mid Market,20,False
7973,2024-07-23,Slovakia (Slovak Republic),Paid Ads,SMB,36,False
7974,2024-04-07,Saint Barthelemy,Partner,SMB,70,True
7975,2024-06-14,Congo,Referral,SMB,31,False
7976,2024-03-10,Martinique,Paid Ads,SMB,81,True
7977,2024-01-25,Faroe Islands,Organic Search,Mid Market,53,True
7978,2024-05-09,Antarctica (the territory South of 60 deg S),Paid Ads,Mid Market,91,False
7979,2024-06-21,Guyana,Partner,SMB,63,True
7980,2024-05-05,Lao People's Democratic Republic,Organic Search,SMB,94,True
7981,2024-11-19,Czech Republic,Paid Ads,Mid Market,52,True
7982,2024-03-26,Sudan,Partner,SMB,59,False
7983,2024-03-14,Tanzania,Paid Ads,Mid Market,61,False
7984,2024-05-06,Japan,Social Media,SMB,58,True
7985,2024-03-08,Northern Mariana Islands,Partner,SMB,23,True
7986,2024-09-02,Northern Mariana Islands,Paid Ads,Mid Market,74,True
7987,2024-10-08,British Virgin Islands,Paid Ads,Mid Market,77,True
7988,2024-10-05,Palestinian Territory,Social Media,SMB,43,True
7989,2024-01-22,Iran,Referral,Mid Market,36,False
7990,2024-03-27,Samoa,Organic Search,SMB,29,True
7991,2024-09-03,Russian Federation,Organic Search,Enterprise,31,True
7992,2024-11-14,Iran,Partner,SMB,73,True
7993,2024-04-16,Vanuatu,Paid Ads,Mid Market,36,True
7994,2024-10-03,British Indian Ocean Territory (Chagos Archipelago),Social Media,SMB,81,True
7995,2024-03-22,Philippines,Paid Ads,SMB,29,True
7996,2024-05-08,United States of America,Referral,Mid Market,92,True
7997,2024-07-04,Morocco,Social Media,SMB,34,True
7998,2024-08-30,Armenia,Paid Ads,SMB,58,True
7999,2024-02-28,Singapore,Social Media,SMB,44,True
8000,2024-04-03,Tokelau,Paid Ads,SMB,20,False
8001,2024-08-29,Zimbabwe,Organic Search,SMB,30,True
8002,2024-12-25,Cote d'Ivoire,Organic Search,SMB,82,False
8003,2024-06-08,Chile,Partner,Mid Market,39,True
8004,2024-01-11,New Zealand,Referral,Mid Market,20,False
8005,2024-02-12,French Polynesia,Social Media,SMB,66,True
8006,2024-05-19,Colombia,Organic Search,SMB,87,True
8007,2024-09-12,Kuwait,Paid Ads,SMB,28,False
8008,2024-01-29,Saint Barthelemy,Partner,SMB,36,True
8009,2024-08-26,Cocos (Keeling) Islands,Partner,Mid Market,22,False
8010,2024-02-20,Ghana,Partner,SMB,93,True
8011,2024-08-17,Malaysia,Partner,SMB,26,True
8012,2024-04-27,Trinidad and Tobago,Social Media,SMB,88,True
8013,2024-06-23,Seychelles,Partner,Mid Market,44,False
8014,2024-04-13,Libyan Arab Jamahiriya,Organic Search,SMB,67,True
8015,2024-09-16,Saint Vincent and the Grenadines,Social Media,SMB,50,True
8016,2024-12-18,Mauritania,Paid Ads,SMB,88,True
8017,2024-12-28,Switzerland,Organic Search,SMB,31,True
8018,2024-05-12,Martinique,Partner,SMB,96,True
8019,2024-03-19,Bermuda,Referral,SMB,82,True
8020,2024-02-08,Guadeloupe,Partner,Mid Market,88,True
8021,2024-06-24,Tuvalu,Paid Ads,Mid Market,99,True
8022,2024-11-20,Saint Kitts and Nevis,Social Media,SMB,66,True
8023,2024-01-23,Belize,Organic Search,SMB,83,True
8024,2024-11-07,Saint Martin,Social Media,Mid Market,23,False
8025,2024-11-12,Oman,Referral,SMB,93,True
8026,2024-03-07,Western Sahara,Organic Search,SMB,91,True
8027,2024-03-20,Kuwait,Paid Ads,Mid Market,65,True
8028,2024-03-05,Guadeloupe,Referral,SMB,39,True
8029,2024-10-16,Cyprus,Social Media,Mid Market,54,True
8030,2024-10-21,Vietnam,Referral,Mid Market,94,True
8031,2024-06-23,Korea,Paid Ads,SMB,33,True
8032,2024-06-24,Somalia,Paid Ads,Enterprise,100,True
8033,2024-07-09,Pakistan,Partner,Mid Market,29,False
8034,2024-08-07,Brazil,Referral,Mid Market,76,True
8035,2024-02-12,Congo,Partner,Mid Market,22,True
8036,2024-08-26,Peru,Partner,Mid Market,78,True
8037,2024-06-03,Guinea,Organic Search,Enterprise,59,True
8038,2024-04-03,Ecuador,Partner,SMB,79,True
8039,2024-05-01,Iraq,Paid Ads,SMB,69,True
8040,2024-03-07,United States of America,Partner,Mid Market,86,True
8041,2024-10-06,Malawi,Referral,Mid Market,42,True
8042,2024-06-02,Martinique,Paid Ads,Enterprise,80,True
8043,2024-08-18,Mali,Referral,Mid Market,75,True
8044,2024-12-28,Saint Barthelemy,Social Media,SMB,53,True
8045,2024-06-01,Sudan,Referral,Mid Market,45,True
8046,2024-11-18,Turks and Caicos Islands,Partner,Mid Market,99,False
8047,2024-08-24,Mexico,Paid Ads,SMB,97,True
8048,2024-07-11,Guinea,Partner,SMB,63,True
8049,2024-07-26,Botswana,Partner,SMB,86,True
8050,2024-12-12,American Samoa,Organic Search,Mid Market,98,True
8051,2024-10-19,Mexico,Organic Search,Mid Market,48,True
8052,2024-05-18,Mali,Paid Ads,Mid Market,57,True
8053,2024-03-05,Isle of Man,Partner,SMB,73,False
8054,2024-01-26,Congo,Organic Search,Mid Market,92,True
8055,2024-05-26,Bangladesh,Organic Search,Mid Market,73,True
8056,2024-12-23,Sudan,Partner,SMB,81,True
8057,2024-07-31,Latvia,Referral,SMB,41,True
8058,2024-07-26,Costa Rica,Social Media,Mid Market,37,False
8059,2024-03-05,Cook Islands,Partner,SMB,39,False
8060,2024-01-17,Argentina,Referral,SMB,96,True
8061,2024-04-28,Zambia,Organic Search,SMB,30,False
8062,2024-05-17,Cuba,Organic Search,Enterprise,62,True
8063,2024-03-16,Malaysia,Social Media,SMB,34,True
8064,2024-08-23,Swaziland,Referral,Mid Market,70,True
8065,2024-06-08,Sierra Leone,Organic Search,SMB,62,False
8066,2024-08-03,Poland,Paid Ads,Enterprise,21,True
8067,2024-01-06,Ghana,Organic Search,SMB,36,True
8068,2024-11-08,Netherlands,Referral,SMB,62,True
8069,2024-11-08,Niger,Paid Ads,Enterprise,54,True
8070,2024-08-17,Gambia,Partner,SMB,93,True
8071,2024-10-02,Uruguay,Referral,Mid Market,61,True
8072,2024-11-11,Kyrgyz Republic,Social Media,Mid Market,81,True
8073,2024-09-01,Sudan,Organic Search,Enterprise,51,False
8074,2024-10-31,Isle of Man,Organic Search,Mid Market,41,True
8075,2024-08-08,United States Virgin Islands,Referral,Mid Market,79,True
8076,2024-04-30,Namibia,Social Media,SMB,25,True
8077,2024-04-13,Benin,Referral,Mid Market,22,False
8078,2024-10-21,Tunisia,Organic Search,Mid Market,27,True
8079,2024-08-09,Croatia,Partner,Mid Market,72,True
8080,2024-02-04,Saudi Arabia,Partner,SMB,77,True
8081,2024-09-14,Mali,Social Media,SMB,61,True
8082,2024-06-11,Zambia,Partner,Mid Market,26,False
8083,2024-12-31,Burundi,Partner,SMB,51,False
8084,2024-03-04,Qatar,Social Media,Mid Market,96,True
8085,2024-03-14,Kuwait,Organic Search,Mid Market,76,True
8086,2024-07-05,Samoa,Partner,Enterprise,48,False
8087,2024-11-14,Australia,Referral,SMB,49,True
8088,2024-12-16,Argentina,Paid Ads,SMB,22,True
8089,2024-05-21,Guinea-Bissau,Partner,Mid Market,95,True
8090,2024-04-03,Gambia,Partner,SMB,80,True
8091,2024-10-12,Gibraltar,Referral,SMB,45,True
8092,2024-05-07,Maldives,Paid Ads,SMB,48,True
8093,2024-05-06,Romania,Organic Search,Enterprise,49,True
8094,2024-05-21,Bhutan,Partner,SMB,46,True
8095,2024-01-26,Germany,Referral,Enterprise,74,True
8096,2024-06-07,Norway,Organic Search,Mid Market,39,True
8097,2024-05-30,Germany,Social Media,Enterprise,22,False
8098,2024-11-20,Macao,Paid Ads,SMB,44,False
8099,2024-12-31,Malawi,Social Media,SMB,50,True
8100,2024-04-27,Liechtenstein,Partner,SMB,29,False
8101,2024-07-23,Liechtenstein,Organic Search,SMB,36,True
8102,2024-06-16,Croatia,Organic Search,Mid Market,82,True
8103,2024-12-28,Egypt,Organic Search,SMB,65,True
8104,2024-06-15,Taiwan,Paid Ads,Mid Market,26,True
8105,2024-10-27,Monaco,Partner,Mid Market,26,True
8106,2024-05-19,Malta,Referral,SMB,58,False
8107,2024-06-23,Nicaragua,Social Media,SMB,30,True
8108,2024-10-30,British Indian Ocean Territory (Chagos Archipelago),Paid Ads,SMB,67,True
8109,2024-02-14,Heard Island and McDonald Islands,Referral,SMB,85,True
8110,2024-01-19,Malaysia,Social Media,Mid Market,29,True
8111,2024-10-27,Ecuador,Organic Search,Mid Market,64,True
8112,2024-01-11,Sweden,Partner,Mid Market,48,False
8113,2024-12-18,Malta,Partner,Mid Market,52,True
8114,2024-02-05,Sao Tome and Principe,Paid Ads,Mid Market,80,True
8115,2024-02-26,Netherlands Antilles,Partner,Mid Market,60,True
8116,2024-07-02,Jamaica,Social Media,Enterprise,70,True
8117,2024-08-09,Central African Republic,Referral,SMB,85,True
8118,2024-11-19,Ireland,Referral,Enterprise,72,True
8119,2024-05-05,Mongolia,Organic Search,Mid Market,75,False
8120,2024-03-02,Finland,Social Media,SMB,29,False
8121,2024-12-09,Jersey,Paid Ads,Mid Market,75,True
8122,2024-05-01,Tonga,Partner,SMB,20,True
8123,2024-08-22,Angola,Social Media,Enterprise,60,True
8124,2024-01-22,Rwanda,Partner,SMB,60,True
8125,2024-11-06,Cook Islands,Paid Ads,Mid Market,84,True
8126,2024-07-02,Nicaragua,Social Media,SMB,78,True
8127,2024-02-09,Israel,Partner,SMB,47,False
8128,2024-12-20,Northern Mariana Islands,Social Media,SMB,84,True
8129,2024-01-22,Saint Pierre and Miquelon,Paid Ads,SMB,25,True
8130,2024-02-10,Comoros,Partner,Mid Market,73,True
8131,2024-02-19,Antarctica (the territory South of 60 deg S),Organic Search,Mid Market,96,True
8132,2024-03-17,Italy,Social Media,Mid Market,87,True
8133,2024-09-13,Iraq,Paid Ads,SMB,96,True
8134,2024-04-16,Tanzania,Organic Search,SMB,70,True
8135,2024-12-02,Colombia,Organic Search,SMB,51,True
8136,2024-10-11,Romania,Paid Ads,SMB,85,True
8137,2024-08-30,Burundi,Paid Ads,Mid Market,31,True
8138,2024-09-27,Tokelau,Partner,Enterprise,96,False
8139,2024-01-24,United States of America,Partner,Mid Market,95,True
8140,2024-07-14,Brunei Darussalam,Partner,Enterprise,91,True
8141,2024-10-01,Holy See (Vatican City State),Referral,SMB,42,False
8142,2024-09-25,Antarctica (the territory South of 60 deg S),Organic Search,SMB,39,True
8143,2024-12-31,Vietnam,Social Media,SMB,20,False
8144,2024-11-22,Slovakia (Slovak Republic),Paid Ads,SMB,57,True
8145,2024-08-17,Burkina Faso,Referral,Mid Market,78,True
8146,2024-04-17,Mongolia,Partner,SMB,22,False
8147,2024-08-26,Djibouti,Paid Ads,SMB,23,True
8148,2024-09-30,Anguilla,Referral,SMB,71,True
8149,2024-11-05,Malaysia,Social Media,Enterprise,86,True
8150,2024-11-02,Botswana,Paid Ads,Mid Market,92,True
8151,2024-07-09,Nepal,Organic Search,Mid Market,64,True
8152,2024-05-25,Solomon Islands,Paid Ads,SMB,72,True
8153,2024-08-24,Switzerland,Organic Search,SMB,81,True
8154,2024-05-14,Haiti,Paid Ads,SMB,75,True
8155,2024-07-13,India,Paid Ads,SMB,73,True
8156,2024-08-18,Palau,Partner,SMB,91,True
8157,2024-06-21,Korea,Social Media,Mid Market,30,False
8158,2024-08-05,Micronesia,Partner,SMB,25,True
8159,2024-06-28,British Indian Ocean Territory (Chagos Archipelago),Paid Ads,Mid Market,71,True
8160,2024-04-16,Korea,Partner,SMB,31,False
8161,2024-09-14,Reunion,Organic Search,Enterprise,76,True
8162,2024-04-17,Guinea-Bissau,Paid Ads,Enterprise,22,False
8163,2024-01-17,Antigua and Barbuda,Referral,SMB,64,True
8164,2024-08-07,Cape Verde,Partner,Mid Market,47,False
8165,2024-05-02,Senegal,Social Media,Mid Market,81,True
8166,2024-05-03,Germany,Organic Search,Mid Market,32,True
8167,2024-07-12,Falkland Islands (Malvinas),Social Media,Mid Market,81,True
8168,2024-02-25,Belarus,Paid Ads,Mid Market,73,True
8169,2024-02-25,Sri Lanka,Partner,SMB,81,True
8170,2024-12-10,Malawi,Referral,SMB,33,False
8171,2024-03-14,Brazil,Partner,Mid Market,37,False
8172,2024-07-10,Tajikistan,Partner,SMB,23,True
8173,2024-12-02,Western Sahara,Organic Search,Enterprise,57,False
8174,2024-10-29,Burkina Faso,Organic Search,SMB,24,False
8175,2024-12-06,Austria,Paid Ads,SMB,90,False
8176,2024-04-16,Equatorial Guinea,Paid Ads,Mid Market,71,True
8177,2024-11-19,Gabon,Social Media,SMB,85,True
8178,2024-09-01,Azerbaijan,Referral,SMB,32,False
8179,2024-07-19,Uzbekistan,Referral,SMB,56,True
8180,2024-05-07,South Georgia and the South Sandwich Islands,Paid Ads,SMB,27,False
8181,2024-01-15,Kiribati,Organic Search,SMB,57,True
8182,2024-04-24,Denmark,Partner,SMB,59,True
8183,2024-11-12,Benin,Referral,Enterprise,82,True
8184,2024-12-20,Montserrat,Partner,SMB,92,True
8185,2024-10-16,Uruguay,Social Media,SMB,54,False
8186,2024-07-30,Papua New Guinea,Social Media,SMB,99,True
8187,2024-09-11,Canada,Referral,SMB,86,True
8188,2024-11-06,Western Sahara,Social Media,SMB,63,True
8189,2024-03-20,Bulgaria,Social Media,Mid Market,100,True
8190,2024-07-25,Bolivia,Organic Search,SMB,36,False
8191,2024-05-07,Taiwan,Organic Search,SMB,56,True
8192,2024-01-20,Guadeloupe,Partner,SMB,79,True
8193,2024-08-19,Chile,Organic Search,SMB,30,False
8194,2024-12-03,Qatar,Partner,SMB,25,True
8195,2024-05-14,Peru,Organic Search,Enterprise,100,True
8196,2024-03-25,Greenland,Paid Ads,Mid Market,21,True
8197,2024-06-21,Sao Tome and Principe,Organic Search,SMB,75,True
8198,2024-01-23,Palau,Paid Ads,Mid Market,43,True
8199,2024-04-21,Burundi,Paid Ads,SMB,87,True
8200,2024-10-10,Tonga,Partner,Mid Market,82,True
8201,2024-11-21,United States Virgin Islands,Paid Ads,SMB,91,True
8202,2024-07-14,Tokelau,Referral,SMB,61,True
8203,2024-03-12,Korea,Social Media,SMB,61,True
8204,2024-10-09,Guinea-Bissau,Partner,SMB,39,True
8205,2024-01-08,Palau,Referral,SMB,53,True
8206,2024-12-21,Uzbekistan,Paid Ads,SMB,88,True
8207,2024-10-05,Guam,Social Media,SMB,29,True
8208,2024-05-05,Guinea,Social Media,SMB,29,True
8209,2024-06-02,United Kingdom,Partner,SMB,29,False
8210,2024-02-26,Togo,Paid Ads,SMB,39,False
8211,2024-07-13,Mali,Social Media,Mid Market,35,False
8212,2024-05-14,Switzerland,Organic Search,Mid Market,51,True
8213,2024-12-08,Sri Lanka,Paid Ads,SMB,69,True
8214,2024-02-13,Western Sahara,Organic Search,SMB,31,False
8215,2024-09-13,Oman,Paid Ads,Mid Market,35,True
8216,2024-02-22,Maldives,Paid Ads,Mid Market,98,True
8217,2024-03-05,Saint Kitts and Nevis,Partner,Mid Market,68,True
8218,2024-12-02,Uzbekistan,Paid Ads,SMB,58,True
8219,2024-09-05,Trinidad and Tobago,Social Media,SMB,47,False
8220,2024-05-28,Dominican Republic,Organic Search,Enterprise,48,True
8221,2024-05-14,Mexico,Organic Search,SMB,45,True
8222,2024-02-05,French Polynesia,Paid Ads,SMB,91,True
8223,2024-11-20,Isle of Man,Organic Search,SMB,63,True
8224,2024-02-13,Denmark,Referral,SMB,34,True
8225,2024-08-15,Cameroon,Paid Ads,Mid Market,59,True
8226,2024-06-08,American Samoa,Social Media,SMB,66,True
8227,2024-07-31,China,Organic Search,SMB,55,True
8228,2024-01-25,Saint Kitts and Nevis,Social Media,SMB,57,True
8229,2024-12-04,Kazakhstan,Paid Ads,SMB,47,False
8230,2024-02-05,Turkmenistan,Organic Search,SMB,53,True
8231,2024-06-30,French Southern Territories,Social Media,SMB,80,True
8232,2024-03-05,Belgium,Referral,SMB,80,True
8233,2024-11-03,Tonga,Partner,Mid Market,78,True
8234,2024-05-17,Cuba,Organic Search,SMB,77,True
8235,2024-05-15,Qatar,Partner,Mid Market,94,True
8236,2024-11-10,Uruguay,Paid Ads,SMB,97,True
8237,2024-04-27,Faroe Islands,Referral,Mid Market,49,True
8238,2024-07-20,Anguilla,Paid Ads,SMB,43,True
8239,2024-11-18,Benin,Social Media,Enterprise,29,True
8240,2024-01-03,Cook Islands,Social Media,SMB,41,False
8241,2024-08-06,Fiji,Social Media,SMB,28,True
8242,2024-12-25,Ukraine,Paid Ads,SMB,82,True
8243,2024-07-22,Ethiopia,Referral,SMB,24,True
8244,2024-02-11,Qatar,Organic Search,Enterprise,97,True
8245,2024-07-26,Bouvet Island (Bouvetoya),Partner,SMB,32,False
8246,2024-03-25,Colombia,Partner,SMB,24,True
8247,2024-07-17,Comoros,Partner,SMB,55,True
8248,2024-08-13,Bhutan,Partner,Enterprise,71,True
8249,2024-08-25,Puerto Rico,Paid Ads,SMB,91,True
8250,2024-07-12,United States Virgin Islands,Paid Ads,Mid Market,95,True
8251,2024-05-19,Cote d'Ivoire,Paid Ads,SMB,28,True
8252,2024-08-27,Grenada,Organic Search,Mid Market,51,True
8253,2024-07-26,Uruguay,Organic Search,SMB,26,True
8254,2024-08-21,Colombia,Social Media,SMB,29,True
8255,2024-08-15,Bermuda,Social Media,Enterprise,48,True
8256,2024-11-30,Lebanon,Social Media,SMB,59,True
8257,2024-10-31,Myanmar,Referral,Mid Market,24,False
8258,2024-08-15,Gambia,Paid Ads,SMB,29,False
8259,2024-08-14,Heard Island and McDonald Islands,Organic Search,SMB,74,True
8260,2024-01-27,Timor-Leste,Organic Search,SMB,23,True
8261,2024-03-28,British Virgin Islands,Organic Search,SMB,57,True
8262,2024-02-14,Cambodia,Partner,SMB,95,True
8263,2024-08-04,Kenya,Social Media,SMB,49,False
8264,2024-04-29,American Samoa,Paid Ads,SMB,92,True
8265,2024-07-27,Ireland,Partner,SMB,40,True
8266,2024-04-27,Poland,Paid Ads,Enterprise,81,True
8267,2024-12-14,Nigeria,Organic Search,Mid Market,49,True
8268,2024-07-03,Russian Federation,Referral,Enterprise,27,False
8269,2024-06-08,Nepal,Paid Ads,Mid Market,94,False
8270,2024-10-25,Cape Verde,Referral,SMB,71,False
8271,2024-06-27,Barbados,Referral,Mid Market,34,False
8272,2024-11-10,Slovakia (Slovak Republic),Social Media,Mid Market,78,False
8273,2024-04-30,Paraguay,Organic Search,Enterprise,47,False
8274,2024-10-17,Portugal,Partner,Mid Market,39,True
8275,2024-05-19,Somalia,Paid Ads,SMB,39,True
8276,2024-04-10,Timor-Leste,Paid Ads,Mid Market,87,True
8277,2024-07-11,French Polynesia,Partner,Enterprise,51,False
8278,2024-11-14,Rwanda,Referral,Mid Market,69,True
8279,2024-10-10,Saint Barthelemy,Social Media,Mid Market,53,False
8280,2024-12-25,Burundi,Organic Search,Enterprise,50,True
8281,2024-05-20,Sudan,Paid Ads,SMB,35,True
8282,2024-09-03,Belarus,Paid Ads,SMB,24,False
8283,2024-08-08,Moldova,Organic Search,SMB,91,True
8284,2024-11-24,Cape Verde,Organic Search,SMB,49,False
8285,2024-06-12,British Indian Ocean Territory (Chagos Archipelago),Social Media,Mid Market,35,True
8286,2024-03-03,Sao Tome and Principe,Social Media,SMB,23,True
8287,2024-07-20,Cuba,Paid Ads,SMB,44,True
8288,2024-07-08,Bolivia,Partner,SMB,71,True
8289,2024-04-16,Bermuda,Paid Ads,SMB,96,True
8290,2024-08-17,Puerto Rico,Organic Search,SMB,57,True
8291,2024-12-05,Vanuatu,Partner,SMB,20,False
8292,2024-04-28,Belgium,Paid Ads,Mid Market,52,True
8293,2024-12-04,Turkey,Referral,SMB,32,True
8294,2024-10-03,Kiribati,Social Media,SMB,94,True
8295,2024-03-18,Saudi Arabia,Partner,SMB,97,True
8296,2024-11-28,Cape Verde,Organic Search,SMB,99,True
8297,2024-03-29,Hong Kong,Social Media,Enterprise,20,False
8298,2024-01-25,Bhutan,Organic Search,Mid Market,34,False
8299,2024-12-07,Singapore,Organic Search,SMB,61,True
8300,2024-08-05,Saint Helena,Organic Search,SMB,94,True
8301,2024-08-23,Hungary,Referral,SMB,52,True
8302,2024-11-15,Portugal,Paid Ads,SMB,31,True
8303,2024-04-28,Tuvalu,Organic Search,SMB,91,True
8304,2024-09-19,Mongolia,Referral,Mid Market,44,False
8305,2024-09-28,Moldova,Partner,Mid Market,68,True
8306,2024-10-20,Chile,Paid Ads,SMB,91,True
8307,2024-07-26,Honduras,Social Media,SMB,47,True
8308,2024-02-07,Belize,Organic Search,SMB,53,True
8309,2024-09-27,Guyana,Organic Search,SMB,79,True
8310,2024-11-17,Anguilla,Referral,Mid Market,72,True
8311,2024-07-04,Chad,Partner,Mid Market,28,False
8312,2024-11-06,Albania,Referral,SMB,29,False
8313,2024-09-28,Fiji,Paid Ads,SMB,37,True
8314,2024-01-11,Belgium,Social Media,SMB,30,True
8315,2024-09-26,Tonga,Social Media,Mid Market,35,False
8316,2024-09-03,Macao,Social Media,SMB,100,True
8317,2024-11-17,Lao People's Democratic Republic,Referral,Mid Market,39,True
8318,2024-04-07,Italy,Social Media,SMB,34,False
8319,2024-12-19,Isle of Man,Social Media,Mid Market,74,True
8320,2024-09-16,Kazakhstan,Referral,SMB,100,True
8321,2024-11-08,Japan,Paid Ads,SMB,79,True
8322,2024-08-10,Libyan Arab Jamahiriya,Partner,SMB,51,False
8323,2024-03-16,United States Virgin Islands,Referral,Mid Market,28,True
8324,2024-12-31,United States Minor Outlying Islands,Paid Ads,Mid Market,42,True
8325,2024-06-24,Costa Rica,Referral,Mid Market,88,True
8326,2024-03-17,Montenegro,Social Media,Mid Market,33,True
8327,2024-03-30,Cyprus,Social Media,Mid Market,50,True
8328,2024-08-24,Tunisia,Paid Ads,SMB,99,True
8329,2024-10-17,Reunion,Partner,Mid Market,41,False
8330,2024-04-05,Faroe Islands,Partner,SMB,98,True
8331,2024-07-31,Pitcairn Islands,Partner,SMB,86,True
8332,2024-05-22,Turks and Caicos Islands,Referral,Mid Market,100,False
8333,2024-08-07,Thailand,Paid Ads,SMB,34,True
8334,2024-02-29,Palau,Organic Search,SMB,48,True
8335,2024-04-23,Moldova,Organic Search,SMB,23,True
8336,2024-11-05,Yemen,Paid Ads,SMB,91,True
8337,2024-09-12,Lithuania,Social Media,SMB,62,True
8338,2024-06-11,Belarus,Partner,SMB,27,True
8339,2024-11-23,Thailand,Social Media,Mid Market,41,True
8340,2024-09-03,Mexico,Paid Ads,SMB,98,True
8341,2024-01-27,Madagascar,Referral,Enterprise,93,True
8342,2024-02-20,Martinique,Referral,SMB,54,True
8343,2024-07-18,Chad,Referral,SMB,34,False
8344,2024-07-30,Guam,Referral,Mid Market,70,True
8345,2024-07-21,Montserrat,Organic Search,SMB,44,True
8346,2024-06-14,Libyan Arab Jamahiriya,Paid Ads,SMB,88,True
8347,2024-01-04,Uruguay,Referral,Mid Market,64,True
8348,2024-12-02,Comoros,Paid Ads,SMB,82,True
8349,2024-08-27,Nepal,Referral,Mid Market,93,False
8350,2024-04-10,Austria,Paid Ads,Mid Market,82,True
8351,2024-10-23,French Guiana,Partner,Mid Market,28,True
8352,2024-10-15,Kiribati,Referral,SMB,77,True
8353,2024-05-17,Lithuania,Organic Search,SMB,81,True
8354,2024-12-11,Argentina,Referral,Enterprise,78,True
8355,2024-01-07,Denmark,Referral,Mid Market,74,True
8356,2024-03-16,Mauritania,Partner,SMB,79,True
8357,2024-08-08,Turkey,Organic Search,SMB,66,True
8358,2024-10-11,Netherlands Antilles,Partner,Mid Market,40,True
8359,2024-04-15,Mauritius,Referral,SMB,21,True
8360,2024-10-05,Japan,Organic Search,SMB,51,True
8361,2024-01-17,Solomon Islands,Paid Ads,Mid Market,93,True
8362,2024-03-26,British Indian Ocean Territory (Chagos Archipelago),Partner,Enterprise,91,True
8363,2024-03-12,Libyan Arab Jamahiriya,Paid Ads,SMB,41,True
8364,2024-02-26,Romania,Organic Search,Mid Market,86,False
8365,2024-09-25,Cook Islands,Referral,SMB,76,True
8366,2024-04-27,Nicaragua,Social Media,Enterprise,57,False
8367,2024-10-05,Senegal,Partner,SMB,20,False
8368,2024-08-29,Togo,Referral,SMB,98,True
8369,2024-08-17,Kyrgyz Republic,Organic Search,SMB,37,False
8370,2024-10-05,Japan,Social Media,SMB,28,True
8371,2024-08-11,United Arab Emirates,Referral,SMB,75,True
8372,2024-04-17,Brazil,Social Media,SMB,40,True
8373,2024-11-15,Turks and Caicos Islands,Partner,SMB,31,False
8374,2024-12-16,Singapore,Organic Search,SMB,66,True
8375,2024-02-11,Iraq,Organic Search,SMB,99,True
8376,2024-06-04,Niger,Paid Ads,Mid Market,36,True
8377,2024-03-06,Heard Island and McDonald Islands,Social Media,Mid Market,46,False
8378,2024-12-19,Cambodia,Organic Search,SMB,73,True
8379,2024-01-06,Romania,Social Media,SMB,50,True
8380,2024-06-13,Suriname,Organic Search,SMB,87,True
8381,2024-04-28,Lebanon,Organic Search,Mid Market,44,True
8382,2024-12-08,Tajikistan,Partner,Mid Market,55,True
8383,2024-04-11,Trinidad and Tobago,Social Media,SMB,46,True
8384,2024-10-21,Malaysia,Organic Search,Enterprise,93,True
8385,2024-03-13,Vanuatu,Paid Ads,SMB,97,True
8386,2024-02-27,Austria,Social Media,Mid Market,48,True
8387,2024-03-04,Hungary,Social Media,Mid Market,74,True
8388,2024-11-09,Cape Verde,Social Media,Mid Market,80,True
8389,2024-12-12,Netherlands,Partner,SMB,46,True
8390,2024-01-01,Turkey,Partner,SMB,52,True
8391,2024-02-02,Japan,Organic Search,SMB,75,True
8392,2024-07-19,Botswana,Partner,SMB,20,False
8393,2024-01-16,Monaco,Paid Ads,SMB,62,True
8394,2024-10-09,Vietnam,Organic Search,SMB,32,True
8395,2024-09-07,Sao Tome and Principe,Social Media,SMB,94,True
8396,2024-07-30,British Indian Ocean Territory (Chagos Archipelago),Referral,SMB,95,False
8397,2024-03-07,Lao People's Democratic Republic,Partner,SMB,65,True
8398,2024-01-04,Kuwait,Partner,Mid Market,98,True
8399,2024-07-27,Turkmenistan,Paid Ads,SMB,73,True
8400,2024-02-20,Australia,Referral,SMB,40,False
8401,2024-12-28,Maldives,Partner,SMB,51,True
8402,2024-12-22,Qatar,Referral,SMB,90,True
8403,2024-01-25,Holy See (Vatican City State),Partner,SMB,90,True
8404,2024-04-08,Turks and Caicos Islands,Social Media,Mid Market,58,False
8405,2024-04-30,Norfolk Island,Partner,Enterprise,27,True
8406,2024-12-24,Kiribati,Partner,SMB,71,True
8407,2024-03-30,Belgium,Partner,Mid Market,45,True
8408,2024-11-01,Kuwait,Partner,SMB,33,False
8409,2024-02-14,Libyan Arab Jamahiriya,Organic Search,Enterprise,40,True
8410,2024-06-15,Sao Tome and Principe,Partner,SMB,75,True
8411,2024-04-02,Northern Mariana Islands,Social Media,SMB,89,True
8412,2024-10-09,Kuwait,Paid Ads,SMB,25,False
8413,2024-04-23,Fiji,Organic Search,Enterprise,55,True
8414,2024-09-29,Papua New Guinea,Paid Ads,SMB,50,True
8415,2024-01-11,Gabon,Partner,Enterprise,65,True
8416,2024-09-30,Azerbaijan,Paid Ads,SMB,95,True
8417,2024-08-29,Ukraine,Organic Search,Mid Market,75,True
8418,2024-02-04,Hong Kong,Partner,Mid Market,36,True
8419,2024-04-01,Myanmar,Paid Ads,Enterprise,48,False
8420,2024-07-07,Palestinian Territory,Partner,Enterprise,57,True
8421,2024-12-04,French Southern Territories,Partner,SMB,43,False
8422,2024-01-24,Norway,Partner,Mid Market,65,True
8423,2024-10-15,Tunisia,Social Media,SMB,76,True
8424,2024-09-10,Portugal,Paid Ads,Mid Market,31,True
8425,2024-02-24,United States of America,Referral,Mid Market,95,True
8426,2024-10-07,Timor-Leste,Referral,SMB,59,True
8427,2024-06-18,France,Social Media,SMB,38,True
8428,2024-08-14,Turks and Caicos Islands,Partner,SMB,33,True
8429,2024-02-14,Senegal,Social Media,SMB,92,True
8430,2024-07-01,El Salvador,Paid Ads,SMB,24,False
8431,2024-02-25,Eritrea,Partner,Mid Market,41,False
8432,2024-04-02,Brazil,Organic Search,Mid Market,45,False
8433,2024-07-13,Liberia,Paid Ads,SMB,68,True
8434,2024-02-01,Kyrgyz Republic,Organic Search,Enterprise,45,False
8435,2024-05-19,Antarctica (the territory South of 60 deg S),Social Media,SMB,29,False
8436,2024-03-07,Nauru,Paid Ads,Mid Market,86,True
8437,2024-10-27,Azerbaijan,Paid Ads,Mid Market,20,True
8438,2024-12-17,Central African Republic,Social Media,SMB,33,False
8439,2024-02-29,Finland,Referral,Mid Market,93,True
8440,2024-11-05,Uganda,Social Media,SMB,96,True
8441,2024-03-05,Romania,Social Media,SMB,62,True
8442,2024-12-22,Israel,Social Media,Enterprise,48,True
8443,2024-04-18,Ethiopia,Paid Ads,Mid Market,89,False
8444,2024-09-22,Sudan,Partner,Mid Market,38,True
8445,2024-09-19,Armenia,Partner,Mid Market,91,True
8446,2024-11-10,Tajikistan,Paid Ads,SMB,33,False
8447,2024-10-06,Dominican Republic,Partner,Mid Market,93,True
8448,2024-08-27,Burkina Faso,Social Media,Mid Market,26,False
8449,2024-12-30,Saint Kitts and Nevis,Paid Ads,SMB,20,False
8450,2024-08-28,Guadeloupe,Referral,SMB,56,True
8451,2024-11-11,Comoros,Paid Ads,Enterprise,58,False
8452,2024-05-21,Barbados,Partner,SMB,52,True
8453,2024-06-07,Czech Republic,Partner,SMB,25,True
8454,2024-08-19,Namibia,Social Media,SMB,41,True
8455,2024-08-06,Turks and Caicos Islands,Referral,SMB,63,True
8456,2024-05-25,Venezuela,Referral,SMB,77,True
8457,2024-06-30,Madagascar,Paid Ads,SMB,70,True
8458,2024-01-16,Uruguay,Partner,SMB,94,True
8459,2024-11-29,Fiji,Paid Ads,SMB,98,True
8460,2024-09-21,Haiti,Partner,Enterprise,92,True
8461,2024-01-28,Djibouti,Social Media,Mid Market,93,True
8462,2024-08-07,Bahrain,Partner,SMB,60,True
8463,2024-08-18,Solomon Islands,Paid Ads,Mid Market,83,False
8464,2024-06-17,Mozambique,Social Media,Mid Market,90,True
8465,2024-02-06,Holy See (Vatican City State),Social Media,SMB,59,False
8466,2024-04-21,Cook Islands,Partner,Mid Market,82,True
8467,2024-12-21,Burundi,Referral,SMB,76,True
8468,2024-11-29,Chile,Organic Search,Mid Market,79,False
8469,2024-08-26,Malta,Social Media,SMB,44,False
8470,2024-06-10,Equatorial Guinea,Organic Search,Mid Market,20,False
8471,2024-09-08,Kazakhstan,Paid Ads,SMB,69,True
8472,2024-10-25,French Guiana,Referral,SMB,45,True
8473,2024-12-30,Mauritius,Paid Ads,SMB,21,True
8474,2024-04-30,Syrian Arab Republic,Referral,SMB,95,False
8475,2024-11-05,Nauru,Partner,SMB,90,True
8476,2024-06-19,Vanuatu,Organic Search,Mid Market,48,True
8477,2024-02-14,Burundi,Referral,Enterprise,70,True
8478,2024-06-10,Denmark,Referral,SMB,50,True
8479,2024-06-09,Cambodia,Partner,Mid Market,56,False
8480,2024-11-15,Pitcairn Islands,Social Media,SMB,96,True
8481,2024-12-19,Belarus,Organic Search,SMB,36,True
8482,2024-05-05,Antarctica (the territory South of 60 deg S),Partner,SMB,29,True
8483,2024-05-29,Belarus,Social Media,Mid Market,62,True
8484,2024-01-18,Togo,Paid Ads,SMB,65,False
8485,2024-06-09,Ethiopia,Partner,SMB,77,True
8486,2024-01-22,Sudan,Referral,SMB,72,True
8487,2024-02-28,Turkmenistan,Social Media,SMB,44,False
8488,2024-08-02,Brunei Darussalam,Partner,SMB,66,True
8489,2024-10-15,Saint Lucia,Partner,Mid Market,70,True
8490,2024-02-26,Finland,Referral,SMB,92,True
8491,2024-05-07,Egypt,Paid Ads,SMB,38,True
8492,2024-09-01,Nauru,Organic Search,Mid Market,61,True
8493,2024-01-16,Chad,Social Media,Mid Market,33,True
8494,2024-03-19,Colombia,Referral,Mid Market,89,True
8495,2024-11-28,Isle of Man,Referral,Mid Market,100,True
8496,2024-01-14,Poland,Partner,SMB,56,True
8497,2024-08-02,Montserrat,Paid Ads,Mid Market,51,True
8498,2024-12-09,Singapore,Organic Search,Enterprise,67,True
8499,2024-07-08,Dominica,Partner,Mid Market,63,True
8500,2024-10-24,Turks and Caicos Islands,Partner,SMB,72,False
8501,2024-04-18,Sao Tome and Principe,Partner,SMB,83,True
8502,2024-09-12,South Africa,Social Media,Mid Market,97,True
8503,2024-12-10,Puerto Rico,Partner,Enterprise,47,True
8504,2024-04-28,Georgia,Referral,SMB,44,True
8505,2024-10-22,Serbia,Paid Ads,SMB,72,True
8506,2024-01-19,Saint Barthelemy,Organic Search,SMB,51,False
8507,2024-07-23,Brunei Darussalam,Paid Ads,SMB,38,False
8508,2024-08-05,Bangladesh,Paid Ads,SMB,43,False
8509,2024-03-17,Israel,Organic Search,SMB,67,False
8510,2024-06-21,Chad,Organic Search,SMB,78,True
8511,2024-11-06,Taiwan,Organic Search,SMB,79,True
8512,2024-01-13,Turkmenistan,Organic Search,Enterprise,33,False
8513,2024-03-29,Switzerland,Organic Search,SMB,94,True
8514,2024-04-16,Macao,Partner,SMB,24,False
8515,2024-08-22,Antigua and Barbuda,Social Media,SMB,40,False
8516,2024-02-28,Djibouti,Social Media,SMB,29,True
8517,2024-10-09,New Caledonia,Referral,Mid Market,49,True
8518,2024-10-28,Namibia,Organic Search,Mid Market,40,False
8519,2024-10-22,Bermuda,Social Media,Mid Market,98,True
8520,2024-03-16,Italy,Organic Search,SMB,63,False
8521,2024-04-24,French Guiana,Organic Search,SMB,40,False
8522,2024-03-29,British Virgin Islands,Social Media,SMB,27,False
8523,2024-10-13,Armenia,Referral,Mid Market,85,True
8524,2024-04-29,Congo,Social Media,SMB,55,True
8525,2024-04-03,Netherlands Antilles,Social Media,Mid Market,60,False
8526,2024-05-26,Christmas Island,Paid Ads,SMB,82,True
8527,2024-10-04,Gibraltar,Paid Ads,Mid Market,41,True
8528,2024-10-07,San Marino,Referral,SMB,44,True
8529,2024-03-18,Chile,Referral,Mid Market,86,True
8530,2024-12-21,Slovenia,Organic Search,Enterprise,41,True
8531,2024-08-03,Liechtenstein,Paid Ads,SMB,57,True
8532,2024-05-12,Chad,Social Media,Mid Market,66,True
8533,2024-09-14,Argentina,Paid Ads,SMB,54,False
8534,2024-09-08,Lao People's Democratic Republic,Social Media,SMB,92,True
8535,2024-08-01,Iran,Organic Search,Mid Market,53,True
8536,2024-08-13,Cyprus,Referral,Mid Market,52,False
8537,2024-06-24,Korea,Referral,SMB,47,True
8538,2024-08-19,Russian Federation,Paid Ads,SMB,52,True
8539,2024-08-28,Monaco,Social Media,SMB,88,True
8540,2024-05-13,Japan,Organic Search,SMB,97,True
8541,2024-05-19,Nigeria,Social Media,SMB,79,True
8542,2024-08-22,China,Organic Search,Enterprise,31,True
8543,2024-03-13,Bangladesh,Paid Ads,SMB,97,True
8544,2024-08-20,Bangladesh,Referral,SMB,39,False
8545,2024-07-23,Jamaica,Paid Ads,SMB,96,True
8546,2024-03-10,Maldives,Paid Ads,Mid Market,38,True
8547,2024-07-24,Australia,Organic Search,Mid Market,68,True
8548,2024-05-11,Saint Barthelemy,Organic Search,SMB,20,False
8549,2024-06-23,Libyan Arab Jamahiriya,Referral,Mid Market,29,False
8550,2024-11-26,Djibouti,Paid Ads,Enterprise,24,False
8551,2024-06-20,Sweden,Social Media,Mid Market,70,True
8552,2024-10-04,Bhutan,Paid Ads,SMB,45,True
8553,2024-02-08,Greenland,Social Media,SMB,80,True
8554,2024-10-22,San Marino,Partner,Mid Market,38,True
8555,2024-08-26,China,Paid Ads,SMB,35,False
8556,2024-03-30,Pakistan,Partner,SMB,66,True
8557,2024-05-01,Marshall Islands,Partner,Mid Market,54,True
8558,2024-02-12,Syrian Arab Republic,Social Media,Mid Market,30,True
8559,2024-10-22,Indonesia,Paid Ads,SMB,98,True
8560,2024-10-11,Mexico,Partner,SMB,86,True
8561,2024-08-13,Lesotho,Organic Search,Enterprise,35,False
8562,2024-08-29,Poland,Organic Search,Mid Market,71,True
8563,2024-09-05,Lao People's Democratic Republic,Organic Search,SMB,25,True
8564,2024-09-02,Czech Republic,Social Media,Mid Market,27,True
8565,2024-08-29,Tokelau,Partner,SMB,48,True
8566,2024-04-25,Guam,Social Media,Enterprise,94,True
8567,2024-07-09,Comoros,Social Media,SMB,77,True
8568,2024-12-24,Western Sahara,Referral,Mid Market,57,False
8569,2024-07-30,Turkey,Organic Search,Mid Market,61,True
8570,2024-02-04,Cayman Islands,Organic Search,SMB,93,False
8571,2024-01-01,Mauritius,Organic Search,Mid Market,26,False
8572,2024-02-24,North Macedonia,Social Media,SMB,66,True
8573,2024-01-15,Cyprus,Referral,SMB,26,True
8574,2024-03-17,Senegal,Partner,Mid Market,92,True
8575,2024-08-30,Myanmar,Referral,Mid Market,100,True
8576,2024-04-27,Western Sahara,Paid Ads,SMB,30,False
8577,2024-01-07,Grenada,Referral,Mid Market,80,False
8578,2024-07-05,Nepal,Paid Ads,Mid Market,80,True
8579,2024-05-17,El Salvador,Social Media,Mid Market,62,True
8580,2024-11-23,Saint Kitts and Nevis,Referral,Mid Market,74,True
8581,2024-06-13,Saint Pierre and Miquelon,Paid Ads,Mid Market,77,True
8582,2024-06-07,Nepal,Partner,Mid Market,41,True
8583,2024-06-26,Niue,Referral,SMB,98,True
8584,2024-05-12,Nicaragua,Referral,SMB,30,False
8585,2024-07-26,China,Partner,SMB,47,True
8586,2024-08-13,Mexico,Partner,SMB,66,False
8587,2024-02-17,Taiwan,Referral,SMB,98,True
8588,2024-04-27,Dominican Republic,Social Media,Mid Market,70,True
8589,2024-10-20,Syrian Arab Republic,Paid Ads,SMB,88,True
8590,2024-02-28,China,Social Media,Mid Market,20,True
8591,2024-09-28,Isle of Man,Partner,SMB,31,True
8592,2024-08-22,Uruguay,Partner,SMB,25,False
8593,2024-07-04,Mayotte,Paid Ads,SMB,70,True
8594,2024-09-21,Niger,Paid Ads,SMB,54,True
8595,2024-10-28,Sweden,Paid Ads,SMB,27,False
8596,2024-04-18,Denmark,Partner,SMB,41,True
8597,2024-05-25,Belgium,Organic Search,Mid Market,76,True
8598,2024-05-10,Liberia,Partner,SMB,92,True
8599,2024-11-12,France,Paid Ads,SMB,46,True
8600,2024-04-03,Hungary,Partner,SMB,51,True
8601,2024-06-11,Peru,Referral,Enterprise,95,True
8602,2024-02-25,Falkland Islands (Malvinas),Organic Search,Enterprise,31,False
8603,2024-12-20,Armenia,Organic Search,Enterprise,86,True
8604,2024-07-09,Costa Rica,Organic Search,Enterprise,52,True
8605,2024-07-29,Philippines,Social Media,Mid Market,98,True
8606,2024-10-10,Qatar,Partner,SMB,41,True
8607,2024-02-09,Cook Islands,Referral,SMB,93,True
8608,2024-07-29,Mozambique,Organic Search,SMB,46,True
8609,2024-01-27,Cyprus,Social Media,Mid Market,45,True
8610,2024-11-29,Switzerland,Partner,Mid Market,88,True
8611,2024-01-05,Malaysia,Organic Search,Mid Market,38,False
8612,2024-12-02,Nepal,Social Media,SMB,64,True
8613,2024-11-11,Turks and Caicos Islands,Social Media,Mid Market,37,True
8614,2024-01-05,Western Sahara,Partner,Mid Market,57,True
8615,2024-10-06,Armenia,Referral,Mid Market,86,True
8616,2024-09-04,Guyana,Paid Ads,Mid Market,98,True
8617,2024-03-13,Ecuador,Organic Search,Mid Market,56,False
8618,2024-08-28,Jordan,Partner,Mid Market,89,True
8619,2024-05-23,Cameroon,Social Media,SMB,20,False
8620,2024-05-30,United States Virgin Islands,Referral,SMB,78,False
8621,2024-02-23,Sweden,Social Media,Mid Market,52,True
8622,2024-12-15,Tonga,Social Media,Enterprise,43,True
8623,2024-02-11,Latvia,Partner,SMB,78,True
8624,2024-04-03,Sao Tome and Principe,Social Media,SMB,26,False
8625,2024-05-18,Italy,Partner,Mid Market,99,True
8626,2024-04-02,Tonga,Social Media,SMB,74,True
8627,2024-11-13,Holy See (Vatican City State),Paid Ads,SMB,99,True
8628,2024-08-20,Benin,Paid Ads,Enterprise,87,True
8629,2024-08-24,Zimbabwe,Social Media,SMB,55,True
8630,2024-06-17,Montenegro,Paid Ads,SMB,77,False
8631,2024-05-30,Oman,Organic Search,SMB,20,True
8632,2024-02-29,French Southern Territories,Paid Ads,Enterprise,37,True
8633,2024-10-24,British Virgin Islands,Referral,SMB,20,True
8634,2024-12-19,Argentina,Partner,Enterprise,75,True
8635,2024-04-03,Cook Islands,Social Media,SMB,28,False
8636,2024-12-23,Luxembourg,Paid Ads,SMB,68,True
8637,2024-05-07,British Indian Ocean Territory (Chagos Archipelago),Paid Ads,Mid Market,34,False
8638,2024-03-19,Dominican Republic,Partner,Mid Market,87,True
8639,2024-05-26,Cocos (Keeling) Islands,Partner,SMB,51,False
8640,2024-08-04,British Indian Ocean Territory (Chagos Archipelago),Partner,SMB,28,False
8641,2024-07-03,Singapore,Social Media,SMB,71,True
8642,2024-03-10,Tuvalu,Referral,Mid Market,50,True
8643,2024-02-01,China,Social Media,SMB,73,True
8644,2024-06-20,Hong Kong,Paid Ads,SMB,23,True
8645,2024-06-10,Peru,Referral,SMB,24,False
8646,2024-03-08,Mexico,Referral,SMB,58,True
8647,2024-05-03,Australia,Referral,SMB,76,True
8648,2024-12-11,Croatia,Referral,Mid Market,82,True
8649,2024-02-04,United States Virgin Islands,Paid Ads,SMB,40,True
8650,2024-05-25,Japan,Partner,SMB,65,True
8651,2024-08-02,Equatorial Guinea,Referral,Mid Market,33,True
8652,2024-03-07,Cook Islands,Organic Search,SMB,21,False
8653,2024-09-08,Namibia,Paid Ads,Mid Market,91,True
8654,2024-09-06,Cote d'Ivoire,Paid Ads,Mid Market,26,True
8655,2024-07-21,French Polynesia,Social Media,SMB,58,True
8656,2024-06-26,Tokelau,Paid Ads,Mid Market,62,True
8657,2024-09-19,Burkina Faso,Social Media,SMB,65,True
8658,2024-08-09,United States Minor Outlying Islands,Partner,Mid Market,57,True
8659,2024-02-10,Comoros,Paid Ads,Enterprise,41,True
8660,2024-11-17,Cayman Islands,Paid Ads,Mid Market,42,False
8661,2024-06-22,Honduras,Referral,SMB,41,False
8662,2024-12-05,Slovakia (Slovak Republic),Paid Ads,Mid Market,68,True
8663,2024-08-09,Pakistan,Paid Ads,SMB,60,True
8664,2024-11-10,Cayman Islands,Partner,SMB,97,True
8665,2024-09-26,Guam,Partner,SMB,84,True
8666,2024-03-21,Samoa,Paid Ads,Enterprise,77,True
8667,2024-01-19,Northern Mariana Islands,Partner,SMB,51,True
8668,2024-02-10,China,Referral,Mid Market,41,True
8669,2024-11-11,Trinidad and Tobago,Paid Ads,SMB,78,True
8670,2024-02-16,Slovenia,Referral,SMB,40,False
8671,2024-01-09,Wallis and Futuna,Referral,Mid Market,68,True
8672,2024-09-24,Kuwait,Social Media,Enterprise,36,False
8673,2024-08-14,Mozambique,Social Media,SMB,37,True
8674,2024-08-06,Micronesia,Paid Ads,Mid Market,63,False
8675,2024-04-05,Romania,Social Media,SMB,79,True
8676,2024-07-12,Korea,Organic Search,Mid Market,39,True
8677,2024-01-04,Thailand,Paid Ads,Enterprise,81,True
8678,2024-08-17,Burundi,Paid Ads,SMB,54,True
8679,2024-08-12,Peru,Organic Search,Enterprise,20,True
8680,2024-07-27,Lithuania,Referral,Mid Market,49,False
8681,2024-04-23,Cote d'Ivoire,Partner,Mid Market,64,True
8682,2024-11-21,Anguilla,Partner,SMB,63,True
8683,2024-08-05,Saint Vincent and the Grenadines,Referral,SMB,36,True
8684,2024-08-19,Cameroon,Social Media,Mid Market,24,True
8685,2024-01-29,Egypt,Partner,SMB,63,True
8686,2024-09-28,Belize,Partner,Mid Market,80,False
8687,2024-04-21,Palau,Organic Search,Enterprise,79,True
8688,2024-04-22,Egypt,Referral,SMB,64,True
8689,2024-08-17,Barbados,Organic Search,SMB,40,True
8690,2024-05-10,Bahamas,Organic Search,Mid Market,39,True
8691,2024-06-18,Burundi,Partner,SMB,72,True
8692,2024-09-23,Namibia,Paid Ads,Mid Market,48,False
8693,2024-10-23,Sudan,Social Media,Mid Market,78,True
8694,2024-11-28,Algeria,Organic Search,SMB,33,False
8695,2024-07-31,Faroe Islands,Social Media,Enterprise,88,True
8696,2024-02-05,Comoros,Partner,Mid Market,73,False
8697,2024-11-22,North Macedonia,Partner,SMB,78,True
8698,2024-04-29,Madagascar,Paid Ads,SMB,63,True
8699,2024-07-13,Svalbard & Jan Mayen Islands,Paid Ads,SMB,55,True
8700,2024-09-20,Austria,Partner,Mid Market,75,True
8701,2024-09-12,Congo,Referral,SMB,42,False
8702,2024-11-15,India,Organic Search,Enterprise,40,True
8703,2024-05-25,Romania,Paid Ads,Mid Market,65,True
8704,2024-09-30,Philippines,Social Media,Enterprise,76,True
8705,2024-01-15,Mali,Organic Search,Mid Market,74,True
8706,2024-03-23,Romania,Referral,Mid Market,53,False
8707,2024-06-09,Pakistan,Paid Ads,Mid Market,55,True
8708,2024-03-22,Bulgaria,Social Media,SMB,82,True
8709,2024-07-30,Japan,Organic Search,Mid Market,96,True
8710,2024-06-14,Saint Kitts and Nevis,Referral,SMB,36,True
8711,2024-01-25,Netherlands,Referral,Mid Market,51,True
8712,2024-10-21,Hungary,Paid Ads,SMB,35,True
8713,2024-05-03,Croatia,Paid Ads,SMB,68,True
8714,2024-03-14,Sao Tome and Principe,Paid Ads,SMB,65,True
8715,2024-08-05,Netherlands,Paid Ads,Mid Market,61,True
8716,2024-10-07,Papua New Guinea,Organic Search,SMB,22,True
8717,2024-02-29,Kyrgyz Republic,Partner,Mid Market,46,True
8718,2024-08-22,Grenada,Partner,Mid Market,45,True
8719,2024-06-15,Bulgaria,Social Media,SMB,36,True
8720,2024-11-21,Guernsey,Social Media,SMB,85,True
8721,2024-08-23,Guinea,Organic Search,Enterprise,68,True
8722,2024-07-06,Honduras,Paid Ads,SMB,99,True
8723,2024-07-07,Liechtenstein,Social Media,Mid Market,94,True
8724,2024-12-07,Malawi,Partner,SMB,83,False
8725,2024-06-23,Mali,Paid Ads,SMB,92,True
8726,2024-07-08,Namibia,Partner,SMB,63,False
8727,2024-06-14,Dominica,Referral,Mid Market,69,True
8728,2024-03-09,Congo,Paid Ads,Mid Market,30,True
8729,2024-08-14,Heard Island and McDonald Islands,Organic Search,SMB,66,True
8730,2024-05-26,Uganda,Organic Search,SMB,99,True
8731,2024-06-25,Heard Island and McDonald Islands,Referral,Mid Market,36,False
8732,2024-12-05,Anguilla,Partner,SMB,27,False
8733,2024-08-20,Albania,Paid Ads,Mid Market,84,True
8734,2024-03-24,Sweden,Organic Search,SMB,60,True
8735,2024-02-19,Uzbekistan,Organic Search,Mid Market,43,True
8736,2024-02-17,Thailand,Partner,Mid Market,67,True
8737,2024-09-08,Australia,Partner,Mid Market,60,True
8738,2024-03-17,Congo,Organic Search,Mid Market,25,True
8739,2024-12-06,Palau,Referral,SMB,69,True
8740,2024-11-14,Cayman Islands,Partner,SMB,23,True
8741,2024-09-19,Finland,Paid Ads,SMB,27,True
8742,2024-04-06,Belarus,Partner,Mid Market,50,True
8743,2024-03-29,Turkey,Organic Search,Mid Market,56,True
8744,2024-05-26,Croatia,Organic Search,Mid Market,42,True
8745,2024-10-25,Jersey,Referral,Enterprise,75,False
8746,2024-04-29,Guinea-Bissau,Partner,Mid Market,22,True
8747,2024-10-21,Cyprus,Partner,SMB,31,False
8748,2024-10-09,San Marino,Organic Search,SMB,41,False
8749,2024-06-30,Indonesia,Social Media,SMB,94,True
8750,2024-10-17,New Caledonia,Organic Search,Mid Market,56,True
8751,2024-09-01,Dominica,Paid Ads,Enterprise,31,False
8752,2024-03-10,Heard Island and McDonald Islands,Referral,Enterprise,61,True
8753,2024-06-03,Gibraltar,Social Media,SMB,90,True
8754,2024-10-31,Malawi,Organic Search,Enterprise,34,True
8755,2024-04-14,Morocco,Partner,Mid Market,49,True
8756,2024-05-14,Gibraltar,Paid Ads,Mid Market,80,True
8757,2024-02-05,Mauritania,Referral,SMB,99,True
8758,2024-08-09,Egypt,Referral,Mid Market,74,True
8759,2024-10-06,Antarctica (the territory South of 60 deg S),Social Media,SMB,83,False
8760,2024-05-02,Latvia,Partner,Mid Market,34,True
8761,2024-02-29,Togo,Referral,SMB,41,True
8762,2024-11-13,Bahamas,Organic Search,Mid Market,46,True
8763,2024-09-14,Micronesia,Organic Search,Enterprise,25,False
8764,2024-02-17,Turkmenistan,Partner,SMB,59,True
8765,2024-10-13,Belgium,Organic Search,SMB,87,True
8766,2024-11-04,Cyprus,Organic Search,SMB,87,False
8767,2024-12-30,Bermuda,Organic Search,SMB,72,False
8768,2024-06-03,Mexico,Partner,SMB,34,False
8769,2024-10-20,Montserrat,Organic Search,Mid Market,95,True
8770,2024-01-19,Guam,Paid Ads,SMB,47,False
8771,2024-04-08,Romania,Partner,SMB,91,True
8772,2024-12-22,Equatorial Guinea,Referral,SMB,39,True
8773,2024-04-29,Northern Mariana Islands,Social Media,Mid Market,100,True
8774,2024-07-23,Cuba,Social Media,SMB,58,True
8775,2024-12-30,Australia,Organic Search,Enterprise,30,False
8776,2024-01-06,New Zealand,Referral,Mid Market,92,True
8777,2024-02-17,El Salvador,Paid Ads,SMB,84,True
8778,2024-09-02,Sweden,Partner,SMB,23,False
8779,2024-02-27,Georgia,Referral,Mid Market,40,True
8780,2024-01-12,French Guiana,Referral,SMB,53,True
8781,2024-10-30,Italy,Partner,SMB,83,True
8782,2024-02-09,Hungary,Partner,Mid Market,80,True
8783,2024-07-19,Pakistan,Partner,SMB,83,True
8784,2024-08-20,Faroe Islands,Partner,Mid Market,39,False
8785,2024-07-02,Saint Martin,Social Media,SMB,29,False
8786,2024-07-12,Hungary,Referral,SMB,23,True
8787,2024-04-10,Hong Kong,Social Media,Enterprise,84,True
8788,2024-02-09,Sri Lanka,Organic Search,Mid Market,27,True
8789,2024-06-10,South Georgia and the South Sandwich Islands,Social Media,Enterprise,23,True
8790,2024-04-06,Cameroon,Paid Ads,Mid Market,46,True
8791,2024-01-31,United Arab Emirates,Social Media,SMB,79,False
8792,2024-01-12,Barbados,Organic Search,SMB,97,True
8793,2024-05-23,Angola,Social Media,Enterprise,70,True
8794,2024-07-22,Mauritius,Paid Ads,SMB,37,True
8795,2024-05-06,San Marino,Referral,Mid Market,27,False
8796,2024-01-15,Tokelau,Social Media,SMB,60,True
8797,2024-09-24,Iran,Organic Search,Mid Market,94,True
8798,2024-09-10,Russian Federation,Organic Search,SMB,26,True
8799,2024-10-13,Bouvet Island (Bouvetoya),Social Media,SMB,43,False
8800,2024-04-20,Cape Verde,Partner,SMB,23,False
8801,2024-07-26,Madagascar,Partner,Mid Market,82,True
8802,2024-05-30,Bulgaria,Partner,Mid Market,89,True
8803,2024-12-21,Vietnam,Paid Ads,SMB,99,True
8804,2024-11-29,Dominican Republic,Referral,SMB,62,True
8805,2024-11-03,Poland,Organic Search,Mid Market,83,False
8806,2024-04-05,Macao,Referral,SMB,61,True
8807,2024-10-04,Peru,Referral,Mid Market,90,True
8808,2024-06-21,Antarctica (the territory South of 60 deg S),Partner,SMB,34,False
8809,2024-04-18,United States Minor Outlying Islands,Paid Ads,Mid Market,93,True
8810,2024-08-03,Burkina Faso,Organic Search,Enterprise,59,False
8811,2024-09-22,Eritrea,Referral,Mid Market,50,True
8812,2024-08-07,Palestinian Territory,Social Media,SMB,46,False
8813,2024-10-07,Iceland,Social Media,SMB,92,True
8814,2024-11-21,Costa Rica,Referral,SMB,50,True
8815,2024-09-29,Brunei Darussalam,Organic Search,SMB,50,True
8816,2024-07-29,Saint Barthelemy,Partner,SMB,86,True
8817,2024-06-08,United Kingdom,Social Media,SMB,55,False
8818,2024-09-21,Cambodia,Social Media,Mid Market,54,True
8819,2024-02-20,Paraguay,Social Media,SMB,31,False
8820,2024-03-07,Montenegro,Organic Search,SMB,33,True
8821,2024-08-22,Niger,Partner,SMB,41,True
8822,2024-10-21,Guatemala,Social Media,SMB,24,False
8823,2024-03-03,Chad,Partner,SMB,58,True
8824,2024-01-03,Nicaragua,Paid Ads,SMB,54,True
8825,2024-05-09,Saudi Arabia,Organic Search,SMB,42,True
8826,2024-10-05,Congo,Organic Search,Mid Market,47,True
8827,2024-12-25,Congo,Social Media,Mid Market,29,False
8828,2024-07-31,Liechtenstein,Paid Ads,SMB,33,True
8829,2024-06-06,Bulgaria,Social Media,Enterprise,45,True
8830,2024-07-11,Mozambique,Organic Search,SMB,97,True
8831,2024-03-26,New Caledonia,Social Media,Mid Market,22,False
8832,2024-06-19,Peru,Partner,SMB,100,True
8833,2024-05-18,Cyprus,Social Media,Enterprise,53,True
8834,2024-03-30,Maldives,Social Media,SMB,51,True
8835,2024-07-13,France,Paid Ads,Mid Market,49,True
8836,2024-09-12,Heard Island and McDonald Islands,Social Media,SMB,54,True
8837,2024-01-14,Morocco,Referral,SMB,54,True
8838,2024-11-19,Cambodia,Partner,SMB,63,True
8839,2024-10-17,Kyrgyz Republic,Partner,Mid Market,74,True
8840,2024-01-15,Vietnam,Organic Search,SMB,20,True
8841,2024-02-14,Pitcairn Islands,Organic Search,Mid Market,72,True
8842,2024-11-25,Ireland,Referral,SMB,39,True
8843,2024-04-22,Congo,Paid Ads,SMB,95,True
8844,2024-08-29,Austria,Partner,Mid Market,32,False
8845,2024-11-29,Belgium,Social Media,Mid Market,46,False
8846,2024-07-18,Bosnia and Herzegovina,Paid Ads,SMB,67,True
8847,2024-12-02,Bahamas,Organic Search,Enterprise,61,False
8848,2024-12-13,Timor-Leste,Social Media,SMB,94,True
8849,2024-04-09,Gibraltar,Partner,SMB,97,True
8850,2024-10-20,Guyana,Organic Search,SMB,66,True
8851,2024-01-17,Qatar,Paid Ads,SMB,44,True
8852,2024-07-29,Colombia,Partner,Mid Market,22,False
8853,2024-05-03,Greenland,Partner,Mid Market,100,True
8854,2024-05-08,Belgium,Paid Ads,SMB,80,True
8855,2024-08-25,Philippines,Organic Search,SMB,73,False
8856,2024-03-29,Belgium,Social Media,Enterprise,62,True
8857,2024-12-30,Turkey,Paid Ads,SMB,35,True
8858,2024-06-05,Malaysia,Referral,SMB,65,True
8859,2024-05-10,Hong Kong,Partner,Mid Market,69,True
8860,2024-08-07,Seychelles,Paid Ads,SMB,37,True
8861,2024-02-13,Solomon Islands,Social Media,Mid Market,65,True
8862,2024-08-10,Gibraltar,Referral,SMB,41,True
8863,2024-09-13,South Africa,Organic Search,Enterprise,34,False
8864,2024-07-31,Malawi,Organic Search,Mid Market,77,True
8865,2024-04-14,Fiji,Partner,SMB,94,True
8866,2024-12-05,Sweden,Partner,Mid Market,60,True
8867,2024-10-26,Latvia,Referral,SMB,35,True
8868,2024-07-28,French Guiana,Referral,SMB,40,False
8869,2024-08-04,Italy,Partner,Enterprise,85,True
8870,2024-11-06,Cook Islands,Social Media,Mid Market,25,False
8871,2024-01-28,Anguilla,Organic Search,SMB,79,True
8872,2024-10-11,Nigeria,Organic Search,SMB,99,True
8873,2024-05-25,Ecuador,Partner,SMB,29,True
8874,2024-05-02,Saint Pierre and Miquelon,Organic Search,Mid Market,92,True
8875,2024-06-03,Austria,Paid Ads,SMB,56,True
8876,2024-03-29,Georgia,Referral,SMB,64,True
8877,2024-03-17,Mayotte,Paid Ads,SMB,47,False
8878,2024-09-04,Marshall Islands,Referral,Mid Market,80,True
8879,2024-12-31,United States Minor Outlying Islands,Partner,Mid Market,82,True
8880,2024-10-20,Zimbabwe,Paid Ads,SMB,46,True
8881,2024-01-25,Sweden,Referral,SMB,61,True
8882,2024-07-12,Bangladesh,Partner,Mid Market,80,True
8883,2024-02-19,Yemen,Organic Search,SMB,91,True
8884,2024-03-07,Macao,Organic Search,Mid Market,79,True
8885,2024-01-20,Faroe Islands,Paid Ads,Mid Market,55,True
8886,2024-02-07,Libyan Arab Jamahiriya,Organic Search,SMB,93,True
8887,2024-03-02,United States of America,Organic Search,Enterprise,35,True
8888,2024-02-08,Nepal,Partner,Enterprise,52,True
8889,2024-05-10,Fiji,Social Media,Mid Market,30,False
8890,2024-02-22,Russian Federation,Paid Ads,Mid Market,50,True
8891,2024-01-31,Belize,Paid Ads,SMB,58,True
8892,2024-03-29,Cote d'Ivoire,Partner,Mid Market,82,True
8893,2024-04-18,Yemen,Paid Ads,Enterprise,63,True
8894,2024-12-29,Madagascar,Referral,SMB,81,True
8895,2024-05-29,Montserrat,Paid Ads,Mid Market,83,True
8896,2024-08-22,Oman,Organic Search,SMB,91,True
8897,2024-10-13,Tonga,Organic Search,Mid Market,63,True
8898,2024-05-04,Luxembourg,Referral,SMB,32,True
8899,2024-03-21,Namibia,Organic Search,Mid Market,91,True
8900,2024-01-16,Ethiopia,Paid Ads,Enterprise,41,True
8901,2024-07-26,Sri Lanka,Social Media,SMB,94,True
8902,2024-01-31,Malawi,Paid Ads,SMB,71,False
8903,2024-07-29,French Polynesia,Organic Search,SMB,75,True
8904,2024-07-03,Lao People's Democratic Republic,Referral,SMB,47,True
8905,2024-10-19,Burkina Faso,Partner,SMB,72,True
8906,2024-06-06,Vanuatu,Social Media,Mid Market,87,True
8907,2024-03-09,Korea,Organic Search,Mid Market,20,True
8908,2024-01-08,Tunisia,Referral,Mid Market,80,True
8909,2024-01-05,Tokelau,Paid Ads,Mid Market,22,True
8910,2024-08-16,Mayotte,Organic Search,Mid Market,82,True
8911,2024-09-23,Denmark,Organic Search,SMB,85,True
8912,2024-08-01,Mexico,Social Media,Mid Market,94,True
8913,2024-04-25,Norfolk Island,Referral,SMB,24,True
8914,2024-10-19,Ecuador,Paid Ads,SMB,84,True
8915,2024-05-18,Afghanistan,Paid Ads,SMB,75,True
8916,2024-09-08,Korea,Partner,SMB,72,True
8917,2024-12-16,Kenya,Referral,Mid Market,64,True
8918,2024-01-31,Martinique,Social Media,Mid Market,54,True
8919,2024-06-23,Saudi Arabia,Social Media,SMB,37,False
8920,2024-08-06,United States Virgin Islands,Social Media,SMB,55,True
8921,2024-02-15,Turkey,Paid Ads,SMB,84,True
8922,2024-02-22,Cape Verde,Social Media,Enterprise,54,True
8923,2024-09-12,Marshall Islands,Social Media,SMB,20,False
8924,2024-01-21,Jordan,Referral,SMB,36,True
8925,2024-03-17,Canada,Organic Search,SMB,42,True
8926,2024-07-22,Libyan Arab Jamahiriya,Paid Ads,Enterprise,48,True
8927,2024-01-30,Western Sahara,Referral,SMB,69,True
8928,2024-12-05,Zambia,Partner,SMB,67,True
8929,2024-08-14,Uganda,Referral,SMB,98,True
8930,2024-01-17,Vanuatu,Social Media,Mid Market,53,True
8931,2024-01-21,Equatorial Guinea,Social Media,SMB,31,True
8932,2024-08-09,Gibraltar,Paid Ads,SMB,39,False
8933,2024-05-19,Equatorial Guinea,Social Media,SMB,81,True
8934,2024-07-07,Sri Lanka,Organic Search,SMB,91,True
8935,2024-04-12,Afghanistan,Social Media,Mid Market,93,True
8936,2024-10-30,Costa Rica,Organic Search,SMB,65,True
8937,2024-04-17,Bouvet Island (Bouvetoya),Social Media,Mid Market,72,True
8938,2024-11-03,Serbia,Referral,SMB,83,False
8939,2024-08-10,Bahrain,Referral,SMB,53,True
8940,2024-03-07,Bermuda,Referral,SMB,65,True
8941,2024-12-22,Namibia,Social Media,SMB,86,True
8942,2024-04-28,Belize,Social Media,SMB,48,True
8943,2024-09-11,Oman,Referral,SMB,94,True
8944,2024-04-16,Somalia,Organic Search,SMB,49,True
8945,2024-08-29,South Africa,Organic Search,SMB,94,True
8946,2024-06-08,Saint Kitts and Nevis,Referral,Mid Market,52,False
8947,2024-01-18,Russian Federation,Referral,Mid Market,21,False
8948,2024-05-16,Spain,Referral,SMB,45,False
8949,2024-12-15,Zimbabwe,Organic Search,Mid Market,88,True
8950,2024-09-20,Italy,Referral,SMB,66,True
8951,2024-07-23,Monaco,Organic Search,SMB,82,True
8952,2024-10-07,Norfolk Island,Organic Search,SMB,48,False
8953,2024-08-13,Nicaragua,Organic Search,SMB,100,True
8954,2024-07-09,Guernsey,Organic Search,SMB,73,True
8955,2024-10-19,Saudi Arabia,Social Media,SMB,100,False
8956,2024-07-16,Iceland,Partner,SMB,65,True
8957,2024-06-06,Bulgaria,Partner,Mid Market,38,True
8958,2024-02-19,Lithuania,Partner,SMB,89,True
8959,2024-04-23,Mauritius,Social Media,Mid Market,40,False
8960,2024-08-10,Italy,Partner,SMB,46,True
8961,2024-12-31,Gambia,Referral,Mid Market,77,True
8962,2024-04-11,Colombia,Paid Ads,SMB,87,True
8963,2024-07-04,Italy,Paid Ads,SMB,36,True
8964,2024-09-26,Peru,Paid Ads,SMB,93,True
8965,2024-01-20,Myanmar,Referral,Mid Market,98,True
8966,2024-11-06,Zambia,Social Media,Enterprise,86,True
8967,2024-04-21,Christmas Island,Referral,SMB,67,True
8968,2024-01-12,Brunei Darussalam,Referral,SMB,96,True
8969,2024-09-18,Slovakia (Slovak Republic),Partner,Mid Market,73,True
8970,2024-06-25,France,Partner,Mid Market,23,True
8971,2024-03-06,Qatar,Partner,SMB,75,True
8972,2024-08-10,Fiji,Paid Ads,SMB,24,False
8973,2024-07-25,Czech Republic,Social Media,SMB,58,True
8974,2024-09-10,Chile,Social Media,SMB,58,True
8975,2024-10-17,Lesotho,Paid Ads,Mid Market,74,True
8976,2024-05-06,Turkmenistan,Referral,SMB,65,True
8977,2024-11-11,Saint Kitts and Nevis,Organic Search,Mid Market,20,False
8978,2024-04-28,Cocos (Keeling) Islands,Paid Ads,SMB,59,True
8979,2024-03-16,Cameroon,Social Media,SMB,39,False
8980,2024-02-22,Andorra,Partner,SMB,71,True
8981,2024-05-03,Australia,Social Media,SMB,93,True
8982,2024-12-12,Namibia,Social Media,SMB,97,True
8983,2024-05-11,Armenia,Paid Ads,SMB,96,True
8984,2024-05-27,Heard Island and McDonald Islands,Organic Search,SMB,92,True
8985,2024-06-27,Iraq,Partner,Mid Market,56,False
8986,2024-07-31,Korea,Partner,SMB,67,True
8987,2024-04-11,Moldova,Organic Search,SMB,85,True
8988,2024-09-08,Brazil,Referral,SMB,39,True
8989,2024-02-16,Myanmar,Organic Search,Mid Market,79,False
8990,2024-04-14,Uganda,Social Media,Mid Market,48,True
8991,2024-12-15,Svalbard & Jan Mayen Islands,Referral,SMB,69,True
8992,2024-12-02,France,Social Media,SMB,43,True
8993,2024-03-28,Paraguay,Referral,SMB,84,True
8994,2024-08-19,Uzbekistan,Partner,SMB,96,True
8995,2024-02-03,Denmark,Social Media,Mid Market,20,False
8996,2024-02-19,Zimbabwe,Paid Ads,SMB,97,True
8997,2024-01-06,El Salvador,Partner,SMB,75,False
8998,2024-07-21,Niger,Organic Search,Mid Market,46,True
8999,2024-03-19,Ireland,Social Media,SMB,77,True
9000,2024-10-12,Norfolk Island,Paid Ads,Mid Market,45,True
9001,2024-12-06,French Southern Territories,Social Media,SMB,98,True
9002,2024-07-04,Fiji,Partner,SMB,75,True
9003,2024-01-30,Heard Island and McDonald Islands,Paid Ads,Mid Market,96,True
9004,2024-04-11,Mauritania,Social Media,SMB,73,True
9005,2024-05-29,Heard Island and McDonald Islands,Partner,Mid Market,91,True
9006,2024-02-25,Canada,Organic Search,SMB,82,True
9007,2024-05-06,Niger,Partner,SMB,93,True
9008,2024-06-02,Holy See (Vatican City State),Partner,Enterprise,47,True
9009,2024-12-18,Fiji,Referral,SMB,90,True
9010,2024-01-30,Liechtenstein,Partner,SMB,93,True
9011,2024-01-16,Romania,Partner,SMB,64,False
9012,2024-02-14,Bahamas,Paid Ads,SMB,89,True
9013,2024-06-04,Yemen,Social Media,SMB,95,True
9014,2024-09-27,Sri Lanka,Paid Ads,SMB,76,True
9015,2024-05-20,Honduras,Referral,Mid Market,65,True
9016,2024-01-23,Oman,Paid Ads,Mid Market,85,True
9017,2024-06-12,Sierra Leone,Paid Ads,SMB,25,False
9018,2024-07-21,Greenland,Referral,Mid Market,27,False
9019,2024-03-17,India,Referral,SMB,93,True
9020,2024-11-26,Korea,Paid Ads,Mid Market,69,True
9021,2024-05-23,Canada,Social Media,Mid Market,41,False
9022,2024-05-15,Guatemala,Referral,SMB,49,True
9023,2024-07-02,Zimbabwe,Partner,SMB,96,True
9024,2024-06-17,Latvia,Referral,Enterprise,43,False
9025,2024-02-22,Korea,Partner,SMB,50,True
9026,2024-09-15,Argentina,Social Media,SMB,86,True
9027,2024-10-06,United Kingdom,Organic Search,SMB,59,True
9028,2024-08-02,Latvia,Paid Ads,SMB,74,True
9029,2024-01-01,Colombia,Partner,SMB,27,True
9030,2024-04-18,Norway,Social Media,SMB,76,True
9031,2024-05-21,Isle of Man,Social Media,SMB,94,False
9032,2024-03-03,Malta,Organic Search,SMB,43,True
9033,2024-03-31,Latvia,Organic Search,Mid Market,25,False
9034,2024-05-01,Tonga,Paid Ads,Mid Market,71,True
9035,2024-12-23,Denmark,Partner,Enterprise,90,True
9036,2024-07-28,Puerto Rico,Paid Ads,Mid Market,28,True
9037,2024-11-22,Finland,Paid Ads,Enterprise,25,True
9038,2024-01-22,Trinidad and Tobago,Partner,SMB,86,False
9039,2024-11-04,China,Referral,SMB,67,True
9040,2024-03-08,Bosnia and Herzegovina,Paid Ads,SMB,71,True
9041,2024-01-01,Faroe Islands,Organic Search,Mid Market,85,True
9042,2024-06-09,Guinea-Bissau,Partner,Mid Market,23,True
9043,2024-03-26,Bulgaria,Paid Ads,SMB,81,True
9044,2024-04-08,Austria,Paid Ads,SMB,23,False
9045,2024-02-05,British Indian Ocean Territory (Chagos Archipelago),Referral,Mid Market,65,False
9046,2024-08-26,United Kingdom,Organic Search,Enterprise,31,True
9047,2024-07-10,Afghanistan,Paid Ads,SMB,31,True
9048,2024-11-02,Jersey,Partner,Mid Market,94,True
9049,2024-02-29,Swaziland,Referral,Enterprise,100,True
9050,2024-07-10,Belize,Organic Search,Mid Market,63,True
9051,2024-03-02,Bouvet Island (Bouvetoya),Paid Ads,SMB,95,True
9052,2024-04-23,Bahamas,Paid Ads,SMB,76,False
9053,2024-02-11,Cote d'Ivoire,Paid Ads,SMB,83,False
9054,2024-02-09,Cyprus,Social Media,SMB,21,True
9055,2024-11-24,Slovenia,Partner,Mid Market,38,False
9056,2024-11-01,Cote d'Ivoire,Referral,Mid Market,91,True
9057,2024-07-06,Antarctica (the territory South of 60 deg S),Organic Search,SMB,32,False
9058,2024-11-03,Armenia,Social Media,SMB,95,True
9059,2024-04-22,Northern Mariana Islands,Referral,Mid Market,29,True
9060,2024-04-09,United States Minor Outlying Islands,Partner,SMB,40,False
9061,2024-03-10,Saudi Arabia,Organic Search,SMB,53,False
9062,2024-01-22,Swaziland,Organic Search,Enterprise,47,True
9063,2024-09-01,Mauritania,Organic Search,Enterprise,80,True
9064,2024-09-10,Turkey,Partner,SMB,64,True
9065,2024-07-16,Antigua and Barbuda,Referral,Mid Market,52,True
9066,2024-10-03,Philippines,Organic Search,SMB,33,True
9067,2024-02-04,El Salvador,Referral,Enterprise,36,True
9068,2024-01-17,Haiti,Referral,Enterprise,69,True
9069,2024-10-30,Pakistan,Partner,Enterprise,74,True
9070,2024-06-11,Sudan,Social Media,Mid Market,41,True
9071,2024-02-26,Somalia,Organic Search,SMB,26,False
9072,2024-11-25,Dominican Republic,Organic Search,SMB,35,True
9073,2024-12-07,Angola,Referral,Mid Market,49,True
9074,2024-12-13,Bosnia and Herzegovina,Paid Ads,Mid Market,48,True
9075,2024-04-10,Saint Kitts and Nevis,Organic Search,SMB,65,True
9076,2024-10-25,Netherlands Antilles,Paid Ads,Mid Market,94,True
9077,2024-03-10,Bahrain,Organic Search,SMB,39,True
9078,2024-04-23,Vanuatu,Organic Search,Mid Market,63,True
9079,2024-11-03,Malawi,Social Media,SMB,84,True
9080,2024-12-24,Cocos (Keeling) Islands,Paid Ads,Enterprise,33,True
9081,2024-01-11,Turkmenistan,Paid Ads,Mid Market,33,True
9082,2024-10-19,Paraguay,Social Media,Mid Market,26,True
9083,2024-05-27,Bulgaria,Partner,SMB,40,True
9084,2024-02-15,Suriname,Organic Search,SMB,26,True
9085,2024-04-21,Puerto Rico,Social Media,SMB,35,True
9086,2024-07-26,Liechtenstein,Partner,Mid Market,91,True
9087,2024-01-07,Cote d'Ivoire,Partner,SMB,72,True
9088,2024-01-22,Argentina,Paid Ads,Mid Market,98,True
9089,2024-09-12,Dominican Republic,Organic Search,SMB,90,True
9090,2024-04-30,Micronesia,Partner,SMB,61,True
9091,2024-05-14,Montserrat,Partner,SMB,65,True
9092,2024-01-16,Paraguay,Social Media,SMB,62,True
9093,2024-09-13,Sao Tome and Principe,Organic Search,SMB,36,True
9094,2024-12-20,Pitcairn Islands,Social Media,SMB,70,True
9095,2024-08-09,Benin,Paid Ads,SMB,99,True
9096,2024-11-22,Suriname,Paid Ads,Enterprise,64,True
9097,2024-10-19,Tanzania,Organic Search,SMB,38,False
9098,2024-11-07,Bermuda,Partner,SMB,38,False
9099,2024-12-06,Djibouti,Paid Ads,Mid Market,57,True
9100,2024-11-13,Syrian Arab Republic,Partner,SMB,76,False
9101,2024-08-08,Peru,Referral,SMB,44,True
9102,2024-12-11,Congo,Paid Ads,SMB,71,False
9103,2024-07-18,Mauritius,Paid Ads,SMB,96,True
9104,2024-06-25,United States Minor Outlying Islands,Referral,SMB,70,True
9105,2024-05-26,Greenland,Social Media,SMB,100,True
9106,2024-07-24,Tanzania,Organic Search,SMB,57,True
9107,2024-12-10,Cook Islands,Social Media,Mid Market,60,True
9108,2024-10-25,Saint Lucia,Organic Search,SMB,69,True
9109,2024-03-07,Ireland,Paid Ads,Mid Market,69,True
9110,2024-02-13,Poland,Organic Search,Mid Market,69,True
9111,2024-03-11,Pitcairn Islands,Paid Ads,SMB,21,False
9112,2024-04-07,Poland,Partner,SMB,36,False
9113,2024-05-18,Peru,Social Media,Mid Market,96,True
9114,2024-11-19,Indonesia,Social Media,SMB,25,True
9115,2024-03-04,Iceland,Social Media,SMB,40,False
9116,2024-09-11,Algeria,Social Media,Mid Market,57,True
9117,2024-01-23,Philippines,Referral,SMB,66,False
9118,2024-09-11,Bouvet Island (Bouvetoya),Referral,SMB,38,True
9119,2024-06-14,Nauru,Referral,SMB,45,True
9120,2024-06-23,Aruba,Referral,SMB,69,True
9121,2024-01-18,British Virgin Islands,Organic Search,SMB,86,True
9122,2024-11-13,Denmark,Partner,Mid Market,28,True
9123,2024-08-19,Croatia,Referral,SMB,27,True
9124,2024-06-22,Antigua and Barbuda,Referral,SMB,66,True
9125,2024-04-26,Burkina Faso,Partner,SMB,31,True
9126,2024-04-06,Marshall Islands,Organic Search,SMB,67,True
9127,2024-07-30,New Caledonia,Organic Search,SMB,99,True
9128,2024-04-27,India,Partner,Mid Market,51,True
9129,2024-03-17,Guam,Referral,Mid Market,35,False
9130,2024-01-04,Burkina Faso,Paid Ads,SMB,38,True
9131,2024-10-23,Kazakhstan,Partner,Enterprise,48,True
9132,2024-02-25,Brunei Darussalam,Partner,Enterprise,29,True
9133,2024-05-23,Isle of Man,Organic Search,Mid Market,88,True
9134,2024-09-05,Montenegro,Paid Ads,SMB,45,True
9135,2024-12-14,Saint Pierre and Miquelon,Social Media,Mid Market,81,True
9136,2024-10-29,Ukraine,Paid Ads,SMB,58,True
9137,2024-01-24,Botswana,Referral,SMB,34,False
9138,2024-08-06,Suriname,Paid Ads,SMB,31,True
9139,2024-04-21,Serbia,Social Media,Mid Market,92,True
9140,2024-12-14,Spain,Paid Ads,SMB,33,True
9141,2024-11-30,Latvia,Organic Search,Enterprise,92,True
9142,2024-07-15,Uzbekistan,Referral,Mid Market,40,True
9143,2024-07-28,Panama,Partner,Enterprise,86,True
9144,2024-11-11,Ethiopia,Social Media,Mid Market,62,True
9145,2024-07-04,Ethiopia,Paid Ads,SMB,56,True
9146,2024-06-26,Lithuania,Referral,SMB,58,False
9147,2024-09-14,Kiribati,Paid Ads,Enterprise,38,True
9148,2024-04-10,Georgia,Social Media,Mid Market,39,True
9149,2024-06-10,Papua New Guinea,Partner,SMB,43,True
9150,2024-03-06,Brazil,Partner,SMB,34,False
9151,2024-02-04,Finland,Social Media,Enterprise,91,True
9152,2024-04-05,Micronesia,Paid Ads,SMB,25,True
9153,2024-05-07,Czech Republic,Partner,SMB,49,True
9154,2024-10-10,Kyrgyz Republic,Paid Ads,SMB,80,True
9155,2024-03-22,Iran,Organic Search,Enterprise,76,False
9156,2024-07-22,Vietnam,Social Media,SMB,68,True
9157,2024-12-28,Faroe Islands,Organic Search,SMB,89,True
9158,2024-10-06,Samoa,Social Media,SMB,84,True
9159,2024-08-16,Heard Island and McDonald Islands,Organic Search,Mid Market,36,True
9160,2024-01-29,Nicaragua,Social Media,SMB,29,True
9161,2024-12-16,Heard Island and McDonald Islands,Referral,Mid Market,69,True
9162,2024-10-11,Guam,Partner,Mid Market,33,True
9163,2024-07-09,Mexico,Referral,SMB,32,True
9164,2024-12-02,Nauru,Organic Search,SMB,57,True
9165,2024-12-30,Turkey,Organic Search,SMB,53,False
9166,2024-04-22,Germany,Organic Search,Mid Market,35,True
9167,2024-01-08,Poland,Social Media,SMB,56,True
9168,2024-07-01,Bermuda,Referral,SMB,96,True
9169,2024-07-14,Ecuador,Partner,SMB,79,True
9170,2024-06-08,Slovenia,Partner,Enterprise,47,True
9171,2024-02-05,Mali,Paid Ads,Mid Market,81,True
9172,2024-02-19,Uzbekistan,Organic Search,Mid Market,66,True
9173,2024-04-26,Israel,Referral,Mid Market,55,True
9174,2024-10-24,Sao Tome and Principe,Social Media,SMB,75,True
9175,2024-11-11,Moldova,Social Media,SMB,23,True
9176,2024-01-24,Zimbabwe,Referral,Mid Market,58,True
9177,2024-04-25,Congo,Partner,SMB,96,True
9178,2024-09-11,Comoros,Partner,Mid Market,89,True
9179,2024-12-24,Cameroon,Partner,Mid Market,72,True
9180,2024-11-16,Malawi,Organic Search,Mid Market,87,True
9181,2024-09-16,Lebanon,Organic Search,Mid Market,80,True
9182,2024-09-19,San Marino,Social Media,SMB,36,False
9183,2024-02-29,Saint Helena,Partner,SMB,39,True
9184,2024-09-12,Nicaragua,Paid Ads,SMB,78,False
9185,2024-08-11,Saint Barthelemy,Referral,SMB,82,True
9186,2024-05-27,Cuba,Paid Ads,Mid Market,46,True
9187,2024-04-19,Vanuatu,Organic Search,SMB,43,False
9188,2024-04-27,United Arab Emirates,Paid Ads,SMB,91,True
9189,2024-01-21,Germany,Social Media,SMB,77,True
9190,2024-04-15,Korea,Organic Search,Enterprise,87,True
9191,2024-04-21,Malta,Social Media,SMB,59,True
9192,2024-08-23,Malawi,Social Media,Mid Market,83,True
9193,2024-05-10,Vanuatu,Organic Search,SMB,48,True
9194,2024-07-25,Belarus,Social Media,SMB,65,False
9195,2024-07-24,Cook Islands,Organic Search,SMB,77,True
9196,2024-07-12,Congo,Referral,SMB,90,True
9197,2024-03-20,Mozambique,Organic Search,Mid Market,43,False
9198,2024-12-17,Argentina,Paid Ads,SMB,94,True
9199,2024-04-18,Guinea-Bissau,Paid Ads,SMB,88,True
9200,2024-03-25,Nicaragua,Social Media,SMB,53,False
9201,2024-08-13,Martinique,Referral,SMB,47,False
9202,2024-11-02,Costa Rica,Referral,SMB,21,True
9203,2024-06-02,Northern Mariana Islands,Partner,Mid Market,75,True
9204,2024-10-18,Slovenia,Referral,Mid Market,24,True
9205,2024-07-24,Paraguay,Social Media,Mid Market,70,True
9206,2024-01-17,Brazil,Partner,SMB,49,True
9207,2024-02-18,Saint Kitts and Nevis,Referral,SMB,53,True
9208,2024-04-15,Northern Mariana Islands,Partner,SMB,55,True
9209,2024-10-23,Somalia,Paid Ads,SMB,86,True
9210,2024-12-02,Svalbard & Jan Mayen Islands,Partner,Enterprise,75,True
9211,2024-06-28,Congo,Organic Search,SMB,53,True
9212,2024-04-02,Uruguay,Organic Search,SMB,69,True
9213,2024-04-30,Myanmar,Social Media,SMB,31,True
9214,2024-08-30,Luxembourg,Organic Search,SMB,48,True
9215,2024-07-11,Lithuania,Partner,Mid Market,87,False
9216,2024-02-18,Cayman Islands,Organic Search,Mid Market,63,True
9217,2024-10-23,Libyan Arab Jamahiriya,Partner,Enterprise,90,True
9218,2024-11-16,Cook Islands,Partner,SMB,53,True
9219,2024-03-26,Korea,Organic Search,Mid Market,83,False
9220,2024-10-20,United States of America,Referral,Enterprise,46,True
9221,2024-07-28,New Zealand,Referral,Enterprise,70,True
9222,2024-06-21,Somalia,Paid Ads,SMB,82,True
9223,2024-07-23,Canada,Social Media,SMB,83,True
9224,2024-08-31,Liechtenstein,Social Media,SMB,46,True
9225,2024-07-03,Peru,Paid Ads,SMB,46,True
9226,2024-06-07,Netherlands,Organic Search,SMB,96,True
9227,2024-02-07,Vietnam,Paid Ads,SMB,91,True
9228,2024-01-13,Bahamas,Paid Ads,Mid Market,58,True
9229,2024-04-01,Iceland,Social Media,Mid Market,36,True
9230,2024-04-08,Uruguay,Referral,Mid Market,21,True
9231,2024-12-13,Jamaica,Social Media,Mid Market,34,True
9232,2024-07-05,Rwanda,Organic Search,SMB,29,False
9233,2024-02-11,Djibouti,Referral,Mid Market,62,True
9234,2024-06-06,American Samoa,Paid Ads,Enterprise,59,True
9235,2024-05-24,Fiji,Referral,Mid Market,72,True
9236,2024-05-08,Uganda,Social Media,Mid Market,29,False
9237,2024-05-13,Monaco,Paid Ads,Mid Market,31,False
9238,2024-01-02,Sri Lanka,Paid Ads,Enterprise,32,True
9239,2024-07-15,Austria,Partner,Mid Market,97,True
9240,2024-01-10,Spain,Partner,Mid Market,97,True
9241,2024-10-19,Central African Republic,Organic Search,SMB,81,True
9242,2024-04-24,Saint Martin,Paid Ads,Mid Market,23,True
9243,2024-07-14,Senegal,Social Media,Mid Market,93,True
9244,2024-07-14,Turkmenistan,Social Media,Mid Market,69,False
9245,2024-08-19,Antarctica (the territory South of 60 deg S),Referral,Enterprise,94,True
9246,2024-12-11,Korea,Social Media,SMB,43,True
9247,2024-04-09,Korea,Social Media,SMB,59,True
9248,2024-04-24,Norfolk Island,Referral,SMB,85,True
9249,2024-07-17,Saint Kitts and Nevis,Paid Ads,SMB,40,False
9250,2024-05-16,Turks and Caicos Islands,Partner,Mid Market,80,True
9251,2024-02-23,Botswana,Partner,SMB,76,True
9252,2024-11-12,China,Referral,SMB,82,True
9253,2024-08-27,Latvia,Organic Search,SMB,62,True
9254,2024-06-06,Kazakhstan,Paid Ads,SMB,79,True
9255,2024-12-12,Tajikistan,Social Media,SMB,43,True
9256,2024-07-30,Moldova,Organic Search,Mid Market,95,False
9257,2024-08-05,Northern Mariana Islands,Paid Ads,SMB,85,True
9258,2024-10-09,Benin,Paid Ads,Mid Market,90,True
9259,2024-08-03,Kyrgyz Republic,Organic Search,SMB,87,True
9260,2024-06-24,Macao,Paid Ads,SMB,64,True
9261,2024-09-13,Wallis and Futuna,Social Media,Enterprise,81,True
9262,2024-10-29,Falkland Islands (Malvinas),Partner,Mid Market,44,True
9263,2024-07-29,Barbados,Partner,SMB,83,True
9264,2024-01-27,French Southern Territories,Referral,SMB,39,True
9265,2024-09-07,Cape Verde,Social Media,Mid Market,74,True
9266,2024-06-28,China,Paid Ads,SMB,53,True
9267,2024-06-20,Macao,Paid Ads,SMB,69,True
9268,2024-07-16,Mexico,Paid Ads,SMB,94,True
9269,2024-11-20,Lithuania,Partner,Enterprise,30,False
9270,2024-06-27,Portugal,Partner,Mid Market,50,True
9271,2024-05-20,Uzbekistan,Social Media,Enterprise,60,True
9272,2024-11-27,Botswana,Organic Search,Mid Market,36,True
9273,2024-05-09,French Southern Territories,Organic Search,Mid Market,50,False
9274,2024-08-14,American Samoa,Social Media,SMB,20,False
9275,2024-10-13,New Zealand,Partner,Mid Market,87,True
9276,2024-11-08,Myanmar,Social Media,SMB,49,False
9277,2024-11-24,Sri Lanka,Paid Ads,SMB,23,False
9278,2024-05-01,Central African Republic,Social Media,Mid Market,64,True
9279,2024-05-23,Benin,Paid Ads,Mid Market,24,True
9280,2024-09-03,Honduras,Paid Ads,SMB,49,True
9281,2024-09-29,Bosnia and Herzegovina,Referral,SMB,88,True
9282,2024-07-09,Guinea-Bissau,Social Media,SMB,43,True
9283,2024-11-06,Greenland,Organic Search,SMB,96,True
9284,2024-07-13,Dominica,Partner,Enterprise,87,True
9285,2024-01-22,Mauritania,Partner,Mid Market,23,False
9286,2024-08-31,Colombia,Referral,SMB,27,False
9287,2024-05-20,Niue,Organic Search,SMB,69,True
9288,2024-04-21,Northern Mariana Islands,Referral,Mid Market,52,True
9289,2024-01-16,Comoros,Partner,SMB,38,False
9290,2024-07-27,Heard Island and McDonald Islands,Partner,SMB,88,True
9291,2024-08-19,Madagascar,Paid Ads,SMB,45,False
9292,2024-05-29,Hungary,Social Media,SMB,74,True
9293,2024-05-16,Liechtenstein,Social Media,Mid Market,24,True
9294,2024-05-06,Luxembourg,Referral,Mid Market,37,True
9295,2024-09-05,Reunion,Referral,Mid Market,93,True
9296,2024-11-13,Antarctica (the territory South of 60 deg S),Social Media,SMB,62,True
9297,2024-10-31,Australia,Referral,Mid Market,93,True
9298,2024-05-25,Portugal,Organic Search,SMB,31,False
9299,2024-01-11,Fiji,Referral,Mid Market,75,True
9300,2024-01-23,Seychelles,Social Media,Mid Market,34,False
9301,2024-12-15,Chad,Paid Ads,SMB,70,True
9302,2024-06-02,Azerbaijan,Paid Ads,SMB,79,True
9303,2024-08-31,Ireland,Paid Ads,Mid Market,45,False
9304,2024-09-22,Anguilla,Referral,Enterprise,22,False
9305,2024-08-06,Venezuela,Organic Search,SMB,47,True
9306,2024-06-13,Western Sahara,Social Media,Mid Market,67,True
9307,2024-05-18,China,Social Media,SMB,46,True
9308,2024-06-23,North Macedonia,Organic Search,Enterprise,64,True
9309,2024-12-08,Suriname,Referral,SMB,43,True
9310,2024-08-27,Ghana,Organic Search,Mid Market,87,True
9311,2024-08-28,Uruguay,Partner,SMB,80,True
9312,2024-01-31,Singapore,Social Media,SMB,89,True
9313,2024-12-14,Guinea-Bissau,Organic Search,Enterprise,96,True
9314,2024-04-03,Fiji,Referral,Mid Market,71,False
9315,2024-02-18,Latvia,Referral,SMB,36,True
9316,2024-04-06,Saint Lucia,Social Media,SMB,66,False
9317,2024-11-02,Burkina Faso,Paid Ads,SMB,58,False
9318,2024-12-10,Congo,Organic Search,Mid Market,46,True
9319,2024-05-07,Guatemala,Social Media,SMB,84,True
9320,2024-08-16,Panama,Organic Search,SMB,84,True
9321,2024-01-06,Senegal,Social Media,SMB,25,False
9322,2024-11-17,Austria,Social Media,Mid Market,66,True
9323,2024-03-01,Afghanistan,Organic Search,Mid Market,54,True
9324,2024-01-21,Canada,Social Media,SMB,78,True
9325,2024-09-27,Guadeloupe,Referral,Mid Market,58,True
9326,2024-08-13,Nauru,Paid Ads,Mid Market,85,True
9327,2024-04-10,Malta,Organic Search,SMB,86,True
9328,2024-06-28,Ireland,Social Media,SMB,62,True
9329,2024-12-03,Equatorial Guinea,Partner,Mid Market,20,True
9330,2024-05-29,Mayotte,Partner,Mid Market,81,True
9331,2024-04-04,Belgium,Paid Ads,SMB,21,True
9332,2024-04-06,British Virgin Islands,Organic Search,Mid Market,90,True
9333,2024-09-16,Kazakhstan,Referral,Mid Market,69,False
9334,2024-05-11,Turks and Caicos Islands,Referral,Mid Market,30,True
9335,2024-08-07,American Samoa,Social Media,Mid Market,61,True
9336,2024-11-15,Luxembourg,Paid Ads,Mid Market,53,True
9337,2024-05-16,Guam,Organic Search,SMB,93,True
9338,2024-06-10,Belarus,Paid Ads,SMB,45,False
9339,2024-04-05,Guernsey,Organic Search,SMB,67,True
9340,2024-08-11,Cameroon,Organic Search,Mid Market,63,True
9341,2024-03-20,Saint Martin,Social Media,Mid Market,26,True
9342,2024-03-04,Congo,Partner,SMB,24,True
9343,2024-03-07,Bhutan,Paid Ads,Enterprise,99,True
9344,2024-07-24,Cook Islands,Social Media,SMB,22,False
9345,2024-11-03,Korea,Referral,Enterprise,65,False
9346,2024-07-23,Montserrat,Partner,SMB,20,True
9347,2024-05-05,Tunisia,Organic Search,SMB,95,True
9348,2024-03-01,Bermuda,Partner,SMB,27,False
9349,2024-04-02,Guadeloupe,Social Media,SMB,40,True
9350,2024-01-14,United Arab Emirates,Organic Search,SMB,100,True
9351,2024-11-07,Finland,Partner,SMB,91,True
9352,2024-06-16,Latvia,Organic Search,SMB,36,False
9353,2024-04-12,Slovakia (Slovak Republic),Organic Search,Mid Market,88,True
9354,2024-03-12,Sao Tome and Principe,Organic Search,Mid Market,69,True
9355,2024-09-21,Guinea-Bissau,Referral,Mid Market,27,True
9356,2024-06-03,Cote d'Ivoire,Paid Ads,Mid Market,24,False
9357,2024-10-17,French Guiana,Referral,Enterprise,27,False
9358,2024-06-26,Malta,Partner,SMB,77,True
9359,2024-04-21,Poland,Paid Ads,SMB,82,True
9360,2024-11-03,Congo,Social Media,Mid Market,95,True
9361,2024-09-26,Malaysia,Referral,SMB,62,True
9362,2024-11-22,Saint Barthelemy,Partner,SMB,33,True
9363,2024-07-10,Chile,Organic Search,SMB,82,True
9364,2024-03-15,Romania,Referral,Mid Market,37,True
9365,2024-08-11,Belize,Partner,Mid Market,95,True
9366,2024-06-30,Bermuda,Organic Search,SMB,43,True
9367,2024-07-04,Togo,Partner,Mid Market,73,False
9368,2024-09-27,Korea,Paid Ads,Mid Market,30,False
9369,2024-06-21,Vietnam,Partner,SMB,51,False
9370,2024-01-28,Guernsey,Paid Ads,SMB,74,False
9371,2024-11-13,Spain,Partner,Mid Market,53,True
9372,2024-09-13,Portugal,Social Media,SMB,63,True
9373,2024-01-08,Bahrain,Partner,SMB,56,True
9374,2024-10-26,Congo,Organic Search,Mid Market,61,True
9375,2024-01-16,China,Paid Ads,SMB,52,True
9376,2024-05-27,Kuwait,Social Media,Mid Market,25,False
9377,2024-05-01,Gibraltar,Partner,SMB,72,True
9378,2024-10-31,Montenegro,Partner,SMB,65,True
9379,2024-11-03,Saint Lucia,Referral,SMB,62,True
9380,2024-09-17,Singapore,Paid Ads,SMB,27,False
9381,2024-09-16,Faroe Islands,Referral,Mid Market,77,True
9382,2024-08-12,Sierra Leone,Partner,SMB,77,True
9383,2024-11-17,Antarctica (the territory South of 60 deg S),Social Media,Enterprise,54,True
9384,2024-07-09,Canada,Paid Ads,Mid Market,67,False
9385,2024-05-25,Benin,Organic Search,SMB,85,True
9386,2024-08-17,Malawi,Referral,Mid Market,95,True
9387,2024-05-07,Western Sahara,Social Media,SMB,98,True
9388,2024-01-20,Cook Islands,Organic Search,SMB,56,True
9389,2024-06-18,Panama,Partner,SMB,56,True
9390,2024-10-07,Cook Islands,Partner,SMB,73,True
9391,2024-08-24,American Samoa,Partner,Enterprise,33,True
9392,2024-08-11,New Caledonia,Social Media,SMB,92,True
9393,2024-06-23,Suriname,Social Media,Mid Market,82,True
9394,2024-03-01,Antarctica (the territory South of 60 deg S),Referral,SMB,95,True
9395,2024-04-23,Martinique,Partner,Enterprise,41,False
9396,2024-08-18,Taiwan,Social Media,SMB,99,True
9397,2024-01-11,Italy,Social Media,SMB,39,True
9398,2024-03-19,Libyan Arab Jamahiriya,Social Media,SMB,81,True
9399,2024-07-22,Mongolia,Partner,SMB,28,False
9400,2024-05-24,Djibouti,Partner,Enterprise,100,False
9401,2024-04-13,Uzbekistan,Partner,SMB,26,False
9402,2024-01-29,Bahamas,Partner,SMB,66,True
9403,2024-06-21,Mayotte,Paid Ads,SMB,57,True
9404,2024-06-29,Azerbaijan,Partner,Mid Market,63,False
9405,2024-07-05,Poland,Social Media,Mid Market,35,True
9406,2024-08-05,Monaco,Paid Ads,Enterprise,47,False
9407,2024-04-14,Togo,Partner,Mid Market,81,True
9408,2024-12-24,Cayman Islands,Social Media,SMB,26,True
9409,2024-10-13,Uruguay,Paid Ads,SMB,20,False
9410,2024-06-03,United States of America,Paid Ads,SMB,84,True
9411,2024-08-01,Pitcairn Islands,Organic Search,SMB,30,True
9412,2024-08-30,Thailand,Organic Search,SMB,62,True
9413,2024-12-14,Monaco,Social Media,SMB,40,True
9414,2024-02-17,Singapore,Paid Ads,SMB,49,True
9415,2024-04-24,Pitcairn Islands,Social Media,SMB,25,False
9416,2024-11-11,Montserrat,Referral,Mid Market,73,True
9417,2024-01-19,Romania,Paid Ads,SMB,86,True
9418,2024-09-16,Maldives,Paid Ads,SMB,23,True
9419,2024-02-15,Sao Tome and Principe,Organic Search,SMB,90,False
9420,2024-04-10,Latvia,Paid Ads,SMB,33,False
9421,2024-07-08,Cote d'Ivoire,Referral,SMB,40,False
9422,2024-07-26,Sierra Leone,Partner,SMB,98,True
9423,2024-12-28,Estonia,Referral,Mid Market,50,False
9424,2024-12-28,Sierra Leone,Referral,Enterprise,75,True
9425,2024-05-04,Dominica,Social Media,SMB,43,True
9426,2024-01-02,Nigeria,Referral,SMB,77,False
9427,2024-09-22,Belgium,Referral,Enterprise,28,False
9428,2024-10-13,Ireland,Paid Ads,Mid Market,87,True
9429,2024-06-01,Greenland,Partner,Enterprise,77,True
9430,2024-09-23,French Polynesia,Organic Search,Mid Market,72,True
9431,2024-08-19,Maldives,Social Media,SMB,54,True
9432,2024-03-10,Grenada,Organic Search,SMB,58,True
9433,2024-09-19,Switzerland,Organic Search,SMB,43,True
9434,2024-07-26,Montenegro,Social Media,SMB,55,True
9435,2024-03-17,British Virgin Islands,Social Media,SMB,23,False
9436,2024-05-11,Greece,Social Media,Mid Market,44,True
9437,2024-12-16,Sudan,Referral,Mid Market,96,True
9438,2024-08-10,Tokelau,Social Media,SMB,96,True
9439,2024-11-29,Norway,Partner,SMB,90,True
9440,2024-08-30,Brazil,Social Media,Mid Market,58,False
9441,2024-05-19,British Indian Ocean Territory (Chagos Archipelago),Paid Ads,SMB,59,True
9442,2024-07-17,Bulgaria,Paid Ads,SMB,31,True
9443,2024-06-05,San Marino,Partner,SMB,98,True
9444,2024-04-21,Saint Kitts and Nevis,Paid Ads,Mid Market,62,True
9445,2024-05-07,Taiwan,Organic Search,Mid Market,62,True
9446,2024-08-11,Albania,Social Media,SMB,38,True
9447,2024-04-10,Monaco,Paid Ads,SMB,39,True
9448,2024-11-16,Denmark,Social Media,Mid Market,94,True
9449,2024-01-06,Tokelau,Paid Ads,Enterprise,68,True
9450,2024-05-17,Netherlands Antilles,Paid Ads,SMB,73,True
9451,2024-12-07,Uganda,Paid Ads,SMB,35,True
9452,2024-12-04,Lesotho,Paid Ads,SMB,37,True
9453,2024-10-22,Burundi,Referral,SMB,100,True
9454,2024-11-26,Oman,Referral,SMB,91,True
9455,2024-09-08,Equatorial Guinea,Referral,SMB,26,True
9456,2024-04-25,Cameroon,Social Media,SMB,82,True
9457,2024-12-27,Norfolk Island,Paid Ads,Mid Market,26,True
9458,2024-07-17,Equatorial Guinea,Organic Search,SMB,72,False
9459,2024-09-08,Trinidad and Tobago,Partner,Mid Market,86,True
9460,2024-06-16,North Macedonia,Social Media,SMB,26,True
9461,2024-05-15,Ghana,Partner,SMB,69,True
9462,2024-12-17,Saudi Arabia,Partner,Mid Market,77,True
9463,2024-12-05,Albania,Social Media,Mid Market,67,True
9464,2024-08-23,Estonia,Paid Ads,SMB,20,False
9465,2024-01-28,Guam,Partner,SMB,36,True
9466,2024-07-21,Gabon,Social Media,Mid Market,53,True
9467,2024-11-23,San Marino,Partner,Enterprise,53,True
9468,2024-04-19,Somalia,Social Media,Enterprise,41,True
9469,2024-08-27,Faroe Islands,Organic Search,SMB,33,True
9470,2024-05-10,Japan,Social Media,SMB,52,False
9471,2024-05-09,Holy See (Vatican City State),Referral,SMB,57,True
9472,2024-03-18,Andorra,Organic Search,Enterprise,85,True
9473,2024-08-08,Gabon,Social Media,SMB,32,True
9474,2024-07-07,Chad,Referral,SMB,61,True
9475,2024-02-12,Aruba,Paid Ads,SMB,87,True
9476,2024-06-26,Turkey,Organic Search,Mid Market,72,True
9477,2024-07-10,Iceland,Organic Search,SMB,60,False
9478,2024-10-07,China,Partner,SMB,31,True
9479,2024-11-16,Bouvet Island (Bouvetoya),Partner,Enterprise,43,False
9480,2024-04-05,Azerbaijan,Paid Ads,SMB,80,True
9481,2024-08-04,Malta,Social Media,Mid Market,46,False
9482,2024-04-05,Germany,Social Media,Mid Market,26,False
9483,2024-05-22,Germany,Referral,SMB,90,True
9484,2024-02-19,Denmark,Organic Search,SMB,84,True
9485,2024-11-11,Maldives,Organic Search,Mid Market,82,True
9486,2024-01-23,Poland,Organic Search,SMB,36,True
9487,2024-11-04,Mauritania,Organic Search,SMB,64,True
9488,2024-08-23,Central African Republic,Partner,SMB,72,True
9489,2024-07-04,Bhutan,Paid Ads,SMB,62,True
9490,2024-03-08,Guyana,Social Media,SMB,43,False
9491,2024-06-28,Syrian Arab Republic,Paid Ads,Mid Market,32,False
9492,2024-02-27,Fiji,Partner,SMB,84,False
9493,2024-04-09,Congo,Organic Search,SMB,20,False
9494,2024-11-17,Barbados,Social Media,SMB,66,False
9495,2024-03-04,Svalbard & Jan Mayen Islands,Referral,SMB,29,True
9496,2024-01-06,Andorra,Paid Ads,Mid Market,37,True
9497,2024-02-25,Equatorial Guinea,Social Media,SMB,78,True
9498,2024-05-27,Lebanon,Partner,Mid Market,45,True
9499,2024-08-23,Fiji,Organic Search,SMB,77,True
9500,2024-05-02,Angola,Referral,SMB,51,True
9501,2024-02-12,Georgia,Paid Ads,SMB,56,True
9502,2024-05-07,Barbados,Organic Search,SMB,74,True
9503,2024-07-29,Brunei Darussalam,Partner,SMB,25,True
9504,2024-03-30,India,Referral,SMB,31,True
9505,2024-07-30,Falkland Islands (Malvinas),Partner,SMB,22,False
9506,2024-08-02,Bolivia,Referral,SMB,61,True
9507,2024-06-18,Timor-Leste,Partner,SMB,78,True
9508,2024-03-12,Senegal,Organic Search,Mid Market,71,False
9509,2024-11-18,Svalbard & Jan Mayen Islands,Social Media,Mid Market,38,False
9510,2024-08-20,Tunisia,Partner,SMB,20,True
9511,2024-07-01,Anguilla,Social Media,SMB,25,True
9512,2024-08-06,Tokelau,Paid Ads,SMB,79,False
9513,2024-02-08,Papua New Guinea,Organic Search,Enterprise,30,False
9514,2024-12-23,Bosnia and Herzegovina,Paid Ads,SMB,69,True
9515,2024-08-20,Seychelles,Paid Ads,SMB,43,False
9516,2024-05-03,Greece,Partner,Mid Market,44,True
9517,2024-10-21,Sweden,Referral,Mid Market,49,True
9518,2024-01-09,Finland,Partner,SMB,56,False
9519,2024-10-25,Slovakia (Slovak Republic),Partner,Enterprise,73,True
9520,2024-06-18,Papua New Guinea,Social Media,Mid Market,76,True
9521,2024-10-24,Cuba,Partner,SMB,33,True
9522,2024-12-27,Yemen,Paid Ads,SMB,38,True
9523,2024-05-18,Tajikistan,Referral,SMB,53,True
9524,2024-07-30,Equatorial Guinea,Paid Ads,Mid Market,100,True
9525,2024-12-16,Samoa,Partner,Mid Market,93,True
9526,2024-01-13,Russian Federation,Referral,Mid Market,58,True
9527,2024-02-05,Cameroon,Organic Search,SMB,59,True
9528,2024-10-05,Sri Lanka,Paid Ads,SMB,60,True
9529,2024-02-20,Colombia,Organic Search,Mid Market,44,True
9530,2024-05-25,Canada,Social Media,Mid Market,51,True
9531,2024-04-24,British Virgin Islands,Social Media,SMB,50,True
9532,2024-01-04,Spain,Partner,SMB,67,True
9533,2024-12-24,Turkmenistan,Partner,SMB,26,True
9534,2024-01-02,Wallis and Futuna,Paid Ads,Mid Market,56,True
9535,2024-03-02,Burkina Faso,Social Media,Mid Market,53,False
9536,2024-04-29,Turks and Caicos Islands,Social Media,Enterprise,24,True
9537,2024-11-23,Morocco,Referral,SMB,79,True
9538,2024-01-06,Bouvet Island (Bouvetoya),Partner,SMB,34,True
9539,2024-04-04,Romania,Partner,Mid Market,99,True
9540,2024-03-27,Guyana,Paid Ads,Mid Market,48,False
9541,2024-04-18,Tajikistan,Paid Ads,Mid Market,31,False
9542,2024-08-17,Colombia,Paid Ads,SMB,87,True
9543,2024-02-25,Equatorial Guinea,Social Media,SMB,76,True
9544,2024-07-10,Ethiopia,Organic Search,SMB,32,True
9545,2024-09-09,Georgia,Referral,Enterprise,92,True
9546,2024-05-02,British Indian Ocean Territory (Chagos Archipelago),Organic Search,Mid Market,28,True
9547,2024-01-30,Indonesia,Partner,Mid Market,95,True
9548,2024-02-12,Luxembourg,Social Media,Mid Market,90,True
9549,2024-04-06,Heard Island and McDonald Islands,Referral,Mid Market,29,False
9550,2024-09-06,Falkland Islands (Malvinas),Paid Ads,SMB,68,True
9551,2024-05-27,Spain,Social Media,SMB,97,True
9552,2024-12-31,Mali,Partner,Mid Market,25,True
9553,2024-07-16,Argentina,Partner,Mid Market,100,True
9554,2024-05-31,Luxembourg,Partner,Mid Market,62,True
9555,2024-10-19,Croatia,Referral,Enterprise,67,True
9556,2024-08-27,Jordan,Organic Search,Mid Market,68,True
9557,2024-07-07,Netherlands,Organic Search,SMB,70,True
9558,2024-04-02,Libyan Arab Jamahiriya,Organic Search,SMB,61,False
9559,2024-08-05,Timor-Leste,Referral,Mid Market,43,False
9560,2024-08-18,Niger,Organic Search,SMB,40,True
9561,2024-07-29,Yemen,Organic Search,Mid Market,100,True
9562,2024-12-02,Kenya,Social Media,Mid Market,28,True
9563,2024-03-03,Kenya,Paid Ads,SMB,22,False
9564,2024-03-01,Christmas Island,Organic Search,Enterprise,48,True
9565,2024-08-11,Israel,Organic Search,SMB,28,False
9566,2024-10-28,Austria,Partner,Mid Market,20,False
9567,2024-10-11,Pitcairn Islands,Organic Search,Mid Market,26,False
9568,2024-01-26,Japan,Referral,Enterprise,83,True
9569,2024-12-19,Sierra Leone,Social Media,Mid Market,87,True
9570,2024-01-13,Jersey,Partner,Enterprise,87,True
9571,2024-08-24,Kuwait,Social Media,Mid Market,83,True
9572,2024-01-26,Kiribati,Organic Search,SMB,95,True
9573,2024-08-25,Croatia,Referral,Mid Market,84,True
9574,2024-03-07,China,Organic Search,SMB,62,True
9575,2024-08-06,Argentina,Paid Ads,Enterprise,59,True
9576,2024-08-10,Slovenia,Organic Search,Enterprise,77,True
9577,2024-04-13,Croatia,Partner,Enterprise,66,False
9578,2024-07-18,Uruguay,Paid Ads,Mid Market,95,True
9579,2024-03-26,Kazakhstan,Referral,SMB,35,False
9580,2024-04-14,Philippines,Partner,SMB,92,True
9581,2024-12-05,Venezuela,Social Media,Mid Market,87,True
9582,2024-12-09,El Salvador,Paid Ads,SMB,25,False
9583,2024-01-25,El Salvador,Social Media,SMB,74,True
9584,2024-08-27,Chad,Partner,Mid Market,87,True
9585,2024-08-01,Saint Kitts and Nevis,Social Media,SMB,89,True
9586,2024-03-02,Guam,Paid Ads,SMB,34,True
9587,2024-09-07,Heard Island and McDonald Islands,Social Media,SMB,77,True
9588,2024-05-24,Taiwan,Social Media,SMB,50,False
9589,2024-07-10,Zambia,Paid Ads,Enterprise,62,True
9590,2024-12-01,Puerto Rico,Paid Ads,SMB,88,True
9591,2024-04-30,Ukraine,Partner,SMB,94,True
9592,2024-10-29,Lebanon,Social Media,Mid Market,42,True
9593,2024-06-28,North Macedonia,Referral,Mid Market,30,True
9594,2024-11-09,Reunion,Referral,SMB,68,True
9595,2024-05-10,Paraguay,Social Media,Mid Market,35,True
9596,2024-03-17,New Caledonia,Social Media,Mid Market,34,False
9597,2024-10-22,Swaziland,Organic Search,SMB,94,False
9598,2024-10-21,Bolivia,Referral,SMB,50,True
9599,2024-12-13,Northern Mariana Islands,Organic Search,SMB,29,True
9600,2024-05-05,Denmark,Paid Ads,SMB,47,True
9601,2024-01-21,United States Virgin Islands,Partner,Mid Market,87,True
9602,2024-03-08,Ireland,Paid Ads,Mid Market,81,True
9603,2024-07-10,Brazil,Referral,SMB,62,False
9604,2024-04-01,Togo,Social Media,Mid Market,26,True
9605,2024-03-10,Jersey,Paid Ads,Mid Market,90,True
9606,2024-09-08,Mongolia,Partner,SMB,35,True
9607,2024-02-28,Sudan,Referral,SMB,71,True
9608,2024-10-29,United Kingdom,Paid Ads,SMB,67,True
9609,2024-03-03,Moldova,Social Media,SMB,41,True
9610,2024-03-06,Bosnia and Herzegovina,Referral,SMB,30,True
9611,2024-08-13,Uganda,Social Media,SMB,62,True
9612,2024-01-05,Eritrea,Referral,SMB,55,True
9613,2024-12-17,Mexico,Social Media,SMB,27,False
9614,2024-06-10,Tunisia,Partner,Enterprise,83,True
9615,2024-09-04,Trinidad and Tobago,Paid Ads,SMB,58,True
9616,2024-04-14,Ireland,Organic Search,Enterprise,58,True
9617,2024-04-18,Norway,Partner,Mid Market,46,True
9618,2024-06-28,Portugal,Referral,SMB,29,False
9619,2024-02-05,Benin,Partner,SMB,24,False
9620,2024-10-27,Indonesia,Referral,Mid Market,78,True
9621,2024-03-21,Cook Islands,Organic Search,Mid Market,85,True
9622,2024-01-18,Thailand,Referral,SMB,67,True
9623,2024-08-18,Egypt,Partner,Enterprise,43,True
9624,2024-11-09,Reunion,Partner,SMB,93,True
9625,2024-02-21,Kyrgyz Republic,Social Media,SMB,78,True
9626,2024-01-03,Uganda,Paid Ads,SMB,61,True
9627,2024-01-09,Puerto Rico,Social Media,SMB,54,True
9628,2024-04-26,Montserrat,Paid Ads,Mid Market,54,True
9629,2024-05-16,Spain,Organic Search,SMB,28,False
9630,2024-01-09,Venezuela,Partner,SMB,82,True
9631,2024-10-30,Costa Rica,Social Media,SMB,44,False
9632,2024-06-27,Ukraine,Partner,Mid Market,39,False
9633,2024-02-28,Montenegro,Organic Search,SMB,87,True
9634,2024-02-06,Georgia,Paid Ads,SMB,98,True
9635,2024-07-31,Tokelau,Paid Ads,Mid Market,99,True
9636,2024-11-24,Latvia,Organic Search,SMB,39,True
9637,2024-11-17,Syrian Arab Republic,Paid Ads,SMB,77,True
9638,2024-06-13,South Africa,Referral,SMB,84,True
9639,2024-11-20,Poland,Organic Search,SMB,61,True
9640,2024-09-12,Argentina,Organic Search,Mid Market,58,True
9641,2024-08-22,Guinea-Bissau,Partner,SMB,31,False
9642,2024-07-29,Niger,Partner,Mid Market,40,False
9643,2024-07-15,Swaziland,Referral,SMB,62,True
9644,2024-06-14,Grenada,Partner,SMB,40,True
9645,2024-01-02,New Zealand,Referral,Enterprise,49,False
9646,2024-06-23,Northern Mariana Islands,Partner,Mid Market,99,True
9647,2024-12-29,Swaziland,Referral,SMB,51,True
9648,2024-10-18,United States of America,Partner,SMB,30,True
9649,2024-08-15,Holy See (Vatican City State),Referral,Mid Market,49,True
9650,2024-05-21,Venezuela,Social Media,SMB,27,True
9651,2024-11-15,American Samoa,Partner,Mid Market,53,False
9652,2024-08-29,Montserrat,Organic Search,Mid Market,26,True
9653,2024-08-01,Greece,Organic Search,Mid Market,51,True
9654,2024-10-19,Greenland,Paid Ads,Mid Market,29,True
9655,2024-01-27,Honduras,Social Media,SMB,65,True
9656,2024-02-25,Indonesia,Social Media,SMB,37,True
9657,2024-02-08,Isle of Man,Partner,Mid Market,30,True
9658,2024-03-31,Argentina,Organic Search,Enterprise,41,False
9659,2024-05-29,Puerto Rico,Organic Search,SMB,71,True
9660,2024-02-04,Pitcairn Islands,Social Media,SMB,97,True
9661,2024-06-21,Svalbard & Jan Mayen Islands,Social Media,SMB,30,False
9662,2024-09-27,Mexico,Partner,SMB,44,True
9663,2024-04-21,Belize,Referral,SMB,66,False
9664,2024-01-07,Cape Verde,Referral,SMB,96,True
9665,2024-02-04,Grenada,Partner,Enterprise,60,True
9666,2024-10-09,Hong Kong,Organic Search,SMB,98,True
9667,2024-02-20,United Kingdom,Partner,Mid Market,90,True
9668,2024-03-28,Madagascar,Paid Ads,SMB,62,True
9669,2024-03-31,Timor-Leste,Partner,SMB,41,False
9670,2024-02-13,Djibouti,Paid Ads,Mid Market,33,False
9671,2024-11-29,Libyan Arab Jamahiriya,Partner,SMB,94,True
9672,2024-11-07,Somalia,Partner,SMB,57,True
9673,2024-02-26,Estonia,Partner,SMB,30,True
9674,2024-04-20,Cocos (Keeling) Islands,Paid Ads,Enterprise,70,True
9675,2024-10-22,Malta,Paid Ads,SMB,35,True
9676,2024-05-25,Mauritania,Referral,SMB,39,False
9677,2024-01-03,Ireland,Organic Search,Mid Market,23,False
9678,2024-02-25,Angola,Social Media,SMB,25,False
9679,2024-03-18,American Samoa,Organic Search,Mid Market,84,True
9680,2024-11-27,Chad,Partner,Mid Market,75,True
9681,2024-11-12,United Kingdom,Paid Ads,SMB,86,True
9682,2024-07-19,Turkmenistan,Social Media,SMB,58,True
9683,2024-10-05,Venezuela,Organic Search,Mid Market,38,True
9684,2024-08-25,Madagascar,Referral,Enterprise,96,True
9685,2024-03-04,Sweden,Referral,Mid Market,78,True
9686,2024-12-08,Papua New Guinea,Partner,Enterprise,33,False
9687,2024-08-01,Guinea,Partner,Enterprise,93,True
9688,2024-03-04,Bahamas,Partner,SMB,39,True
9689,2024-02-28,Iran,Paid Ads,Mid Market,32,True
9690,2024-02-20,Cyprus,Referral,SMB,60,False
9691,2024-03-11,Congo,Referral,SMB,71,False
9692,2024-09-30,Central African Republic,Referral,Mid Market,50,False
9693,2024-05-28,Honduras,Referral,SMB,21,False
9694,2024-03-05,Ukraine,Referral,Mid Market,52,True
9695,2024-07-21,Nicaragua,Referral,Enterprise,81,True
9696,2024-02-11,Comoros,Referral,Enterprise,40,False
9697,2024-01-06,Dominican Republic,Referral,SMB,52,True
9698,2024-03-22,Norway,Referral,SMB,76,True
9699,2024-01-21,Mauritius,Social Media,SMB,23,True
9700,2024-06-08,Eritrea,Referral,Mid Market,45,True
9701,2024-11-29,Spain,Paid Ads,Mid Market,83,True
9702,2024-11-23,Tuvalu,Social Media,Mid Market,80,True
9703,2024-06-03,Bermuda,Organic Search,Enterprise,83,True
9704,2024-09-06,Burundi,Referral,SMB,77,True
9705,2024-11-28,Tuvalu,Partner,SMB,57,True
9706,2024-12-18,Russian Federation,Organic Search,SMB,47,True
9707,2024-12-23,Malaysia,Organic Search,Mid Market,67,False
9708,2024-02-07,Gibraltar,Organic Search,Mid Market,96,True
9709,2024-12-31,Korea,Social Media,Enterprise,38,False
9710,2024-05-25,Lithuania,Social Media,Mid Market,37,False
9711,2024-06-25,Croatia,Partner,SMB,64,True
9712,2024-05-28,Saudi Arabia,Organic Search,SMB,88,True
9713,2024-10-30,Aruba,Referral,SMB,82,True
9714,2024-08-10,Belgium,Referral,SMB,60,True
9715,2024-12-24,Yemen,Referral,SMB,33,True
9716,2024-10-09,Mali,Referral,Mid Market,85,False
9717,2024-10-22,Uruguay,Referral,Enterprise,44,True
9718,2024-12-09,Syrian Arab Republic,Referral,Mid Market,78,True
9719,2024-10-08,Burkina Faso,Social Media,SMB,81,True
9720,2024-01-21,Guinea,Partner,SMB,49,True
9721,2024-06-29,Italy,Social Media,Mid Market,49,True
9722,2024-02-10,Vietnam,Paid Ads,Mid Market,67,True
9723,2024-10-23,Dominica,Referral,SMB,30,False
9724,2024-08-06,Marshall Islands,Paid Ads,SMB,30,True
9725,2024-11-29,Rwanda,Referral,SMB,59,True
9726,2024-12-28,Samoa,Social Media,Mid Market,64,True
9727,2024-01-04,Angola,Social Media,Enterprise,20,True
9728,2024-09-10,Mali,Social Media,SMB,91,True
9729,2024-10-09,Bahrain,Partner,SMB,93,True
9730,2024-11-08,Hungary,Paid Ads,Mid Market,71,True
9731,2024-04-11,Mozambique,Partner,SMB,84,True
9732,2024-08-01,Bangladesh,Social Media,SMB,29,False
9733,2024-05-01,Libyan Arab Jamahiriya,Paid Ads,Enterprise,61,False
9734,2024-10-23,Mali,Partner,SMB,52,True
9735,2024-10-09,Sierra Leone,Partner,Mid Market,55,False
9736,2024-03-28,Cape Verde,Referral,Enterprise,94,True
9737,2024-06-19,Palestinian Territory,Partner,SMB,44,True
9738,2024-12-28,Norway,Organic Search,Mid Market,98,True
9739,2024-02-04,Tuvalu,Partner,SMB,94,False
9740,2024-07-30,Saint Kitts and Nevis,Referral,Mid Market,65,True
9741,2024-02-26,Bosnia and Herzegovina,Organic Search,SMB,72,True
9742,2024-09-11,Nigeria,Partner,SMB,49,True
9743,2024-08-07,Tonga,Referral,SMB,65,True
9744,2024-11-05,Namibia,Organic Search,Enterprise,62,True
9745,2024-01-16,Saint Helena,Partner,SMB,50,True
9746,2024-09-11,Turkmenistan,Referral,SMB,53,True
9747,2024-03-09,Aruba,Social Media,Mid Market,82,True
9748,2024-09-14,Tonga,Social Media,Mid Market,25,True
9749,2024-12-29,Israel,Referral,Mid Market,42,False
9750,2024-04-20,Micronesia,Paid Ads,SMB,86,True
9751,2024-02-11,Zambia,Social Media,SMB,87,True
9752,2024-11-14,North Macedonia,Paid Ads,Mid Market,65,True
9753,2024-06-06,Aruba,Social Media,Mid Market,60,True
9754,2024-03-12,Belize,Organic Search,SMB,40,True
9755,2024-08-13,Mexico,Partner,Enterprise,74,True
9756,2024-05-05,Liechtenstein,Social Media,Mid Market,47,True
9757,2024-02-06,Colombia,Organic Search,SMB,46,True
9758,2024-05-02,Mauritius,Organic Search,Mid Market,88,True
9759,2024-09-14,South Georgia and the South Sandwich Islands,Social Media,SMB,50,True
9760,2024-01-28,Algeria,Social Media,Mid Market,62,False
9761,2024-10-24,Somalia,Partner,Mid Market,23,False
9762,2024-01-14,Tunisia,Referral,Mid Market,88,True
9763,2024-02-18,Lebanon,Paid Ads,Mid Market,51,False
9764,2024-12-26,Cocos (Keeling) Islands,Social Media,SMB,67,True
9765,2024-02-17,Ukraine,Organic Search,Enterprise,36,False
9766,2024-02-04,Fiji,Paid Ads,SMB,29,True
9767,2024-12-27,Somalia,Partner,SMB,31,False
9768,2024-08-17,Malta,Organic Search,SMB,53,False
9769,2024-08-04,Falkland Islands (Malvinas),Organic Search,SMB,90,True
9770,2024-08-28,Heard Island and McDonald Islands,Paid Ads,SMB,100,True
9771,2024-04-08,Liechtenstein,Referral,Mid Market,56,True
9772,2024-10-17,Cuba,Paid Ads,SMB,21,False
9773,2024-04-17,Ukraine,Referral,Enterprise,55,True
9774,2024-04-06,Tajikistan,Partner,Mid Market,52,True
9775,2024-04-19,Vietnam,Referral,SMB,36,True
9776,2024-02-23,Saudi Arabia,Organic Search,SMB,28,False
9777,2024-01-24,Cape Verde,Organic Search,SMB,70,True
9778,2024-01-01,Thailand,Organic Search,SMB,57,True
9779,2024-02-26,Burkina Faso,Referral,SMB,63,True
9780,2024-07-06,Saint Kitts and Nevis,Partner,Enterprise,78,True
9781,2024-10-19,Latvia,Partner,SMB,80,True
9782,2024-03-16,Belgium,Referral,Mid Market,96,True
9783,2024-07-01,Benin,Social Media,Mid Market,79,True
9784,2024-03-07,Saint Lucia,Organic Search,SMB,29,False
9785,2024-12-29,French Guiana,Paid Ads,Mid Market,96,True
9786,2024-10-13,Burundi,Paid Ads,SMB,90,True
9787,2024-08-20,Suriname,Social Media,SMB,76,True
9788,2024-07-08,Belarus,Organic Search,SMB,81,True
9789,2024-08-25,Kyrgyz Republic,Organic Search,SMB,47,True
9790,2024-11-06,Syrian Arab Republic,Paid Ads,SMB,93,True
9791,2024-04-24,Thailand,Paid Ads,SMB,40,True
9792,2024-01-22,Norway,Partner,SMB,48,True
9793,2024-01-20,Guadeloupe,Partner,SMB,95,True
9794,2024-05-09,Bulgaria,Partner,SMB,84,True
9795,2024-07-28,Andorra,Paid Ads,Mid Market,30,False
9796,2024-11-26,Gambia,Social Media,Mid Market,48,True
9797,2024-05-23,Brazil,Organic Search,SMB,23,False
9798,2024-09-12,Zambia,Paid Ads,Mid Market,59,True
9799,2024-12-12,Israel,Organic Search,SMB,33,True
9800,2024-06-27,Tonga,Social Media,Mid Market,85,False
9801,2024-06-18,Gibraltar,Paid Ads,SMB,92,True
9802,2024-02-24,Paraguay,Paid Ads,Mid Market,50,False
9803,2024-12-04,United Kingdom,Social Media,Mid Market,24,False
9804,2024-07-04,Burundi,Partner,Mid Market,96,True
9805,2024-04-07,Puerto Rico,Referral,SMB,77,True
9806,2024-02-11,Puerto Rico,Paid Ads,SMB,23,False
9807,2024-07-29,Antigua and Barbuda,Referral,SMB,73,False
9808,2024-08-21,Grenada,Organic Search,SMB,26,False
9809,2024-08-27,Isle of Man,Organic Search,Mid Market,45,True
9810,2024-08-22,Iran,Paid Ads,Mid Market,43,True
9811,2024-01-29,South Africa,Partner,SMB,64,False
9812,2024-06-21,Isle of Man,Referral,Mid Market,54,True
9813,2024-05-24,Algeria,Organic Search,SMB,86,True
9814,2024-12-28,Bosnia and Herzegovina,Paid Ads,Mid Market,78,True
9815,2024-08-27,Marshall Islands,Paid Ads,Mid Market,88,True
9816,2024-10-27,Gambia,Referral,Mid Market,37,True
9817,2024-02-24,Bolivia,Organic Search,Mid Market,78,True
9818,2024-03-12,Greece,Organic Search,Enterprise,22,False
9819,2024-11-12,Serbia,Partner,SMB,28,True
9820,2024-03-04,Denmark,Referral,SMB,33,False
9821,2024-12-18,Solomon Islands,Social Media,SMB,82,True
9822,2024-10-02,Zambia,Organic Search,Mid Market,55,True
9823,2024-02-18,French Polynesia,Organic Search,Enterprise,59,False
9824,2024-10-09,Belize,Social Media,SMB,30,True
9825,2024-09-24,Nauru,Social Media,SMB,54,True
9826,2024-03-17,Algeria,Social Media,SMB,57,True
9827,2024-06-02,Bhutan,Social Media,SMB,53,True
9828,2024-10-15,France,Paid Ads,SMB,30,False
9829,2024-02-28,Svalbard & Jan Mayen Islands,Organic Search,Enterprise,84,True
9830,2024-08-25,Reunion,Social Media,Mid Market,49,True
9831,2024-05-04,Tonga,Referral,SMB,26,True
9832,2024-12-20,United Kingdom,Partner,Mid Market,48,True
9833,2024-01-15,Paraguay,Social Media,SMB,59,False
9834,2024-07-11,Uganda,Social Media,Mid Market,92,True
9835,2024-11-10,Saint Martin,Social Media,Mid Market,52,True
9836,2024-11-03,Afghanistan,Organic Search,Mid Market,27,True
9837,2024-05-13,Falkland Islands (Malvinas),Referral,SMB,32,True
9838,2024-08-25,Moldova,Social Media,Mid Market,84,False
9839,2024-10-29,Peru,Paid Ads,SMB,71,True
9840,2024-10-20,Timor-Leste,Referral,SMB,22,False
9841,2024-05-24,Namibia,Paid Ads,SMB,44,True
9842,2024-01-31,Guinea-Bissau,Organic Search,SMB,56,True
9843,2024-05-05,Cyprus,Referral,SMB,53,True
9844,2024-07-01,Belize,Social Media,Mid Market,32,False
9845,2024-09-18,Sierra Leone,Organic Search,SMB,67,True
9846,2024-10-31,Bermuda,Organic Search,Mid Market,80,True
9847,2024-01-30,Yemen,Organic Search,SMB,50,False
9848,2024-08-23,Colombia,Partner,SMB,39,True
9849,2024-06-30,Saint Vincent and the Grenadines,Social Media,Mid Market,80,True
9850,2024-05-31,Jordan,Organic Search,Enterprise,62,True
9851,2024-04-17,Puerto Rico,Social Media,SMB,31,False
9852,2024-11-28,Iceland,Referral,SMB,29,False
9853,2024-06-21,United States Minor Outlying Islands,Partner,SMB,28,False
9854,2024-02-28,Serbia,Paid Ads,Mid Market,23,True
9855,2024-11-23,French Southern Territories,Referral,SMB,21,True
9856,2024-09-07,Solomon Islands,Organic Search,SMB,71,False
9857,2024-11-28,Guernsey,Paid Ads,SMB,24,False
9858,2024-07-03,Trinidad and Tobago,Referral,SMB,59,True
9859,2024-05-15,Tajikistan,Referral,Mid Market,74,True
9860,2024-08-12,Liberia,Referral,Mid Market,66,True
9861,2024-04-12,Jersey,Paid Ads,SMB,37,False
9862,2024-06-10,Swaziland,Social Media,SMB,72,True
9863,2024-02-25,Nicaragua,Partner,Mid Market,99,True
9864,2024-10-19,Portugal,Paid Ads,SMB,38,True
9865,2024-07-30,Antarctica (the territory South of 60 deg S),Organic Search,SMB,62,True
9866,2024-06-10,Bermuda,Referral,SMB,60,True
9867,2024-10-01,Belgium,Referral,SMB,36,True
9868,2024-11-24,Colombia,Paid Ads,SMB,88,False
9869,2024-02-24,Venezuela,Partner,Mid Market,94,True
9870,2024-12-02,Romania,Partner,Enterprise,43,True
9871,2024-04-08,Rwanda,Referral,SMB,91,True
9872,2024-07-08,Afghanistan,Paid Ads,SMB,64,False
9873,2024-09-18,Cape Verde,Organic Search,Mid Market,100,True
9874,2024-06-19,Eritrea,Referral,SMB,23,True
9875,2024-06-21,Seychelles,Organic Search,Enterprise,83,True
9876,2024-06-10,Taiwan,Organic Search,Mid Market,85,True
9877,2024-02-15,Bouvet Island (Bouvetoya),Paid Ads,Mid Market,100,True
9878,2024-08-18,Serbia,Referral,SMB,57,True
9879,2024-03-08,Estonia,Partner,SMB,80,True
9880,2024-09-09,Kyrgyz Republic,Social Media,SMB,56,True
9881,2024-05-20,Thailand,Paid Ads,SMB,95,True
9882,2024-05-05,Congo,Organic Search,SMB,56,True
9883,2024-01-28,Reunion,Organic Search,SMB,69,True
9884,2024-10-17,Mongolia,Paid Ads,Mid Market,37,True
9885,2024-07-18,Korea,Partner,SMB,36,True
9886,2024-12-09,Netherlands Antilles,Social Media,SMB,66,True
9887,2024-04-16,Liberia,Social Media,SMB,49,False
9888,2024-10-14,Oman,Partner,Enterprise,57,True
9889,2024-11-30,Turkey,Social Media,SMB,32,False
9890,2024-03-12,Saint Martin,Organic Search,SMB,52,False
9891,2024-01-13,Egypt,Social Media,SMB,66,True
9892,2024-05-09,Kazakhstan,Partner,Mid Market,97,True
9893,2024-08-10,Turkmenistan,Organic Search,SMB,75,True
9894,2024-01-31,Sao Tome and Principe,Paid Ads,Mid Market,98,True
9895,2024-04-23,Cape Verde,Referral,Mid Market,52,True
9896,2024-08-27,Svalbard & Jan Mayen Islands,Organic Search,SMB,38,False
9897,2024-07-22,Nicaragua,Referral,SMB,33,True
9898,2024-12-27,Sri Lanka,Social Media,SMB,35,False
9899,2024-12-17,United States Minor Outlying Islands,Social Media,Mid Market,47,True
9900,2024-03-08,Colombia,Partner,SMB,49,True
9901,2024-12-14,Falkland Islands (Malvinas),Paid Ads,SMB,96,True
9902,2024-09-17,Djibouti,Paid Ads,SMB,54,True
9903,2024-03-20,British Virgin Islands,Social Media,SMB,65,True
9904,2024-03-20,Kyrgyz Republic,Referral,SMB,83,True
9905,2024-10-29,Brazil,Partner,SMB,53,False
9906,2024-06-21,Sweden,Partner,Mid Market,65,True
9907,2024-12-30,Cayman Islands,Paid Ads,SMB,78,True
9908,2024-09-16,Montenegro,Organic Search,SMB,44,False
9909,2024-02-25,Georgia,Social Media,Mid Market,56,True
9910,2024-12-14,Tajikistan,Referral,SMB,33,True
9911,2024-09-27,Netherlands Antilles,Referral,SMB,38,True
9912,2024-12-15,Macao,Partner,Enterprise,40,True
9913,2024-04-19,Burkina Faso,Paid Ads,Enterprise,70,True
9914,2024-12-06,Cameroon,Referral,SMB,33,False
9915,2024-08-24,Azerbaijan,Social Media,Enterprise,54,True
9916,2024-12-29,Serbia,Organic Search,Mid Market,55,True
9917,2024-01-21,Wallis and Futuna,Partner,Mid Market,69,True
9918,2024-06-21,Ghana,Partner,SMB,40,True
9919,2024-10-09,China,Social Media,SMB,30,True
9920,2024-03-03,Switzerland,Organic Search,SMB,37,True
9921,2024-12-28,Azerbaijan,Referral,SMB,97,True
9922,2024-03-23,Uganda,Organic Search,SMB,57,True
9923,2024-12-13,China,Partner,SMB,41,True
9924,2024-09-26,Namibia,Referral,SMB,73,True
9925,2024-09-08,Guyana,Social Media,Mid Market,43,True
9926,2024-04-15,Mauritania,Paid Ads,SMB,53,True
9927,2024-04-21,United Arab Emirates,Referral,Mid Market,78,False
9928,2024-04-09,Saint Helena,Referral,Mid Market,86,True
9929,2024-04-20,Netherlands Antilles,Paid Ads,SMB,94,True
9930,2024-04-05,Tokelau,Organic Search,Mid Market,64,True
9931,2024-03-02,Heard Island and McDonald Islands,Organic Search,SMB,68,False
9932,2024-01-01,Burkina Faso,Social Media,SMB,41,True
9933,2024-02-04,South Georgia and the South Sandwich Islands,Partner,SMB,100,True
9934,2024-11-16,French Guiana,Partner,Enterprise,86,True
9935,2024-07-16,Angola,Paid Ads,Mid Market,68,True
9936,2024-06-24,Kenya,Referral,Mid Market,28,False
9937,2024-07-03,Sweden,Partner,SMB,34,True
9938,2024-01-14,Jordan,Partner,SMB,91,True
9939,2024-10-17,Syrian Arab Republic,Paid Ads,SMB,91,True
9940,2024-08-20,Antigua and Barbuda,Referral,SMB,92,True
9941,2024-07-04,Malawi,Organic Search,SMB,46,True
9942,2024-04-29,Rwanda,Social Media,SMB,49,True
9943,2024-02-23,Martinique,Referral,Mid Market,44,False
9944,2024-05-20,Cote d'Ivoire,Organic Search,Mid Market,86,True
9945,2024-06-23,British Virgin Islands,Organic Search,Mid Market,40,False
9946,2024-12-16,Haiti,Social Media,Mid Market,67,True
9947,2024-11-06,Cayman Islands,Organic Search,SMB,72,True
9948,2024-10-05,Nigeria,Organic Search,SMB,27,False
9949,2024-08-29,Saint Martin,Referral,SMB,91,True
9950,2024-12-01,Congo,Social Media,SMB,40,True
9951,2024-03-03,Peru,Paid Ads,SMB,55,True
9952,2024-06-26,Saint Helena,Referral,SMB,61,True
9953,2024-10-18,Panama,Social Media,Mid Market,36,True
9954,2024-04-30,Chile,Referral,SMB,61,True
9955,2024-11-13,Malaysia,Paid Ads,SMB,79,True
9956,2024-06-28,Oman,Organic Search,SMB,77,True
9957,2024-11-13,Sudan,Organic Search,SMB,45,True
9958,2024-01-08,Iceland,Paid Ads,SMB,27,True
9959,2024-08-10,Mauritius,Organic Search,Mid Market,56,False
9960,2024-02-04,Moldova,Social Media,SMB,41,True
9961,2024-05-23,Moldova,Organic Search,Enterprise,23,True
9962,2024-01-25,Denmark,Social Media,SMB,89,True
9963,2024-08-04,Guinea-Bissau,Social Media,Mid Market,86,True
9964,2024-12-24,Bosnia and Herzegovina,Social Media,SMB,89,True
9965,2024-06-22,Nepal,Organic Search,SMB,93,True
9966,2024-02-19,Spain,Partner,SMB,57,True
9967,2024-11-12,Dominica,Social Media,SMB,51,True
9968,2024-07-19,Saint Barthelemy,Social Media,Mid Market,70,True
9969,2024-03-06,Russian Federation,Social Media,SMB,74,True
9970,2024-06-22,United States Minor Outlying Islands,Organic Search,SMB,35,False
9971,2024-05-27,Ecuador,Referral,SMB,48,True
9972,2024-11-29,Senegal,Paid Ads,SMB,61,True
9973,2024-01-24,Lao People's Democratic Republic,Partner,Enterprise,38,True
9974,2024-02-24,Latvia,Social Media,Mid Market,53,False
9975,2024-12-05,Nauru,Referral,Enterprise,97,True
9976,2024-04-13,Rwanda,Paid Ads,Enterprise,33,True
9977,2024-08-05,United States Virgin Islands,Social Media,SMB,24,False
9978,2024-08-14,Cape Verde,Paid Ads,Mid Market,91,True
9979,2024-12-10,Yemen,Social Media,SMB,66,True
9980,2024-09-29,Botswana,Partner,SMB,99,True
9981,2024-02-08,Timor-Leste,Organic Search,SMB,75,True
9982,2024-08-22,Kuwait,Referral,Enterprise,57,True
9983,2024-02-16,Mozambique,Paid Ads,SMB,50,False
9984,2024-11-30,Czech Republic,Paid Ads,SMB,98,False
9985,2024-06-11,Mexico,Referral,SMB,26,False
9986,2024-02-07,Namibia,Referral,SMB,47,True
9987,2024-02-26,Norfolk Island,Social Media,Mid Market,65,True
9988,2024-12-12,Nigeria,Paid Ads,SMB,38,True
9989,2024-05-12,Cocos (Keeling) Islands,Referral,Enterprise,76,False
9990,2024-10-06,Kuwait,Organic Search,SMB,20,False
9991,2024-05-29,Montserrat,Organic Search,SMB,95,True
9992,2024-04-12,Isle of Man,Social Media,SMB,85,True
9993,2024-08-16,Dominican Republic,Partner,SMB,94,True
9994,2024-04-01,Oman,Social Media,Mid Market,95,False
9995,2024-03-12,Brazil,Organic Search,Mid Market,48,True
9996,2024-12-08,Nauru,Referral,SMB,46,False
9997,2024-06-24,Zambia,Social Media,SMB,66,True
9998,2024-07-18,Croatia,Social Media,Enterprise,29,True
9999,2024-03-20,Mayotte,Referral,SMB,90,True
10000,2024-06-23,Montserrat,Social Media,Mid Market,93,True
